Symbol	Tickers	ID	ArrivalTime	Headline	Author	Float	FinBERTCompletedAt	positive	negative	neutral	sentiment_score	label	Trigger
FCHL	"[""FCHL""]"	nGNXjVXd7	2026-05-08 00:01:00	Wolf Haldenstein Adler Freeman & Herz LLP announces that it has filed a class action lawsuit against Fitness Champs Holdings Ltd (NASDAQ: FCHL)	Globe Newswire	0.35	2026-05-08 00:01:00	0.2076	0.4012	0.3912	-0.1936	negative	NO:sentiment_score
FFAI	"[""FFAI""]"	nBw2Sj2bya	2026-05-08 00:10:00	Faraday Future Announces Strategic Partnership Between FF AI-Robotics and Boston International Business School to Launch the BIBS–FF AI Robotics Institute, the First Industry-Driven Physical AI and Robotics Institute in the United States	Business Wire	230.83	2026-05-08 00:10:00	0.6178	0.013	0.3692	0.6048	positive	YES
TGS	"[""TGS""]"	nGNE2hsqhp	2026-05-08 01:00:00	REG-TGS - Ex dividend of NOK 1.44 per share today	Globe Newswire	69.23	2026-05-08 01:00:00	0.1086	0.0471	0.8443	0.0615	positive	YES
HIVE	"[""HIVE""]"	nNFC5MpNX2	2026-05-08 01:00:23	HIVE's BUZZ Starts Building A Digital Superhighway for Eastern Canada's First Sovereign AI Factory	Newsfile Corp	252.16	2026-05-08 01:00:23	0.2815	0.0219	0.6966	0.2597	positive	YES
IHG	"[""IHG""]"	nACSJnCYka	2026-05-08 02:00:01	InterContinental Hotels Group PLC Announces Transaction in Own Shares - May 08	ACCESSWIRE	149.25	2026-05-08 02:00:01	0.0662	0.0257	0.9081	0.0405	neutral	NO:sentiment_score
SFL	"[""SFL""]"	nWkr5cCZy2	2026-05-08 02:00:09	Safello publishes interim report for the first quarter 2026 - Crypto market decline yields negative results	Cision	106.87	2026-05-08 02:00:09	0.0354	0.8523	0.1123	-0.8169	negative	NO:sentiment_score
BRAI	"[""BRAI""]"	nPRr89464a	2026-05-08 02:00:18	REG-BlackRock American Income Trust Plc: Total Voting Rights	PR Newswire	17.7	2026-05-08 02:00:18	0.0747	0.0127	0.9126	0.062	positive	YES
FFAI	"[""FFAI""]"	nBw4X1r7Ya	2026-05-08 02:54:00	Faraday Future Teases New Milestone with Announcement Coming on May 10th	Business Wire	230.83	2026-05-08 02:54:00	0.2402	0.0428	0.717	0.1974	positive	YES
NOAH	"[""NOAH""]"	nPNA6T7KYa	2026-05-08 03:10:59	Noah Holdings' Olive Asset Management Inaugurates N+ Club in Tokyo	PR Newswire	65.7	2026-05-08 03:10:59	0.1754	0.0267	0.798	0.1487	positive	YES
ADMA	"[""ADMA""]"	nPn6tMwg5a	2026-05-08 03:18:00	Rosen Law Firm Encourages ADMA Biologics, Inc. Investors to Inquire About Securities Class Action Investigation - ADMA	PR Newswire	224.61	2026-05-08 03:18:00	0.1268	0.0633	0.8099	0.0635	positive	YES
SMID	"[""SMID""]"	nBw7fYWR4a	2026-05-08 04:16:00	REG-First Trust Global Funds PLC Net Asset Value(s)	Business Wire	4.57	2026-05-08 04:16:00	0.0738	0.0729	0.8534	0.0009	neutral	NO:sentiment_score
WTF	"[""WTF""]"	nACSMgH0pa	2026-05-08 04:30:00	Previewing the Product Logic Behind Waton’s Next AI Trading Platform	ACCESSWIRE	6.26	2026-05-08 04:30:00	0.1284	0.0206	0.8509	0.1078	positive	YES
SHMD	"[""SHMD""]"	nGNX44LXrN	2026-05-08 04:41:25	SCHMID Announces Investor Conference Call and Webcast	Globe Newswire	4.63	2026-05-08 04:41:25	0.0904	0.0422	0.8674	0.0481	neutral	NO:sentiment_score
SHEL	"[""SHEL""]"	nGNE9TrPhR	2026-05-08 04:57:47	REG-Transaction in Own Shares	Globe Newswire	2800.0	2026-05-08 04:57:47	0.0526	0.0227	0.9248	0.0299	neutral	NO:sentiment_score,Float
AIIO	"[""AIIO""]"	nPn33Wfyfa	2026-05-08 05:00:04	Robo.ai Announces Acquisition of Data Processing and Compression Technology Company Neurovia, Building Data Infrastructure for the Machine Economy	PR Newswire	13.53	2026-05-08 05:00:04	0.2165	0.0138	0.7697	0.2026	positive	YES
CAST	"[""CAST""]"	nBw6Wx9qJa	2026-05-08 06:00:00	FreeCast’s RSN Alternative Offers New Monetization Opportunities for Major League, College, and Semi-Pro Sports	Business Wire	16.31	2026-05-08 06:00:00	0.2279	0.01	0.7621	0.2179	positive	YES
PFSA	"[""PFSA""]"	nGNX3x13CR	2026-05-08 06:00:00	Profusa Receives Favorable Nasdaq Listing Determination	Globe Newswire	4.22	2026-05-08 06:00:00	0.9131	0.0185	0.0685	0.8946	positive	YES
DCBO	"[""DCBO""]"	nBw6KpWpha	2026-05-08 06:00:00	Docebo Reports First Quarter 2026 Results	Business Wire	12.73	2026-05-08 06:00:00	0.0394	0.0426	0.9179	-0.0032	neutral	NO:sentiment_score
80QY	"[""YALA"", ""80QY""]"	nPn1mbgLZa	2026-05-08 06:00:00	Yalla Group Limited to Report First Quarter 2026 Financial Results on May 18, 2026 Eastern Time	PR Newswire		2026-05-08 06:00:00	0.0452	0.0245	0.9303	0.0207	neutral	NO:sentiment_score,Float
YALA	"[""YALA"", ""80QY""]"	nPn1mbgLZa	2026-05-08 06:00:00	Yalla Group Limited to Report First Quarter 2026 Financial Results on May 18, 2026 Eastern Time	PR Newswire	47.6394	2026-05-08 06:00:00	0.0452	0.0245	0.9303	0.0207	neutral	NO:sentiment_score
STRW	"[""STRW""]"	nGNX7WxZPB	2026-05-08 06:00:00	Strawberry Fields REIT Announces First Quarter 2026 Operating Results 	Globe Newswire	8.1	2026-05-08 06:00:00	0.2069	0.1326	0.6605	0.0743	positive	YES
CNTY	"[""CNTY""]"	nPredDjcna	2026-05-08 06:00:00	Century Casinos, Inc. Announces First Quarter 2026 Results	PR Newswire	24.1	2026-05-08 06:00:00	0.0826	0.0938	0.8236	-0.0112	neutral	NO:sentiment_score
HIVE	"[""HIVE""]"	nNFC7y2Xfw	2026-05-08 06:00:18	RETRANSMISSION: HIVE's BUZZ Starts Building A Digital Superhighway for Eastern Canada's First Sovereign AI Factory	Newsfile Corp	252.16	2026-05-08 06:00:18	0.3034	0.0232	0.6734	0.2802	positive	YES
EMA	"[""EMA""]"	nBw9P3BWsa	2026-05-08 06:06:00	Emera Reports 2026 First Quarter Financial Results	Business Wire	302.04	2026-05-08 06:06:00	0.1461	0.1095	0.7445	0.0366	neutral	NO:sentiment_score,Float
SMPL	"[""SMPL""]"	nGNX5zt1j0	2026-05-08 06:07:00	$SMPL Investor News: Simply Good Foods Stock Drops 18% Amid Expansion Issues Triggering Securities Fraud Investigation – Contact BFA Law if You Suffered Losses	Globe Newswire	82.06	2026-05-08 06:07:00	0.043	0.8641	0.0929	-0.8211	negative	NO:sentiment_score
ADMA	"[""ADMA""]"	nGNX8HBMFY	2026-05-08 06:07:00	$ADMA Investor News: ADMA Biologics Stock Drops 29% Amid Channel Stuffing Claims Triggering Securities Fraud Investigation – Contact BFA Law if You Suffered Losses	Globe Newswire	224.61	2026-05-08 06:07:00	0.0358	0.9097	0.0545	-0.874	negative	NO:sentiment_score
RMAX	"[""RMAX""]"	nGNX9PHSYb	2026-05-08 06:07:00	$RMAX Investor News: RE/MAX Holdings Announces $13.80 Merger Deal Triggering Investigation into the Board – Contact BFA Law if You Hold Shares	Globe Newswire	15.32	2026-05-08 06:07:00	0.1077	0.076	0.8164	0.0317	neutral	NO:sentiment_score
SRAD	"[""SRAD"", ""1M4""]"	nGNX2yyzc7	2026-05-08 06:07:00	$SRAD Investor News: Sportradar Group Stock Drops 22% Amid Illegal Activities Claims Triggering Securities Fraud Investigation – Contact BFA Law if You Suffered Losses	Globe Newswire	185.52	2026-05-08 06:07:00	0.0371	0.9026	0.0603	-0.8654	negative	NO:sentiment_score
1M4	"[""SRAD"", ""1M4""]"	nGNX2yyzc7	2026-05-08 06:07:00	$SRAD Investor News: Sportradar Group Stock Drops 22% Amid Illegal Activities Claims Triggering Securities Fraud Investigation – Contact BFA Law if You Suffered Losses	Globe Newswire		2026-05-08 06:07:00	0.0371	0.9026	0.0603	-0.8654	negative	NO:sentiment_score,Float
ARTV	"[""ARTV""]"	nGNX2tbZxD	2026-05-08 06:30:00	Artiva Announces Positive Initial Clinical Data with AlloNK® Across Multiple Autoimmune Diseases and FDA Alignment to Initiate Phase 3 Registrational Trial in Rheumatoid Arthritis in 2026	Globe Newswire	12.15	2026-05-08 06:30:00	0.6988	0.0168	0.2845	0.682	positive	YES
WWR	"[""WWR""]"	nBw8BNBjLa	2026-05-08 06:30:00	Westwater Resources Announces First Quarter 2026 Business Update Webcast	Business Wire	120.21	2026-05-08 06:30:00	0.0641	0.0666	0.8693	-0.0025	neutral	NO:sentiment_score
AQN	"[""AQN""]"	nBw3z1YTsa	2026-05-08 06:30:00	Algonquin Power & Utilities Corp. Reports First Quarter 2026 Financial Results	Business Wire	767.71	2026-05-08 06:30:00	0.0716	0.0818	0.8467	-0.0102	neutral	NO:sentiment_score,Float
AIRS	"[""AIRS""]"	nGNX61zK92	2026-05-08 06:30:00	AirSculpt Technologies Reports First Quarter Fiscal 2026 Results	Globe Newswire	0.81	2026-05-08 06:30:00	0.082	0.0702	0.8477	0.0118	neutral	NO:sentiment_score
SAFX	"[""SAFX""]"	nACSNnH17a	2026-05-08 06:30:01	XCF Global Highlights Strategic Role of Renewable Fuels in Strengthening U.S. Energy Security	ACCESSWIRE	32.88	2026-05-08 06:30:01	0.7232	0.0119	0.2649	0.7113	positive	YES
T	"[""T""]"	nPn5xNf2xa	2026-05-08 06:45:00	TELUS reports operational and financial results for first quarter 2026	PR Newswire	6970.0	2026-05-08 06:45:00	0.108	0.074	0.818	0.0341	neutral	NO:sentiment_score,Float
CTM	"[""CTM""]"	nGNX7Ffnjx	2026-05-08 06:45:00	Castellum Announces First Quarter 2026 Financial Results	Globe Newswire	74.05	2026-05-08 06:45:00	0.13	0.1085	0.7615	0.0215	neutral	NO:sentiment_score
URG	"[""URG""]"	nACS53kfka	2026-05-08 06:48:57	Ur-Energy Reports Q1 2026 Results and Announces Conference Call and Webcast	ACCESSWIRE	359.57	2026-05-08 06:48:57	0.0552	0.0284	0.9163	0.0268	neutral	NO:sentiment_score,Float
BRAI	"[""BRAI""]"	nPRr80406a	2026-05-08 06:55:44	REG-BlackRock American Income Trust Plc: Net Asset Value(s)	PR Newswire	17.7	2026-05-08 06:55:44	0.0711	0.0375	0.8914	0.0336	neutral	NO:sentiment_score
NHC	"[""NHC""]"	nBw2LHQHVa	2026-05-08 07:00:00	NHC Reports First Quarter 2026 Earnings	Business Wire	11.56	2026-05-08 07:00:00	0.0355	0.0536	0.9109	-0.0181	neutral	NO:sentiment_score
DIBS	"[""DIBS""]"	nBw4Xcs68a	2026-05-08 07:00:00	1stDibs Reports First Quarter 2026 Financial Results	Business Wire	23.21	2026-05-08 07:00:00	0.1027	0.1103	0.787	-0.0076	neutral	NO:sentiment_score
FA	"[""FA""]"	nGNX4fzT8n	2026-05-08 07:00:00	First Advantage to Participate in Upcoming Investor Conferences	Globe Newswire	80.45	2026-05-08 07:00:00	0.212	0.0123	0.7757	0.1997	positive	YES
BW	"[""BW""]"	nACSqfjcsa	2026-05-08 07:00:00	BW INVESTOR ALERT: Bronstein, Gewirtz and Grossman, LLC Announces that Babcock & Wilcox Enterprises, Inc. Investors Have Opportunity to Lead Class Action Lawsuit!	ACCESSWIRE	130.21	2026-05-08 07:00:00	0.1704	0.2114	0.6182	-0.041	neutral	NO:sentiment_score
HYPD	"[""HYPD""]"	nGNX7pRyxJ	2026-05-08 07:00:00	Hyperion DeFi Announces Closing of Public Offering of Common Stock	Globe Newswire	6.89	2026-05-08 07:00:00	0.1277	0.0791	0.7931	0.0486	neutral	NO:sentiment_score
FCHL	"[""FCHL""]"	nACSS31bwa	2026-05-08 07:00:00	Pomerantz LLP Calls Attention to Class Action Against Fitness Champs Holdings Ltd.  – FCHL	ACCESSWIRE	0.35	2026-05-08 07:00:00	0.1711	0.1889	0.64	-0.0178	neutral	NO:sentiment_score
BOLD	"[""BOLD""]"	nGNX8yh5TX	2026-05-08 07:00:00	Boundless Bio Reports First Quarter 2026 Financial Results and Business Highlights	Globe Newswire	17.16	2026-05-08 07:00:00	0.0956	0.043	0.8614	0.0526	positive	YES
GO	"[""GO""]"	nACSb0Fzfa	2026-05-08 07:00:00	GO Investors Have Opportunity to Lead Grocery Outlet Holding Corp. Class Action Lawsuit – Contact Bronstein, Gewirtz and Grossman, LLC Today!	ACCESSWIRE	90.72	2026-05-08 07:00:00	0.167	0.0301	0.8028	0.1369	positive	YES
ATRA	"[""ATRA""]"	nACSN9B3sa	2026-05-08 07:00:00	ATRA Shareholders Have Opportunity to Lead Atara Biotherapeutics, Inc. Class Action Lawsuit – Contact Bronstein, Gewirtz and Grossman, LLC Today!	ACCESSWIRE	4.86	2026-05-08 07:00:00	0.146	0.0935	0.7605	0.0524	positive	YES
LNSR	"[""LNSR""]"	nGNX3x82Tp	2026-05-08 07:00:00	LENSAR® Reports First Quarter 2026 Results and Provides Business Update	Globe Newswire	9.5	2026-05-08 07:00:00	0.0548	0.028	0.9173	0.0268	neutral	NO:sentiment_score
TWO	"[""TWO""]"	nBw3rpMRWa	2026-05-08 07:00:00	TWO and CrossCountry Mortgage, LLC Announce Amended Merger Agreement Increasing All-Cash Consideration to $12.00 Per Share	Business Wire	103.92	2026-05-08 07:00:00	0.8109	0.0173	0.1718	0.7936	positive	YES
CMCT	"[""CMCT""]"	nBw678L4Xa	2026-05-08 07:00:00	Creative Media & Community Trust Corporation Reports 2026 First Quarter Results	Business Wire	2.64	2026-05-08 07:00:00	0.081	0.1045	0.8145	-0.0235	neutral	NO:sentiment_score
TVRD	"[""TVRD""]"	nGNX4pj6kZ	2026-05-08 07:00:00	Tvardi Therapeutics Announces First Quarter 2026 Results and Provides Business Update	Globe Newswire	6.55	2026-05-08 07:00:00	0.1086	0.0206	0.8708	0.0879	positive	YES
CHOW	"[""CHOW""]"	nACST7XPDa	2026-05-08 07:00:00	CHOW Stockholders Have Opportunity to Lead ChowChow Cloud International Holdings Ltd. Class Action Lawsuit – Contact Bronstein, Gewirtz and Grossman, LLC Today!	ACCESSWIRE	10.64	2026-05-08 07:00:00	0.1561	0.0574	0.7865	0.0987	positive	YES
GEMI	"[""GEMI""]"	nACSxpNk1a	2026-05-08 07:00:00	Class Action Litigation Filed by Pomerantz LLP Concerning Gemini Space Station, Inc.  – GEMI	ACCESSWIRE	38.2	2026-05-08 07:00:01	0.1495	0.1226	0.728	0.0269	neutral	NO:sentiment_score
SAGT	"[""SAGT""]"	nGNX2fTGPv	2026-05-08 07:00:01	Sagtec Global Limited Strengthens Smart Property Development Collaboration Following Stateight Sdn Bhd’s Industry Recognition	Globe Newswire	0.34	2026-05-08 07:00:01	0.8686	0.0104	0.1209	0.8582	positive	YES
GOSS	"[""GOSS""]"	nACS6v1yPa	2026-05-08 07:00:01	GOSS INVESTOR ALERT:  Bronstein, Gewirtz and Grossman, LLC Announces that Gossamer Bio, Inc. Shareholders with Losses Have Opportunity to Lead Class Action Lawsuit!	ACCESSWIRE	204.1	2026-05-08 07:00:01	0.1338	0.2672	0.599	-0.1333	negative	NO:sentiment_score
YOOV	"[""YOOV""]"	nACSK9mhda	2026-05-08 07:00:01	CIGL Shareholders Have Opportunity to Lead Concorde International Group, Ltd. Class Action Lawsuit – Contact Bronstein, Gewirtz and Grossman, LLC Today!	ACCESSWIRE	5.91	2026-05-08 07:00:01	0.1581	0.0715	0.7704	0.0866	positive	YES
ULBI	"[""ULBI""]"	nGNXbWNLwr	2026-05-08 07:00:01	Ultralife Corporation Reports First Quarter Results	Globe Newswire	9.73	2026-05-08 07:00:01	0.0756	0.0501	0.8744	0.0255	neutral	NO:sentiment_score
UHG	"[""UHG""]"	nACSbqJvva	2026-05-08 07:00:01	Pomerantz LLP Issues Reminder to Investors in United Homes Group, Inc.  of Class Action – UHG	ACCESSWIRE	11.21	2026-05-08 07:00:01	0.1971	0.1825	0.6204	0.0146	neutral	NO:sentiment_score
POET	"[""POET""]"	nACSdfkCpa	2026-05-08 07:00:01	 POET INVESTOR ALERT:  Bronstein, Gewirtz and Grossman, LLC Announces that POET Technologies Inc. Stockholders with Substantial Losses Have Opportunity to Lead Class Action Lawsuit!	ACCESSWIRE	90.52	2026-05-08 07:00:01	0.1941	0.2135	0.5924	-0.0194	neutral	NO:sentiment_score
AMCX	"[""AMCX""]"	nGNX5CLrdm	2026-05-08 07:00:01	AMC Global Media Inc. Reports First Quarter 2026 Results	Globe Newswire	30.01	2026-05-08 07:00:01	0.0588	0.0664	0.8748	-0.0077	neutral	NO:sentiment_score
VITL	"[""VITL""]"	nACSF0HTKa	2026-05-08 07:00:02	Pomerantz LLP Issues Important Reminder to Investors in Vital Farms, Inc.  of Class Action Filing – VITL	ACCESSWIRE	36.68	2026-05-08 07:00:02	0.2542	0.065	0.6808	0.1891	positive	YES
ALDX	"[""ALDX""]"	nACSZBwjDa	2026-05-08 07:00:03	ALDX INVESTOR ALERT: Bronstein, Gewirtz and Grossman, LLC Announces that Aldeyra Therapeutics, Inc. Stockholders with Losses Have Opportunity to Lead Class Action Lawsuit!	ACCESSWIRE	55.6	2026-05-08 07:00:03	0.1394	0.3436	0.517	-0.2042	negative	NO:sentiment_score
GPK	"[""GPK""]"	nACST0JLra	2026-05-08 07:00:03	Pomerantz LLP Announces Class Action Lawsuit Filing Against Graphic Packaging Holding Company  – GPK	ACCESSWIRE	291.17	2026-05-08 07:00:03	0.2396	0.253	0.5074	-0.0134	neutral	NO:sentiment_score
FSK	"[""FSK""]"	nACSxxn7Qa	2026-05-08 07:00:04	Pomerantz LLP Advises Shareholders of Class Action Against FS KKR Capital Corp.  – FSK	ACCESSWIRE	279.32	2026-05-08 07:00:04	0.1097	0.1088	0.7815	0.0009	neutral	NO:sentiment_score
NUAI	"[""NUAI""]"	nACSfqwxVa	2026-05-08 07:00:05	NUAI INVESTOR ALERT:  Bronstein, Gewirtz and Grossman, LLC Announces that New Era Energy & Digital, Inc. (f/k/a New Era Helium Inc.) Shareholders Have Opportunity to Lead Class Action Lawsuit!	ACCESSWIRE	73.85	2026-05-08 07:00:05	0.2127	0.161	0.6264	0.0517	positive	YES
DRVN	"[""DRVN""]"	nACSQpKJXa	2026-05-08 07:00:05	Pomerantz LLP Notifies Investors of Class Action Lawsuit Against Driven Brands Holdings Inc. – DRVN	ACCESSWIRE	58.87	2026-05-08 07:00:05	0.0779	0.1104	0.8117	-0.0325	neutral	NO:sentiment_score
BURF	"[""BUR"", ""BURF""]"	nPn6xRnZTa	2026-05-08 07:00:06	Burford Reports 1Q26 Financial Results	PR Newswire		2026-05-08 07:00:06	0.1793	0.1311	0.6896	0.0482	neutral	NO:sentiment_score,Float
BUR	"[""BUR"", ""BURF""]"	nPn6xRnZTa	2026-05-08 07:00:06	Burford Reports 1Q26 Financial Results	PR Newswire	196.42	2026-05-08 07:00:06	0.1793	0.1311	0.6896	0.0482	neutral	NO:sentiment_score
WEN	"[""WEN""]"	nPn5ybLMYa	2026-05-08 07:00:07	THE WENDY'S COMPANY REPORTS FIRST QUARTER 2026 RESULTS	PR Newswire	173.32	2026-05-08 07:00:07	0.056	0.0684	0.8756	-0.0124	neutral	NO:sentiment_score
CWH	"[""CWH""]"	nACSkM3Dxa	2026-05-08 07:00:08	Pomerantz LLP Notifies Shareholders of Lawsuit Filed Against Camping World Holdings, Inc.  – CWH	ACCESSWIRE	58.96	2026-05-08 07:00:08	0.0765	0.2324	0.6911	-0.1559	negative	NO:sentiment_score
SES	"[""SES""]"	nACSxcYJla	2026-05-08 07:00:08	SES STOCKHOLDER ALERT: Bronstein, Gewirtz and Grossman, LLC Announces that SES AI Corporation Investors with Substantial Losses Have Opportunity to Lead Class Action Lawsuit!	ACCESSWIRE	236.25	2026-05-08 07:00:08	0.1177	0.4765	0.4058	-0.3588	negative	NO:sentiment_score
6B6	"[""MNDY"", ""6B6""]"	nACSw7V41a	2026-05-08 07:00:09	Class Action Reminder from Pomerantz LLP for Investors of monday.com Ltd.  – MNDY	ACCESSWIRE		2026-05-08 07:00:09	0.1751	0.077	0.7479	0.0981	positive	NO:Float
MNDY	"[""MNDY"", ""6B6""]"	nACSw7V41a	2026-05-08 07:00:09	Class Action Reminder from Pomerantz LLP for Investors of monday.com Ltd.  – MNDY	ACCESSWIRE	41.34	2026-05-08 07:00:09	0.1751	0.077	0.7479	0.0981	positive	YES
IMM	"[""IMMP"", ""IMM""]"	nACSJYPPva	2026-05-08 07:00:09	Pomerantz LLP Advises Shareholders of Class Action Filing Against Immutep Limited  – IMMP	ACCESSWIRE		2026-05-08 07:00:09	0.1291	0.1859	0.6849	-0.0568	negative	NO:sentiment_score,Float
IMMP	"[""IMMP"", ""IMM""]"	nACSJYPPva	2026-05-08 07:00:09	Pomerantz LLP Advises Shareholders of Class Action Filing Against Immutep Limited  – IMMP	ACCESSWIRE	146.13	2026-05-08 07:00:09	0.1291	0.1859	0.6849	-0.0568	negative	NO:sentiment_score
KPRX	"[""KPRX""]"	nNFC8Qr8q2	2026-05-08 07:00:19	Kiora Pharmaceuticals Reports First Quarter 2026 Financial Results and Provides Corporate Update	Newsfile Corp	3.6	2026-05-08 07:00:19	0.0699	0.0369	0.8932	0.033	neutral	NO:sentiment_score
TMCI	"[""TMCI""]"	nGNX9pVkSH	2026-05-08 07:05:00	Treace Medical Concepts Reports First Quarter 2026 Financial Results	Globe Newswire	49.06	2026-05-08 07:05:00	0.1388	0.1083	0.7528	0.0305	neutral	NO:sentiment_score
IBIO	"[""IBIO""]"	nGNX1w1LPk	2026-05-08 07:15:00	iBio Appoints Distinguished Biotech Leader, Elizabeth Stoner, to its Board of Directors	Globe Newswire	33.47	2026-05-08 07:15:00	0.4572	0.0185	0.5244	0.4387	positive	YES
EXOD	"[""EXOD""]"	nGNXbYj2l	2026-05-08 07:25:00	Exodus Launches XO Cash as the First Stablecoin Built for AI Agents	Globe Newswire	4.06	2026-05-08 07:25:00	0.3325	0.0124	0.6551	0.3201	positive	YES
VTGN	"[""VTGN""]"	nBw7sLn3qa	2026-05-08 07:30:00	Vistagen Announces Completion of Last Patient Visit in PALISADE-4 Phase 3 Public Speaking Challenge Study of Fasedienol for Acute Treatment of Social Anxiety Disorder	Business Wire	33.78	2026-05-08 07:30:00	0.3934	0.0548	0.5518	0.3387	positive	YES
PSTV	"[""PSTV""]"	nGNX8HMHgr	2026-05-08 07:30:00	Plus Therapeutics Announces Oral Presentation Highlighting REYOBIQ™ Clinical and Translational Data Demonstrating Favorable Safety, Survival, and Emerging Immunomodulation in Leptomeningeal Metastases	Globe Newswire	6.82	2026-05-08 07:30:00	0.7965	0.0303	0.1732	0.7662	positive	YES
TRAW	"[""TRAW""]"	nGNX8S8JpX	2026-05-08 07:30:00	Traws Pharma to Advance Potential Clinical Candidates for the Treatment of Hantavirus Infections	Globe Newswire	7.74	2026-05-08 07:30:00	0.3991	0.0124	0.5886	0.3867	positive	YES
VSTM	"[""VSTM""]"	nBw2jCnFga	2026-05-08 07:30:00	On World Ovarian Cancer Day, LGSOC Resource Guide Launches to Support People Living with Low-Grade Serous Ovarian Cancer	Business Wire	75.37	2026-05-08 07:30:00	0.479	0.0162	0.5048	0.4629	positive	YES
SNGX	"[""SNGX""]"	nPnxlhT2a	2026-05-08 07:30:01	Soligenix Announces Recent Updates and First Quarter 2026 Financial Results	PR Newswire	10.29	2026-05-08 07:30:01	0.0874	0.0659	0.8467	0.0215	neutral	NO:sentiment_score
TRIP	"[""TRIP""]"	nNFC8nsVv1	2026-05-08 07:30:20	Red Light Holland Highlights Publication of Randomized Clinical Trial Showing a Single Dose of Psilocybin Reduced Cocaine Use, with Filament Health Holding the Exclusive License to the Data and Intellectual Property	Newsfile Corp	106.0	2026-05-08 07:30:20	0.5454	0.0311	0.4236	0.5143	positive	YES
PONY	"[""PONY""]"	nPn4VCbS5a	2026-05-08 07:47:07	Pony.ai Labor Day Holiday Robotaxi Paid Orders Surge More Than Sixfold	PR Newswire	299.36	2026-05-08 07:47:07	0.7692	0.0989	0.132	0.6703	positive	YES
MASK	"[""MASK""]"	nGNXby2SWy	2026-05-08 07:50:00	3 E Network Launches Proactive Financing Strategy to Accelerate Semiconductor Blueprint, Officially Establishing Chip Business Unit	Globe Newswire	0.82	2026-05-08 07:50:00	0.4952	0.0171	0.4878	0.4781	positive	YES
FTW	"[""FTW""]"	nBw5x88Pja	2026-05-08 08:00:00	Presidio Executes Purchase Agreements for Canyon Creek Acquisition	Business Wire	20.12	2026-05-08 08:00:00	0.2124	0.0111	0.7765	0.2014	positive	YES
BCDA	"[""BCDA""]"	nGNX5mPzm1	2026-05-08 08:00:00	BioCardia and FDA Align on Helix Transendocardial Delivery Catheter Clearance Pathways	Globe Newswire	4.92	2026-05-08 08:00:00	0.3504	0.0357	0.6139	0.3147	positive	YES
MDXG	"[""MDXG""]"	nGNX58pb3S	2026-05-08 08:00:00	MIMEDX Announces Launch of G4Derm® Plus	Globe Newswire	116.04	2026-05-08 08:00:00	0.1538	0.0126	0.8336	0.1413	positive	YES
CCHH	"[""CCHH""]"	nGNE4F3tSh	2026-05-08 08:00:00	CCH Holdings Announces the Redesignation of its Ordinary Share as Class A Ordinary Shares	Globe Newswire	4.14	2026-05-08 08:00:00	0.0977	0.039	0.8633	0.0587	positive	YES
IART	"[""IART""]"	nGNX875H5H	2026-05-08 08:00:00	Integra LifeSciences to Present at the BofA Securities 2026 Health Care Conference	Globe Newswire	66.59	2026-05-08 08:00:00	0.0921	0.0201	0.8878	0.0719	positive	YES
HUMA	"[""HUMA""]"	nGNXc2wjyy	2026-05-08 08:00:00	Humacyte To Announce 2026 First Quarter Financial Results and Provide Business Update on May 13, 2026	Globe Newswire	192.98	2026-05-08 08:00:00	0.0699	0.0241	0.906	0.0458	neutral	NO:sentiment_score
WRAP	"[""WRAP""]"	nGNX2mV5hJ	2026-05-08 08:00:00	WRAP® to Showcase Non-Lethal Response™ Platform at European Law Enforcement Conference in Italy for Public Safety Professionals	Globe Newswire	36.17	2026-05-08 08:00:00	0.3621	0.0112	0.6268	0.3509	positive	YES
ERII	"[""ERII""]"	nBw7zd7rPa	2026-05-08 08:00:00	Energy Recovery to Participate in Upcoming Investor Conference	Business Wire	51.33	2026-05-08 08:00:00	0.1464	0.0264	0.8272	0.1201	positive	YES
OPAL	"[""OPAL""]"	nBwY6gTza	2026-05-08 08:00:00	OPAL Fuels Welcomes Congressman Greg Murphy, M.D. to Sapphire Renewable Natural Gas Facility	Business Wire	16.63	2026-05-08 08:00:00	0.5068	0.0138	0.4794	0.493	positive	YES
FLYX	"[""FLYX""]"	nBw9php5Da	2026-05-08 08:00:00	flyExclusive to Report First Quarter 2026 Results	Business Wire	11.64	2026-05-08 08:00:00	0.0728	0.0493	0.8779	0.0235	neutral	NO:sentiment_score
GIG	"[""GIG""]"	nBw1wlZDqa	2026-05-08 08:00:00	GigCapital7 Corp. Announces Shareholder Approval of Business Combination with Hadron Energy	Business Wire	20.0	2026-05-08 08:00:00	0.1916	0.0284	0.78	0.1631	positive	YES
ENSC	"[""ENSC""]"	nACSllp4Ya	2026-05-08 08:00:00	Ensysce Biosciences CEO Presents at Inaugural Clinical Pain Symposium in Amsterdam	ACCESSWIRE	9.25	2026-05-08 08:00:00	0.1553	0.0548	0.7898	0.1005	positive	YES
LOOP	"[""LOOP""]"	nACSxGNcsa	2026-05-08 08:00:00	Loop Industries to Host Fourth Quarter 2025 Earnings Conference Call	ACCESSWIRE	26.38	2026-05-08 08:00:00	0.1259	0.0369	0.8372	0.0891	positive	YES
APAD	"[""APAD""]"	nPn5Gwtqqa	2026-05-08 08:00:00	ENHANCED GROUP INC. TO BEGIN TRADING ON NYSE	PR Newswire	20.2	2026-05-08 08:00:01	0.0634	0.0187	0.9179	0.0447	neutral	NO:sentiment_score
ALXO	"[""ALXO""]"	nGNXYsGRG	2026-05-08 08:00:00	ALX Oncology Reports First Quarter 2026 Financial Results and Provides Corporate Update	Globe Newswire	106.02	2026-05-08 08:00:01	0.0644	0.04	0.8956	0.0244	neutral	NO:sentiment_score
INTZ	"[""INTZ""]"	nACSx0lY6a	2026-05-08 08:00:01	Intrusion Inc. to Announce First Quarter 2026 Financial Results on Thursday, May 14, 2026	ACCESSWIRE	16.99	2026-05-08 08:00:01	0.0972	0.0722	0.8306	0.025	neutral	NO:sentiment_score
DCH	"[""DCH""]"	nPnc9HwGya	2026-05-08 08:00:01	Dauch Reports First Quarter 2026 Financial Results	PR Newswire	225.33	2026-05-08 08:00:01	0.0928	0.0917	0.8155	0.001	neutral	NO:sentiment_score
AIXC	"[""AIXC""]"	nPn7f14nBa	2026-05-08 08:00:06	AIxCrypto Announces First Quarter 2026 Earnings Release Date and Conference Call Details	PR Newswire	18.98	2026-05-08 08:00:06	0.0466	0.0454	0.908	0.0012	neutral	NO:sentiment_score
PONY	"[""PONY""]"	nPNAwXPXTa	2026-05-08 08:01:03	Pony.ai Labor Day Holiday Robotaxi Paid Orders Surge More Than Sixfold	PR Newswire	299.36	2026-05-08 08:01:03	0.7692	0.0989	0.132	0.6703	positive	YES
VYX	"[""VYX""]"	nBw9GLyna	2026-05-08 08:05:00	NCR Voyix to Present at the 21st Annual Needham Technology, Media, & Consumer Conference	Business Wire	137.68	2026-05-08 08:05:00	0.1672	0.0174	0.8154	0.1498	positive	YES
BFLY	"[""BFLY""]"	nBwc2rPPqa	2026-05-08 08:05:00	Butterfly Network Appoints Caroll H. Neubauer to Board of Directors	Business Wire	193.85	2026-05-08 08:05:00	0.0491	0.0448	0.906	0.0043	neutral	NO:sentiment_score
TG	"[""TG""]"	nBw9xlrsMa	2026-05-08 08:05:00	Tredegar Reports First Quarter 2026 Results	Business Wire	31.4	2026-05-08 08:05:00	0.0652	0.0539	0.8809	0.0113	neutral	NO:sentiment_score
INO	"[""INO""]"	nPn7LGHYWa	2026-05-08 08:05:00	INOVIO to Participate in Upcoming Scientific Conferences	PR Newswire	81.53	2026-05-08 08:05:00	0.2277	0.0135	0.7587	0.2142	positive	YES
SIF	"[""SIF""]"	nBw9njsdLa	2026-05-08 08:12:00	SIFCO Industries, Inc. (“SIFCO”) Announces Second Quarter and First Half of Fiscal 2026 Financial Results	Business Wire	4.68	2026-05-08 08:12:00	0.1428	0.1147	0.7424	0.0281	neutral	NO:sentiment_score
MCRP	"[""MCRP""]"	nGNX2WpsQF	2026-05-08 08:15:00	Micropolis Robotics Emerges as the Leading UAE Technology Success Story at Make it in the Emirates 2026	Globe Newswire	10.32	2026-05-08 08:15:00	0.8077	0.0127	0.1796	0.795	positive	YES
IFRX	"[""IFRX"", ""IF0G""]"	nGNX5h0qDs	2026-05-08 08:15:00	InflaRx Announces Closing of $150 Million Underwritten Offering of Ordinary Shares	Globe Newswire	67.95	2026-05-08 08:15:00	0.1291	0.109	0.7619	0.0201	neutral	NO:sentiment_score
IF0G	"[""IFRX"", ""IF0G""]"	nGNX5h0qDs	2026-05-08 08:15:00	InflaRx Announces Closing of $150 Million Underwritten Offering of Ordinary Shares	Globe Newswire		2026-05-08 08:15:00	0.1291	0.109	0.7619	0.0201	neutral	NO:sentiment_score,Float
MYSE	"[""MYSE""]"	nGNXMf5Q2	2026-05-08 08:20:00	Myseum.AI to Present at 16th Annual LD Micro Invitational Conference; Picture Party Named Official Private Social Media Platform	Globe Newswire	4.03	2026-05-08 08:20:00	0.1265	0.0154	0.8581	0.1111	positive	YES
AEHL	"[""AEHL""]"	nGNX6NL1r	2026-05-08 08:20:00	Antelope Enterprise Holdings Limited Announces $190,000 in Realized Gains from its “Genius Plan” and Authorizes an $95,000 Share Repurchase Program, Validating its Sustainable Capital Recycling Framework	Globe Newswire	2.16	2026-05-08 08:20:00	0.778	0.0137	0.2083	0.7643	positive	YES
DPRO	"[""DPRO""]"	nGNX9z1Mpj	2026-05-08 08:30:00	Draganfly Flex FPV Drone Selected by Two Additional U.S. Department of War Units	Globe Newswire	36.35	2026-05-08 08:30:00	0.3345	0.0167	0.6488	0.3178	positive	YES
PN	"[""PN""]"	nGNXNnqC0	2026-05-08 08:30:00	Skycorp to Hold Extraordinary General Meeting	Globe Newswire	0.3	2026-05-08 08:30:00	0.0683	0.0401	0.8916	0.0282	neutral	NO:sentiment_score
SWAG	"[""SWAG""]"	nGNE8ggw20	2026-05-08 08:30:00	Stran & Company Schedules First Quarter 2026 Financial Results and  Business Update Conference Call	Globe Newswire	8.23	2026-05-08 08:30:00	0.0529	0.0749	0.8722	-0.022	neutral	NO:sentiment_score
ACRS	"[""ACRS""]"	nGNX62zbYy	2026-05-08 08:30:00	Aclaris Therapeutics to Participate in the 2026 Bank of America Healthcare Conference	Globe Newswire	104.53	2026-05-08 08:30:00	0.2165	0.0112	0.7724	0.2053	positive	YES
ABR	"[""ABR""]"	nGNX5WBhsp	2026-05-08 08:30:00	Arbor Realty Trust Reports First Quarter 2026 Results and Declares Dividend of $0.17 per Share	Globe Newswire	174.15	2026-05-08 08:30:00	0.0778	0.0572	0.8651	0.0206	neutral	NO:sentiment_score
UMAC	"[""UMAC""]"	nACSvfC8ka	2026-05-08 08:30:00	Unusual Machines Hosts Live Drone Ecosystem Demonstrations at XPONENTIAL 2026	ACCESSWIRE	34.16	2026-05-08 08:30:00	0.1796	0.0549	0.7655	0.1246	positive	YES
CLBT	"[""CLBT""]"	nPre36lYza	2026-05-08 08:30:01	Cellebrite Announces Participation in Upcoming Investor Conferences	PR Newswire	123.25	2026-05-08 08:30:01	0.1171	0.025	0.8579	0.0921	positive	YES
QNC	"[""QNC""]"	nNFC6rn6kY	2026-05-08 08:31:07	Quantum eMotion Announces The Appointment of Catherine Loubier to its Board of Directors	Newsfile Corp	212.03	2026-05-08 08:31:07	0.0803	0.0521	0.8676	0.0281	neutral	NO:sentiment_score
NAGE	"[""NAGE""]"	nBwkzw8sa	2026-05-08 08:32:00	Niagen Bioscience Announces Participation in Upcoming Investor Conferences	Business Wire	52.94	2026-05-08 08:32:00	0.1472	0.0352	0.8176	0.1119	positive	YES
MLGO	"[""MLGO""]"	nPn5r2Kp0a	2026-05-08 08:40:00	MicroAlgo Inc. Develops Quantum Architecture Search (QAS) Technology to Enhance VQA Robustness and Trainability, Optimizing the Potential of Quantum Computing Devices	PR Newswire	5.81	2026-05-08 08:40:00	0.3618	0.0131	0.6251	0.3487	positive	YES
AIM	"[""AIM""]"	nGNXlx3ks	2026-05-08 08:40:00	AIM ImmunoTech, Inc. Announces Exercise of Warrants for Approx. $4.2 Million in Gross Proceeds	Globe Newswire	7.66	2026-05-08 08:40:00	0.4587	0.0378	0.5035	0.4209	positive	YES
BURU	"[""BURU""]"	nBw552xlza	2026-05-08 08:41:00	NUBURU Accelerates Defense & Security Platform Strategy, Advancing Tekne Golden Power Pathway and Expanding Directed-Energy Laser Roadmap	Business Wire	153.19	2026-05-08 08:41:00	0.7543	0.0079	0.2378	0.7464	positive	YES
GENC	"[""GENC""]"	nGNX6xmyg0	2026-05-08 08:42:02	Gencor Releases Second Quarter Fiscal 2026 Results	Globe Newswire	10.2	2026-05-08 08:42:02	0.0395	0.0468	0.9137	-0.0073	neutral	NO:sentiment_score
MBRX	"[""MBRX""]"	nGNX624VY7	2026-05-08 08:45:00	Moleculin Biotech Secures Strategic Additional Patent, Strengthening Global Positioning of Annamycin	Globe Newswire	5.29	2026-05-08 08:45:00	0.9394	0.0134	0.0472	0.9261	positive	YES
ALLR	"[""ALLR""]"	nGNX1R3N4z	2026-05-08 08:45:00	Allarity Therapeutics CEO to Present at Precision Medicine Forum Europe 2026 in Stockholm	Globe Newswire	14.97	2026-05-08 08:45:00	0.1282	0.0334	0.8384	0.0948	positive	YES
ATOS	"[""ATOS""]"	nPn2xR33Da	2026-05-08 08:45:00	Atossa Therapeutics Reports First Quarter 2026 Financial Results and Provides a Corporate Update	PR Newswire	8.52	2026-05-08 08:45:00	0.0865	0.0343	0.8792	0.0521	positive	YES
EWCZ	"[""EWCZ""]"	nGNX68TZRB	2026-05-08 08:56:16	European Wax Center Announces Completion of Take-Private by General Atlantic	Globe Newswire	27.47	2026-05-08 08:56:16	0.1183	0.0237	0.858	0.0946	positive	YES
GEMI	"[""GEMI""]"	nGNX1q60BK	2026-05-08 09:00:00	GEMI Deadline Alert: The Gross Law Firm Reminds Gemini Space Station, Inc. (GEMI) Investors of Securities Class Action Deadline on May 15, 2026	Globe Newswire	38.2	2026-05-08 09:00:00	0.1425	0.0906	0.7668	0.0519	positive	YES
JAGX	"[""JAGX""]"	nACS5Y2Sfa	2026-05-08 09:00:00	Jaguar Health Regains Compliance with Nasdaq's Publicly Held Shares Requirement and Receives Additional Extension, Until May 18, 2026, to Demonstrate Compliance with Nasdaq's Bid Price Rule	ACCESSWIRE	9.03	2026-05-08 09:00:00	0.7981	0.0183	0.1837	0.7798	positive	YES
EPOW	"[""EPOW""]"	nGNXbtWxXC	2026-05-08 09:00:00	E-Power Awarded Government Grant to Accelerate Innovation about Carbon-Based Anode Material	Globe Newswire	25.58	2026-05-08 09:00:00	0.8531	0.012	0.135	0.8411	positive	YES
III	"[""III""]"	nBwbdTVqfa	2026-05-08 09:00:00	Midsize Providers Bolster Aerospace, Defense Innovation	Business Wire	33.28	2026-05-08 09:00:00	0.4935	0.0168	0.4898	0.4767	positive	YES
IMMP	"[""IMMP"", ""IMM""]"	nGNX3TbgHX	2026-05-08 09:00:00	IMMP Shareholder Alert: Immutep Limited Securities Class Action Lawsuit - Investors Should Contact The Gross Law Firm	Globe Newswire	146.13	2026-05-08 09:00:00	0.1515	0.0688	0.7797	0.0827	positive	YES
IMM	"[""IMMP"", ""IMM""]"	nGNX3TbgHX	2026-05-08 09:00:00	IMMP Shareholder Alert: Immutep Limited Securities Class Action Lawsuit - Investors Should Contact The Gross Law Firm	Globe Newswire		2026-05-08 09:00:00	0.1515	0.0688	0.7797	0.0827	positive	NO:Float
CWK	"[""CWK""]"	nBw2sp9Kqa	2026-05-08 09:00:00	Cushman & Wakefield Report: AI to Add 330 Million Square Feet of CRE Demand Over Next Decade	Business Wire	232.61	2026-05-08 09:00:00	0.7977	0.0092	0.1931	0.7886	positive	YES
TSSI	"[""TSSI""]"	nACSBjTMna	2026-05-08 09:00:00	TSS to Present at the 21st Annual Needham Technology, Media & Consumer Conference	ACCESSWIRE	23.68	2026-05-08 09:00:00	0.1571	0.0188	0.8241	0.1383	positive	YES
UG	"[""UG""]"	nGNX8k5TrH	2026-05-08 09:00:00	United-Guardian Reports First Quarter Results	Globe Newswire	2.96	2026-05-08 09:00:00	0.161	0.0946	0.7444	0.0665	positive	YES
DRVN	"[""DRVN""]"	nGNX24lQbj	2026-05-08 09:00:00	DRVN Shareholder Alert: Investors With Losses May Seek to Lead the Class Action in Driven Brands Holdings Inc. Securities Lawsuit - Contact The Gross Law Firm	Globe Newswire	58.87	2026-05-08 09:00:00	0.0455	0.0903	0.8642	-0.0448	neutral	NO:sentiment_score
YMAT	"[""YMAT""]"	nGNXLcGJz	2026-05-08 09:00:00	J-Star Holding Signs MOU with White Group to Advance Financing for Texas Solid-State Battery Facility	Globe Newswire	2.52	2026-05-08 09:00:01	0.8676	0.012	0.1203	0.8556	positive	YES
CODX	"[""CODX""]"	nPn6RXlNda	2026-05-08 09:00:01	Co-Diagnostics Joint Venture CoMira Finalizes Lease Agreement for Manufacturing Facility in Saudi Arabia's Sudair Industrial City	PR Newswire	3.29	2026-05-08 09:00:01	0.7543	0.0105	0.2352	0.7439	positive	YES
CWH	"[""CWH""]"	nGNX5mfTX8	2026-05-08 09:00:01	CWH Shareholder Alert: Camping World Holdings, Inc. Securities Class Action Lawsuit - Investors With Losses May Contact The Gross Law Firm	Globe Newswire	58.96	2026-05-08 09:00:01	0.0626	0.1718	0.7656	-0.1093	negative	NO:sentiment_score
GO	"[""GO""]"	nGNX8ZW0PY	2026-05-08 09:00:01	GO UPCOMING DEADLINE : The Gross Law Firm Alerts Grocery Outlet Holding Corp. Stockholders of Securities Class Action - Contact the Firm	Globe Newswire	90.72	2026-05-08 09:00:01	0.0486	0.075	0.8764	-0.0263	neutral	NO:sentiment_score
VITL	"[""VITL""]"	nGNX1gnClz	2026-05-08 09:00:01	VITL Shareholder Alert: Vital Farms, Inc. Securities Class Action Lawsuit - Investors Should Contact The Gross Law Firm	Globe Newswire	36.68	2026-05-08 09:00:01	0.1044	0.064	0.8316	0.0405	neutral	NO:sentiment_score
CHOW	"[""CHOW""]"	nGNX5wsQ4w	2026-05-08 09:00:01	Lost Money on ChowChow Cloud International Holdings Limited (CHOW)? Join Class Action Suit Seeking Recovery - Contact The Gross Law Firm	Globe Newswire	10.64	2026-05-08 09:00:01	0.1382	0.1911	0.6707	-0.0529	negative	NO:sentiment_score
SES	"[""SES""]"	nGNX2XDNtM	2026-05-08 09:00:01	SES Shareholder Alert: SES AI Corporation Securities Class Action Lawsuit - Investors Should Contact The Gross Law Firm	Globe Newswire	236.25	2026-05-08 09:00:01	0.1066	0.0568	0.8365	0.0498	neutral	NO:sentiment_score
BW	"[""BW""]"	nGNX2hvxtQ	2026-05-08 09:00:01	The Gross Law Firm Reminds Babcock & Wilcox Enterprises, Inc. Investors of the Pending Class Action Lawsuit With a Lead Plaintiff Deadline of June 15, 2026 - BW	Globe Newswire	130.21	2026-05-08 09:00:01	0.2371	0.1244	0.6385	0.1127	positive	YES
UHG	"[""UHG""]"	nGNX1JJwPk	2026-05-08 09:00:01	The Gross Law Firm Reminds Shareholders of a Lead Plaintiff Deadline of June 9, 2026 in United Homes Group, Inc. Lawsuit - UHG	Globe Newswire	11.21	2026-05-08 09:00:01	0.1083	0.0765	0.8152	0.0318	neutral	NO:sentiment_score
ALDX	"[""ALDX""]"	nGNX8HGcf4	2026-05-08 09:00:01	ALDX DEADLINE: The Gross Law Firm Reminds Aldeyra Therapeutics, Inc. Investors of Upcoming Securities Class Action Deadline	Globe Newswire	55.6	2026-05-08 09:00:01	0.1272	0.3303	0.5424	-0.2031	negative	NO:sentiment_score
EMBC	"[""EMBC""]"	nGNX2B0czr	2026-05-08 09:00:01	embecta to Participate at the 2026 BofA Securities Global Health Care Conference	Globe Newswire	54.38	2026-05-08 09:00:01	0.2405	0.0121	0.7474	0.2284	positive	YES
POET	"[""POET""]"	nGNX7MjHx9	2026-05-08 09:00:02	POET Shareholder Alert: Investors With Losses May Seek to Lead the Class Action in POET Technologies Inc. Securities Lawsuit - Contact The Gross Law Firm	Globe Newswire	90.52	2026-05-08 09:00:02	0.0436	0.0926	0.8638	-0.0489	neutral	NO:sentiment_score
NUAI	"[""NUAI""]"	nGNX4R9ldY	2026-05-08 09:00:02	NUAI Shareholder Alert: Investors With Losses May Seek to Lead the Class Action in New Era Energy & Digital, Inc. Securities Lawsuit - Contact The Gross Law Firm	Globe Newswire	73.85	2026-05-08 09:00:02	0.0908	0.1621	0.7471	-0.0712	negative	NO:sentiment_score
ATRA	"[""ATRA""]"	nGNX48r0tV	2026-05-08 09:00:02	ATRA Shareholder Alert: Investors With Losses May Seek to Lead the Class Action in Atara Biotherapeutics, Inc. Securities Lawsuit - Contact The Gross Law Firm	Globe Newswire	4.86	2026-05-08 09:00:02	0.0998	0.1244	0.7758	-0.0246	neutral	NO:sentiment_score
GOSS	"[""GOSS""]"	nGNX4klkh1	2026-05-08 09:00:02	GOSS UPCOMING DEADLINE : The Gross Law Firm Alerts Gossamer Bio, Inc. Stockholders of Securities Class Action - Contact the Firm	Globe Newswire	204.1	2026-05-08 09:00:02	0.0752	0.0993	0.8255	-0.0241	neutral	NO:sentiment_score
PHG	"[""PHG""]"	nGNE2bbyLl	2026-05-08 09:01:08	Philips shareholders approve all proposals at the AGM 2026	Globe Newswire	951.29	2026-05-08 09:01:08	0.208	0.0162	0.7758	0.1918	positive	NO:Float
IPST	"[""IPST""]"	nGNXnbM1f	2026-05-08 09:02:59	IP Strategy Highlights Poseidon’s Launch of Numo, Expanding Supply of Rights-Cleared AI Training Data on Story	Globe Newswire	0.53	2026-05-08 09:02:59	0.6807	0.0079	0.3113	0.6728	positive	YES
EXOD	"[""EXOD""]"	nGNX4tJk9t	2026-05-08 09:05:57	ADI Foundation and Exodus Bring Institutional-Grade Blockchain to Self-Custody Wallets	Globe Newswire	4.06	2026-05-08 09:05:57	0.1397	0.0211	0.8392	0.1185	positive	YES
NWGL	"[""NWGL""]"	nPn1Q2pD9a	2026-05-08 09:10:00	CL Workshop Group Limited Receives Nasdaq Notice of Bid Price Deficiency	PR Newswire	34.4928	2026-05-08 09:10:00	0.1122	0.0261	0.8616	0.0861	positive	YES
ARE	"[""ARE""]"	nGNX7Vs1lq	2026-05-08 09:11:16	Aecon Announces Board Chair Transition	Globe Newswire	169.41	2026-05-08 09:11:16	0.152	0.095	0.753	0.057	positive	YES
BHR	"[""BHR""]"	nPn9gj8m9a	2026-05-08 09:12:46	Al Shams Investments Releases Open Letter to the Independent Members of the Board of Directors of Braemar Hotels & Resorts	PR Newswire	52.23	2026-05-08 09:12:46	0.1614	0.0336	0.805	0.1278	positive	YES
FEED	"[""FEED""]"	nGNXb6Gz9J	2026-05-08 09:15:00	ENvue Medical Adds to Intellectual Property Portfolio by Securing USPTO Notice of Allowance for Ultrasound-Enhanced Cannabinoid Drug Delivery Technology	Globe Newswire	2.86	2026-05-08 09:15:00	0.6515	0.0084	0.3401	0.6431	positive	YES
FSHP	"[""FSHP""]"	nGNX9xDTqx	2026-05-08 09:18:00	Flag Ship Acquisition Corporation Enters into Letter of Intent with Bluechip & Co. Holdings	Globe Newswire	3.06	2026-05-08 09:18:00	0.3407	0.0222	0.6372	0.3185	positive	YES
SEV	"[""SEV"", ""57L""]"	nGNX8ttwPc	2026-05-08 09:20:00	Sono Group N.V. Completes Exit from Legacy Solar Operations	Globe Newswire	18.0	2026-05-08 09:20:00	0.1134	0.0507	0.8358	0.0627	positive	YES
57L	"[""SEV"", ""57L""]"	nGNX8ttwPc	2026-05-08 09:20:00	Sono Group N.V. Completes Exit from Legacy Solar Operations	Globe Newswire		2026-05-08 09:20:00	0.1134	0.0507	0.8358	0.0627	positive	NO:Float
PRSO	"[""PRSO""]"	nGNE3F2swF	2026-05-08 09:29:02	REG-Prosafe SE: Notice of Annual General Meeting to be held on 29 May 2026	Globe Newswire	12.12	2026-05-08 09:29:02	0.0468	0.0267	0.9266	0.0201	neutral	NO:sentiment_score
NEN	"[""NEN""]"	nPnbdK8xRa	2026-05-08 09:32:59	New England Realty Associates LP Announces Second-Quarter Distribution on Class A Units and Depositary Receipts	PR Newswire	1.74	2026-05-08 09:32:59	0.1339	0.0286	0.8375	0.1053	positive	YES
ADMA	"[""ADMA""]"	nGNXnBYd4	2026-05-08 09:41:24	Lowey Dannenberg, P.C. is Investigating ADMA Biologics (NASDAQ: ADMA) for Potential Violations of the Federal Securities Laws and Encourages Investors with more than $50,000 in Losses to Contact the Firm	Globe Newswire	224.61	2026-05-08 09:41:24	0.1799	0.2054	0.6147	-0.0255	neutral	NO:sentiment_score
FLGT	"[""FLGT""]"	nGNXbKVXVN	2026-05-08 09:43:46	Lowey Dannenberg, P.C. is Investigating Fulgent Genetics Inc. (NASDAQ: FLGT) for Potential Violations of the Federal Securities Laws and Encourages Investors to Contact the Firm	Globe Newswire	19.63	2026-05-08 09:43:46	0.1685	0.2438	0.5877	-0.0753	negative	NO:sentiment_score
GNE	"[""GNE""]"	nGNX2jszBy	2026-05-08 09:48:00	Genie Energy to Report First Quarter 2026 Results 	Globe Newswire	12.32	2026-05-08 09:48:00	0.0553	0.0377	0.907	0.0176	neutral	NO:sentiment_score
GOSS	"[""GOSS""]"	nGNX9n7mmS	2026-05-08 09:59:36	GOSS Investors Have Opportunity to Lead Gossamer Bio, Inc. Securities Fraud Lawsuit with the Schall Law Firm	Globe Newswire	204.1	2026-05-08 09:59:36	0.2181	0.0378	0.7441	0.1804	positive	YES
EPOW	"[""EPOW""]"	nGNX6VRZmw	2026-05-08 10:00:00	E-Power Granted Landmark Patent for Multi-Element Doped Hard Carbon Composites, Accelerating Sodium-Ion Battery Commercialization	Globe Newswire	25.58	2026-05-08 10:00:00	0.6545	0.0111	0.3344	0.6434	positive	YES
ABX	"[""ABX""]"	nBw8Z4wL7a	2026-05-08 10:00:00	"#1 Investment Bank in RIA Space Marks Its Third Anniversary Amid RIA Deal-Flow Acceleration With ""M&A May"""	Business Wire	35.34	2026-05-08 10:00:00	0.7086	0.0225	0.269	0.6861	positive	YES
BRKM3	"[""BAK"", ""BRKM3""]"	nACSkwxPMa	2026-05-08 10:00:01	INVESTOR ALERT: Pomerantz Law Firm Investigates Claims On Behalf of Investors of Braskem S.A. - BAK	ACCESSWIRE		2026-05-08 10:00:01	0.1035	0.1073	0.7892	-0.0038	neutral	NO:sentiment_score,Float
BAK	"[""BAK"", ""BRKM3""]"	nACSkwxPMa	2026-05-08 10:00:01	INVESTOR ALERT: Pomerantz Law Firm Investigates Claims On Behalf of Investors of Braskem S.A. - BAK	ACCESSWIRE	172.53	2026-05-08 10:00:01	0.1035	0.1073	0.7892	-0.0038	neutral	NO:sentiment_score
ERAS	"[""ERAS""]"	nACSS8pxfa	2026-05-08 10:00:01	INVESTOR ALERT: Pomerantz Law Firm Investigates Claims On Behalf of Investors of Erasca, Inc. - ERAS	ACCESSWIRE	186.79	2026-05-08 10:00:01	0.0776	0.0599	0.8625	0.0177	neutral	NO:sentiment_score
PHR	"[""PHR""]"	nACSFN2JVa	2026-05-08 10:00:02	INVESTOR ALERT: Pomerantz Law Firm Investigates Claims On Behalf of Investors of Phreesia, Inc. - PHR	ACCESSWIRE	46.13	2026-05-08 10:00:02	0.1215	0.0652	0.8133	0.0562	positive	YES
REPL	"[""REPL""]"	nACSTdP4na	2026-05-08 10:00:02	INVESTOR ALERT: Pomerantz Law Firm Investigates Claims On Behalf of Investors of Replimune Group, Inc. - REPL	ACCESSWIRE	76.12	2026-05-08 10:00:02	0.1092	0.1126	0.7782	-0.0035	neutral	NO:sentiment_score
1M4	"[""SRAD"", ""1M4""]"	nACSlzvqqa	2026-05-08 10:00:02	INVESTOR ALERT: Pomerantz Law Firm Investigates Claims On Behalf of Investors of Sportradar Group AG - SRAD	ACCESSWIRE		2026-05-08 10:00:02	0.1027	0.0884	0.809	0.0143	neutral	NO:sentiment_score,Float
SRAD	"[""SRAD"", ""1M4""]"	nACSlzvqqa	2026-05-08 10:00:02	INVESTOR ALERT: Pomerantz Law Firm Investigates Claims On Behalf of Investors of Sportradar Group AG - SRAD	ACCESSWIRE	185.52	2026-05-08 10:00:02	0.1027	0.0884	0.809	0.0143	neutral	NO:sentiment_score
NNOX	"[""NNOX""]"	nACSVk5cca	2026-05-08 10:00:02	INVESTOR ALERT: Pomerantz Law Firm Investigates Claims On Behalf of Investors of Nano-X Imaging Ltd. - NNOX	ACCESSWIRE	69.02	2026-05-08 10:00:02	0.121	0.1201	0.7589	0.0009	neutral	NO:sentiment_score
BYRN	"[""BYRN""]"	nACSXPDKka	2026-05-08 10:00:02	INVESTOR ALERT: Pomerantz Law Firm Investigates Claims On Behalf of Investors of Byrna Technologies Inc. - BYRN	ACCESSWIRE	17.76	2026-05-08 10:00:02	0.0992	0.0909	0.8099	0.0083	neutral	NO:sentiment_score
JILL	"[""JILL""]"	nACStsxv7a	2026-05-08 10:00:02	INVESTOR ALERT: Pomerantz Law Firm Investigates Claims On Behalf of Investors of J. Jill, Inc. - JILL	ACCESSWIRE	6.53	2026-05-08 10:00:02	0.0728	0.0517	0.8755	0.0211	neutral	NO:sentiment_score
CMPX	"[""CMPX""]"	nACSQ3B3Wa	2026-05-08 10:00:02	INVESTOR ALERT: Pomerantz Law Firm Investigates Claims On Behalf of Investors of Compass Therapeutics, Inc. - CMPX	ACCESSWIRE	120.66	2026-05-08 10:00:02	0.1526	0.118	0.7294	0.0346	neutral	NO:sentiment_score
PEPG	"[""PEPG""]"	nACSctv23a	2026-05-08 10:00:03	INVESTOR ALERT: Pomerantz Law Firm Investigates Claims On Behalf of Investors of PepGen Inc. - PEPG	ACCESSWIRE	60.93	2026-05-08 10:00:03	0.063	0.0566	0.8804	0.0064	neutral	NO:sentiment_score
ORIC	"[""ORIC""]"	nACSFSjF1a	2026-05-08 10:00:03	INVESTOR ALERT: Pomerantz Law Firm Investigates Claims On Behalf of Investors of ORIC Pharmaceuticals, Inc. - ORIC	ACCESSWIRE	58.22	2026-05-08 10:00:03	0.102	0.0937	0.8042	0.0083	neutral	NO:sentiment_score
M000	"[""EVTL"", ""M000""]"	nACS8SsY1a	2026-05-08 10:00:03	INVESTOR ALERT: Pomerantz Law Firm Investigates Claims On Behalf of Investors of Vertical Aerospace Ltd. - EVTL	ACCESSWIRE		2026-05-08 10:00:03	0.1042	0.1003	0.7955	0.0039	neutral	NO:sentiment_score,Float
EVTL	"[""EVTL"", ""M000""]"	nACS8SsY1a	2026-05-08 10:00:03	INVESTOR ALERT: Pomerantz Law Firm Investigates Claims On Behalf of Investors of Vertical Aerospace Ltd. - EVTL	ACCESSWIRE	121.04	2026-05-08 10:00:03	0.1042	0.1003	0.7955	0.0039	neutral	NO:sentiment_score
PICS	"[""PICS""]"	nACSv0HRKa	2026-05-08 10:00:03	INVESTOR ALERT: Pomerantz Law Firm Investigates Claims On Behalf of Investors of PicS N.V. - PICS	ACCESSWIRE	22.23	2026-05-08 10:00:03	0.106	0.1098	0.7842	-0.0037	neutral	NO:sentiment_score
YRD	"[""YRD""]"	nACSt0Phra	2026-05-08 10:00:03	INVESTOR ALERT: Pomerantz Law Firm Investigates Claims On Behalf of Investors of Yiren Digital Ltd. - YRD	ACCESSWIRE	29.3007	2026-05-08 10:00:04	0.1239	0.1018	0.7743	0.0221	neutral	NO:sentiment_score
RPD	"[""RPD""]"	nACSSCgXJa	2026-05-08 10:00:04	INVESTOR ALERT: Pomerantz Law Firm Investigates Claims On Behalf of Investors of Rapid7, Inc. - RPD	ACCESSWIRE	63.86	2026-05-08 10:00:04	0.121	0.1218	0.7572	-0.0007	neutral	NO:sentiment_score
11V	"[""FVRR"", ""11V""]"	nACSt1sx3a	2026-05-08 10:00:04	INVESTOR ALERT: Pomerantz Law Firm Investigates Claims On Behalf of Investors of Fiverr International Ltd. - FVRR	ACCESSWIRE		2026-05-08 10:00:04	0.1562	0.1221	0.7217	0.034	neutral	NO:sentiment_score,Float
FVRR	"[""FVRR"", ""11V""]"	nACSt1sx3a	2026-05-08 10:00:04	INVESTOR ALERT: Pomerantz Law Firm Investigates Claims On Behalf of Investors of Fiverr International Ltd. - FVRR	ACCESSWIRE	29.94	2026-05-08 10:00:04	0.1562	0.1221	0.7217	0.034	neutral	NO:sentiment_score
VERI	"[""VERI""]"	nACSDW3Kqa	2026-05-08 10:00:04	INVESTOR ALERT: Pomerantz Law Firm Investigates Claims On Behalf of Investors of Veritone, Inc. - VERI	ACCESSWIRE	81.54	2026-05-08 10:00:04	0.1094	0.1421	0.7484	-0.0327	neutral	NO:sentiment_score
BZAI	"[""BZAI""]"	nACSqhLDRa	2026-05-08 10:00:05	INVESTOR ALERT: Pomerantz Law Firm Investigates Claims On Behalf of Investors of Blaize Holdings, Inc. - BZAI	ACCESSWIRE	83.57	2026-05-08 10:00:05	0.091	0.065	0.844	0.026	neutral	NO:sentiment_score
GAIA	"[""GAIA""]"	nACSy6G1ja	2026-05-08 10:00:05	INVESTOR ALERT: Pomerantz Law Firm Investigates Claims On Behalf of Investors of Gaia, Inc. - GAIA	ACCESSWIRE	17.79	2026-05-08 10:00:05	0.0948	0.081	0.8242	0.0138	neutral	NO:sentiment_score
VLS	"[""VALN"", ""VLS""]"	nACSrwgPna	2026-05-08 10:00:05	INVESTOR ALERT: Pomerantz Law Firm Investigates Claims On Behalf of Investors of Valneva SE - VALN	ACCESSWIRE		2026-05-08 10:00:05	0.0968	0.0941	0.809	0.0027	neutral	NO:sentiment_score,Float
VALN	"[""VALN"", ""VLS""]"	nACSrwgPna	2026-05-08 10:00:05	INVESTOR ALERT: Pomerantz Law Firm Investigates Claims On Behalf of Investors of Valneva SE - VALN	ACCESSWIRE	81.45	2026-05-08 10:00:05	0.0968	0.0941	0.809	0.0027	neutral	NO:sentiment_score
AIRO	"[""AIRO""]"	nACSKTCkHa	2026-05-08 10:00:06	INVESTOR ALERT: Pomerantz Law Firm Investigates Claims On Behalf of Investors of AIRO Group Holdings, Inc. - AIRO	ACCESSWIRE	20.02	2026-05-08 10:00:06	0.0947	0.139	0.7663	-0.0442	neutral	NO:sentiment_score
MDXG	"[""MDXG""]"	nACSt7gDba	2026-05-08 10:00:06	INVESTOR ALERT: Pomerantz Law Firm Investigates Claims On Behalf of Investors of MiMedx Group, Inc. - MDXG	ACCESSWIRE	116.04	2026-05-08 10:00:06	0.1254	0.1301	0.7446	-0.0047	neutral	NO:sentiment_score
ADMA	"[""ADMA""]"	nACShG9h7a	2026-05-08 10:00:07	INVESTOR ALERT: Pomerantz Law Firm Investigates Claims On Behalf of Investors of ADMA Biologics, Inc. - ADMA	ACCESSWIRE	224.61	2026-05-08 10:00:07	0.1088	0.1025	0.7888	0.0063	neutral	NO:sentiment_score
LCID	"[""LCID""]"	nACS7knZra	2026-05-08 10:00:08	INVESTOR ALERT: Pomerantz Law Firm Investigates Claims On Behalf of Investors of Lucid Group, Inc. - LCID	ACCESSWIRE	109.91	2026-05-08 10:00:08	0.1265	0.0986	0.7749	0.028	neutral	NO:sentiment_score
BTGO	"[""BTGO""]"	nACSHqrmya	2026-05-08 10:00:09	INVESTOR ALERT: Pomerantz Law Firm Investigates Claims On Behalf of Investors of BitGo Holdings, Inc. - BTGO	ACCESSWIRE	65.1	2026-05-08 10:00:09	0.1231	0.1009	0.7761	0.0222	neutral	NO:sentiment_score
DERM	"[""DERM""]"	nACSbbhQ0a	2026-05-08 10:00:10	INVESTOR ALERT: Pomerantz Law Firm Investigates Claims On Behalf of Investors of Journey Medical Corporation - DERM	ACCESSWIRE	13.52	2026-05-08 10:00:10	0.0979	0.0961	0.806	0.0017	neutral	NO:sentiment_score
OPFI	"[""OPFI""]"	nNFCbb2MYC	2026-05-08 10:25:07	Stonegate Capital Partners Updates Coverage on OppFi, Inc. (OPFI) 1Q26	Newsfile Corp	24.45	2026-05-08 10:25:07	0.0978	0.0758	0.8264	0.0221	neutral	NO:sentiment_score
BW	"[""BW""]"	nGNX69BSbH	2026-05-08 10:25:54	BW Investors Have Opportunity to Lead Babcock & Wilcox Enterprises, Inc. Securities Fraud Lawsuit with the Schall Law Firm	Globe Newswire	130.21	2026-05-08 10:25:54	0.2169	0.0491	0.734	0.1678	positive	YES
GEMI	"[""GEMI""]"	nACSrxK9La	2026-05-08 10:27:00	Gemini Space Station, Inc. Notice of May 18, 2026 Application Deadline for Class Action Lawsuit - Contact Lewis Kahn, Esq. at Kahn Swick & Foti, LLC, Before Application Deadline	ACCESSWIRE	38.2	2026-05-08 10:27:00	0.1291	0.0865	0.7844	0.0426	neutral	NO:sentiment_score
MDBH	"[""MDBH""]"	nGNX3Rc2RR	2026-05-08 10:30:00	New PatentVest Pulse Report Maps the Triple-Agonist Race and the Emerging Patent Battle Shaping the Post-GLP-1 Obesity Market	Globe Newswire	4.57	2026-05-08 10:30:00	0.1388	0.0664	0.7948	0.0723	positive	YES
SES	"[""SES""]"	nACSygBxxa	2026-05-08 10:40:00	SES AI Corporation Securities Fraud Class Action Result of Weak Revenue Guidance and 37% Stock Decline - Investors may Contact Lewis Kahn, Esq, at Kahn Swick & Foti, LLC	ACCESSWIRE	236.25	2026-05-08 10:40:00	0.0522	0.7216	0.2262	-0.6694	negative	NO:sentiment_score
VDY	"[""VDY"", ""VRE""]"	nGNX5LM7d	2026-05-08 10:41:40	Vanguard Announces Cash Distributions for the Vanguard ETFs (VRE & VDY)	Globe Newswire		2026-05-08 10:41:40	0.1641	0.0257	0.8101	0.1384	positive	NO:Float
VRE	"[""VDY"", ""VRE""]"	nGNX5LM7d	2026-05-08 10:41:40	Vanguard Announces Cash Distributions for the Vanguard ETFs (VRE & VDY)	Globe Newswire	87.81	2026-05-08 10:41:40	0.1641	0.0257	0.8101	0.1384	positive	YES
GPK	"[""GPK""]"	nGNXyPg3Z	2026-05-08 10:55:55	INVESTOR ALERT: Class Action Lawsuit Filed on Behalf of Graphic Packaging Holding Company (GPK) Investors – Holzer & Holzer, LLC Encourages Investors with Losses to Contact the Firm 	Globe Newswire	291.17	2026-05-08 10:55:55	0.1728	0.4438	0.3833	-0.271	negative	NO:sentiment_score
III	"[""III""]"	nBwc0vWvHa	2026-05-08 11:00:00	ISG to Study Providers of Digital Sustainability Services	Business Wire	33.28	2026-05-08 11:00:00	0.1507	0.0185	0.8307	0.1322	positive	YES
NTR	"[""NTR""]"	nBw9kg5GXa	2026-05-08 11:00:00	Nutrien Announces Mark Thompson as a Speaker at the BMO Farm to Market Conference	Business Wire	480.82	2026-05-08 11:00:00	0.1215	0.0264	0.8521	0.0951	positive	NO:Float
SRAD	"[""SRAD"", ""1M4""]"	nACSdkYHSa	2026-05-08 11:00:01	Bronstein, Gewirtz & Grossman, LLC Is Investigating Sportradar Group AG (SRAD) And Encourages Shareholders to Connect	ACCESSWIRE	185.52	2026-05-08 11:00:01	0.0785	0.0822	0.8393	-0.0037	neutral	NO:sentiment_score
1M4	"[""SRAD"", ""1M4""]"	nACSdkYHSa	2026-05-08 11:00:01	Bronstein, Gewirtz & Grossman, LLC Is Investigating Sportradar Group AG (SRAD) And Encourages Shareholders to Connect	ACCESSWIRE		2026-05-08 11:00:01	0.0785	0.0822	0.8393	-0.0037	neutral	NO:sentiment_score,Float
NNOX	"[""NNOX""]"	nACSr9Zypa	2026-05-08 11:00:01	Nano-X Imaging Ltd. (NNOX) Investigation: Bronstein, Gewirtz & Grossman, LLC Encourages Investors to Contact the Firm to Learn More About the Investigation	ACCESSWIRE	69.02	2026-05-08 11:00:01	0.2	0.0219	0.7782	0.1781	positive	YES
UHG	"[""UHG""]"	nACSkVr0ja	2026-05-08 11:00:01	UHG SHAREHOLDER ALERT:  Bronstein, Gewirtz and Grossman, LLC Announces that United Homes Group, Inc. Shareholders Have Opportunity to Lead Class Action Lawsuit!	ACCESSWIRE	11.21	2026-05-08 11:00:01	0.1396	0.2265	0.6338	-0.0869	negative	NO:sentiment_score
ERAS	"[""ERAS""]"	nACS8srD7a	2026-05-08 11:00:02	Erasca, Inc. (ERAS) Investigation: Bronstein, Gewirtz & Grossman, LLC Encourages Stockholders to Contact the Firm to Learn More About the Investigation	ACCESSWIRE	186.79	2026-05-08 11:00:02	0.1854	0.0483	0.7663	0.1371	positive	YES
IMMP	"[""IMMP"", ""IMM""]"	nACSTh5qca	2026-05-08 11:00:02	 IMMP INVESTOR ALERT: Bronstein, Gewirtz and Grossman, LLC Announces that Immutep Limited Investors with Substantial Losses Have Opportunity to Lead Class Action Lawsuit!	ACCESSWIRE	146.13	2026-05-08 11:00:02	0.1609	0.3173	0.5218	-0.1563	negative	NO:sentiment_score
IMM	"[""IMMP"", ""IMM""]"	nACSTh5qca	2026-05-08 11:00:02	 IMMP INVESTOR ALERT: Bronstein, Gewirtz and Grossman, LLC Announces that Immutep Limited Investors with Substantial Losses Have Opportunity to Lead Class Action Lawsuit!	ACCESSWIRE		2026-05-08 11:00:02	0.1609	0.3173	0.5218	-0.1563	negative	NO:sentiment_score,Float
POET	"[""POET""]"	nACSLcMjsa	2026-05-08 11:00:02	Bronstein, Gewirtz & Grossman, LLC Announces an Investigation Against POET Technologies Inc. (POET) and Encourages Shareholders to Learn More About the Investigation	ACCESSWIRE	90.52	2026-05-08 11:00:02	0.1668	0.0677	0.7655	0.0991	positive	YES
BZAI	"[""BZAI""]"	nACSlSLxGa	2026-05-08 11:00:02	Bronstein, Gewirtz & Grossman, LLC Initiates an Investigation into Allegations Against Blaize Holdings, Inc. (BZAI) And Encourages Investors to Reach Out	ACCESSWIRE	83.57	2026-05-08 11:00:02	0.2338	0.1	0.6662	0.1338	positive	YES
LEE	"[""LEE""]"	nACSNSdXKa	2026-05-08 11:00:02	Bronstein, Gewirtz & Grossman, LLC Initiates an Investigation into Allegations Against Lee Enterprises, Inc. (LEE) And Encourages Investors to Reach Out	ACCESSWIRE	5.91	2026-05-08 11:00:02	0.1979	0.0553	0.7468	0.1427	positive	YES
CMPX	"[""CMPX""]"	nACSyGH9Ka	2026-05-08 11:00:03	Compass Therapeutics, Inc. (CMPX) Investigation: Bronstein, Gewirtz & Grossman, LLC Encourages Shareholders to Contact the Firm to Learn More About the Investigation	ACCESSWIRE	120.66	2026-05-08 11:00:03	0.2174	0.0343	0.7483	0.1831	positive	YES
RMAX	"[""RMAX""]"	nACS54hcta	2026-05-08 11:00:05	Bronstein, Gewirtz & Grossman, LLC Is Investigating RE/MAX Holdings, Inc. (RMAX) And Encourages Investors to Connect	ACCESSWIRE	15.32	2026-05-08 11:00:05	0.1442	0.1568	0.6989	-0.0126	neutral	NO:sentiment_score
SES	"[""SES""]"	nNFC6r8b8R	2026-05-08 11:24:52	ROSEN, LEADING INVESTOR COUNSEL, Encourages SES AI Corporation Investors to Secure Counsel Before Important Deadline in Securities Class Action First Filed by the Firm - SES	Newsfile Corp	236.25	2026-05-08 11:24:52	0.2034	0.0276	0.769	0.1759	positive	YES
COSM	"[""COSM""]"	nACS2QLG9a	2026-05-08 11:25:00	Cosmos Health Receives Updated Zacks Research Report: 2026 Revenue Forecast Raised to $103.2 Million, EPS Outlook Upgraded to Positive Territory, and $4.50 Valuation Reaffirmed	ACCESSWIRE	28.16	2026-05-08 11:25:00	0.929	0.0242	0.0468	0.9049	positive	YES
GOSS	"[""GOSS""]"	nGNX3jhc6P	2026-05-08 11:31:15	INVESTOR NOTICE: Gossamer Bio, Inc. (GOSS) Investors with Substantial Losses Have Opportunity to Lead Investor Class Action– Hagens Berman	Globe Newswire	204.1	2026-05-08 11:31:15	0.1371	0.0796	0.7833	0.0575	positive	YES
GEMI	"[""GEMI""]"	nGNXc9RF0X	2026-05-08 11:37:07	"GEMI 10-DAY DEADLINE: Lawsuit Alleges IPO Documents Concealed Impending ""Corporate Pivot"" and Executive Turmoil - Gemini Space Station Investors Face Losses – Hagens Berman"	Globe Newswire	38.2	2026-05-08 11:37:07	0.0708	0.7872	0.1419	-0.7164	negative	NO:sentiment_score
FSK	"[""FSK""]"	nNFC3P1NNs	2026-05-08 11:42:16	FSK EQUITY ALERT: Faruqi & Faruqi, LLP Reminds FS KKR Capital (FSK) Investors of Securities Class Action Deadline on July 3, 2026	Newsfile Corp	279.32	2026-05-08 11:42:16	0.138	0.1212	0.7408	0.0169	neutral	NO:sentiment_score
NUAI	"[""NUAI""]"	nGNX7s17MQ	2026-05-08 12:00:00	Bronstein, Gewirtz & Grossman LLC Urges New Era Energy & Digital, Inc. (f/k/a New Era Helium Inc.) Investors to Act: Class Action Filed Alleging Investor Harm	Globe Newswire	73.85	2026-05-08 12:00:00	0.124	0.3222	0.5538	-0.1983	negative	NO:sentiment_score
UHG	"[""UHG""]"	nGNX4dcbgx	2026-05-08 12:00:00	Bronstein, Gewirtz & Grossman LLC Urges United Homes Group, Inc. Investors to Act: Class Action Filed Alleging Investor Harm	Globe Newswire	11.21	2026-05-08 12:00:00	0.1505	0.2528	0.5966	-0.1023	negative	NO:sentiment_score
BW	"[""BW""]"	nGNX86CQQD	2026-05-08 12:00:00	Bronstein, Gewirtz & Grossman LLC Urges Babcock & Wilcox Enterprises, Inc. Investors to Act: Class Action Filed Alleging Investor Harm	Globe Newswire	130.21	2026-05-08 12:00:00	0.1202	0.3864	0.4933	-0.2662	negative	NO:sentiment_score
DRVN	"[""DRVN""]"	nGNX75PHZp	2026-05-08 12:00:00	Bronstein, Gewirtz & Grossman LLC Urges Driven Brands Holdings Inc. Investors to Act: Class Action Filed Alleging Investor Harm	Globe Newswire	58.87	2026-05-08 12:00:00	0.1578	0.2764	0.5658	-0.1185	negative	NO:sentiment_score
FSK	"[""FSK""]"	nGNX34RDfB	2026-05-08 12:00:00	Bronstein, Gewirtz & Grossman LLC Urges FS KKR Capital Corp. Investors to Act: Class Action Filed Alleging Investor Harm	Globe Newswire	279.32	2026-05-08 12:00:00	0.1494	0.2462	0.6044	-0.0967	negative	NO:sentiment_score
ATRA	"[""ATRA""]"	nNFCbG6qlq	2026-05-08 12:00:19	Bronstein, Gewirtz & Grossman LLC Urges Atara Biotherapeutics, Inc. Investors to Act: Class Action Filed Alleging Investor Harm	Newsfile Corp	4.86	2026-05-08 12:00:19	0.1282	0.3506	0.5213	-0.2224	negative	NO:sentiment_score
GEMI	"[""GEMI""]"	nNFChdR4f	2026-05-08 12:00:20	Bronstein, Gewirtz & Grossman LLC Urges Gemini Space Station, Inc. Investors to Act: Class Action Filed Alleging Investor Harm	Newsfile Corp	38.2	2026-05-08 12:00:20	0.1485	0.2226	0.6289	-0.0741	negative	NO:sentiment_score
FCHL	"[""FCHL""]"	nNFC63BBd8	2026-05-08 12:00:20	Bronstein, Gewirtz & Grossman LLC Urges Fitness Champs Holdings Ltd. Investors to Act: Class Action Filed Alleging Investor Harm	Newsfile Corp	0.35	2026-05-08 12:00:20	0.144	0.192	0.664	-0.048	neutral	NO:sentiment_score
SES	"[""SES""]"	nNFC5dRQlR	2026-05-08 12:00:20	Bronstein, Gewirtz & Grossman LLC Urges SES AI Corporation Investors to Act: Class Action Filed Alleging Investor Harm	Newsfile Corp	236.25	2026-05-08 12:00:20	0.1003	0.2767	0.6229	-0.1764	negative	NO:sentiment_score
GO	"[""GO""]"	nNFC5c4yVQ	2026-05-08 12:00:21	Bronstein, Gewirtz & Grossman LLC Urges Grocery Outlet Holding Corp. Investors to Act: Class Action Filed Alleging Investor Harm	Newsfile Corp	90.72	2026-05-08 12:00:21	0.1285	0.1922	0.6793	-0.0637	negative	NO:sentiment_score
VITL	"[""VITL""]"	nNFC2Tx2N3	2026-05-08 12:00:21	Bronstein, Gewirtz & Grossman LLC Urges Vital Farms, Inc. Investors to Act: Class Action Filed Alleging Investor Harm	Newsfile Corp	36.68	2026-05-08 12:00:21	0.1757	0.1911	0.6333	-0.0154	neutral	NO:sentiment_score
CWH	"[""CWH""]"	nNFC94VKky	2026-05-08 12:00:21	Bronstein, Gewirtz & Grossman LLC Urges Camping World Holdings, Inc. Investors to Act: Class Action Filed Alleging Investor Harm	Newsfile Corp	58.96	2026-05-08 12:00:21	0.1469	0.2723	0.5808	-0.1254	negative	NO:sentiment_score
CHOW	"[""CHOW""]"	nNFC9k341j	2026-05-08 12:00:21	Bronstein, Gewirtz & Grossman LLC Urges ChowChow Cloud International Holdings Ltd. Investors to Act: Class Action Filed Alleging Investor Harm	Newsfile Corp	10.64	2026-05-08 12:00:21	0.1333	0.3273	0.5394	-0.194	negative	NO:sentiment_score
BRAI	"[""BRAI""]"	nPRr80564a	2026-05-08 12:12:03	REG-BlackRock American Income Trust Plc: Issue of Equity	PR Newswire	17.7	2026-05-08 12:12:03	0.0606	0.0415	0.8979	0.0191	neutral	NO:sentiment_score
KLC	"[""KLC""]"	nACS5CtRMa	2026-05-08 12:32:00	KinderCare Stock Alert (KLC) - Kehoe Law Firm, P.C. Investigating Potential Breach of Fiduciary Duty Claims on Behalf of Shareholders of KinderCare Learning Companies	ACCESSWIRE	30.46	2026-05-08 12:32:00	0.2062	0.2038	0.59	0.0024	neutral	NO:sentiment_score
GPK	"[""GPK""]"	nGNX7q2v4k	2026-05-08 12:55:07	Gainey McKenna & Egleston Announces A Class Action Lawsuit Has Been Filed Against Graphic Packaging Holding Company (GPK)	Globe Newswire	291.17	2026-05-08 12:55:07	0.1527	0.4079	0.4394	-0.2552	negative	NO:sentiment_score
DNOW	"[""DNOW""]"	nNFC7yFdjF	2026-05-08 13:04:12	ROSEN, LEADING INVESTOR COUNSEL, Encourages DNOW Inc. Investors to Inquire About Securities Class Action Investigation - DNOW	Newsfile Corp	182.93	2026-05-08 13:04:12	0.1179	0.0615	0.8206	0.0564	positive	YES
ADMA	"[""ADMA""]"	nNFC93ngVY	2026-05-08 13:14:11	ROSEN, LEADING INVESTOR COUNSEL, Encourages ADMA Biologics, Inc. Investors to Inquire About Securities Class Action Investigation - ADMA	Newsfile Corp	224.61	2026-05-08 13:14:11	0.1456	0.0472	0.8071	0.0984	positive	YES
ALDX	"[""ALDX""]"	nNFC9K9jXN	2026-05-08 13:29:26	ROSEN, SKILLED INVESTOR COUNSEL, Encourages Aldeyra Therapeutics, Inc. Investors to Secure Counsel Before Important Deadline in Securities Class Action First Filed by the Firm - ALDX	Newsfile Corp	55.6	2026-05-08 13:29:26	0.4002	0.0713	0.5285	0.3288	positive	YES
POET	"[""POET""]"	nACSRJNdca	2026-05-08 13:30:00	Did You Lose Money Investing in POET Technologies? Robbins LLP Urges Investors With Significant Losses to Contact The Firm For Information About Their Rights Against POET 	ACCESSWIRE	90.52	2026-05-08 13:30:00	0.1399	0.0264	0.8337	0.1135	positive	YES
NUAI	"[""NUAI""]"	nNFC307gc3	2026-05-08 13:34:00	ROSEN, RECOGNIZED INVESTOR COUNSEL, Encourages New Era Energy & Digital, Inc. Investors to Secure Counsel Before Important Deadline in Securities Class Action - NUAI	Newsfile Corp	73.85	2026-05-08 13:34:00	0.1958	0.0521	0.7521	0.1437	positive	YES
NUS	"[""NUS""]"	nNFC88GVlg	2026-05-08 13:34:15	Stonegate Capital Partners Updates Coverage on NU Skin Enterprises Inc. (NUS) 1Q26	Newsfile Corp	48.02	2026-05-08 13:34:15	0.0809	0.0686	0.8505	0.0124	neutral	NO:sentiment_score
AMZE	"[""AMZE""]"	nGNX2zX0Mb	2026-05-08 13:59:34	Amaze Holdings, Inc. Comments on Unusual Market Activity	Globe Newswire	34.3	2026-05-08 13:59:34	0.0685	0.1428	0.7887	-0.0744	negative	NO:sentiment_score
FRMI	"[""FRMI""]"	nPn8wkGhca	2026-05-08 14:00:00	Fermi America™ Announces First Quarter 2026 Earnings Release and Call Date	PR Newswire	242.59	2026-05-08 14:00:00	0.0664	0.0645	0.8691	0.002	neutral	NO:sentiment_score
VITL	"[""VITL""]"	nNFC6b4GNr	2026-05-08 14:00:18	ROSEN, RECOGNIZED INVESTOR COUNSEL, Encourages Vital Farms, Inc. Investors to Secure Counsel Before Important Deadline in Securities Class Action First Filed by the Firm - VITL	Newsfile Corp	36.68	2026-05-08 14:00:18	0.4026	0.0317	0.5657	0.3709	positive	YES
FSK	"[""FSK""]"	nGNX6839kg	2026-05-08 14:03:56	Deadline Alert: FS KKR Capital Corp. (FSK) Shareholders Who Lost Money Urged To Contact Glancy Prongay Wolke & Rotter LLP About Securities Fraud Lawsuit	Globe Newswire	279.32	2026-05-08 14:03:56	0.0969	0.3846	0.5185	-0.2877	negative	NO:sentiment_score
GEMI	"[""GEMI""]"	nGNX3zf431	2026-05-08 14:11:24	Deadline Alert: Gemini Space Station, Inc. (GEMI) Shareholders Who Lost Money Urged To Contact Glancy Prongay Wolke & Rotter LLP About Securities Fraud Lawsuit	Globe Newswire	38.2	2026-05-08 14:11:24	0.149	0.3505	0.5004	-0.2015	negative	NO:sentiment_score
GIG	"[""GIG""]"	nBwsT5Npa	2026-05-08 14:21:00	GigCapital7 Corp. Announces Domestication in Furtherance of Business Combination with Hadron Energy	Business Wire	20.0	2026-05-08 14:21:00	0.2755	0.0167	0.7078	0.2588	positive	YES
IAG	"[""IAG""]"	nBw7sdKJ7a	2026-05-08 14:32:00	iA Financial Group Announces Annual Meeting Voting Results	Business Wire	587.61	2026-05-08 14:32:00	0.1332	0.0913	0.7755	0.0419	neutral	NO:sentiment_score,Float
MINE	"[""MINE""]"	nNFC6VFrWj	2026-05-08 14:58:10	Inomin Strengthens Management Team with Appointment of Victor Jaramillo P.Geo as Vice President of Exploration	Newsfile Corp	43.49	2026-05-08 14:58:10	0.8724	0.0127	0.1149	0.8596	positive	YES
GPK	"[""GPK""]"	nGNX4TWMtq	2026-05-08 15:00:00	Bronstein, Gewirtz & Grossman LLC Urges Graphic Packaging Holding Company Investors to Act: Class Action Filed Alleging Investor Harm	Globe Newswire	291.17	2026-05-08 15:00:00	0.098	0.3096	0.5925	-0.2116	negative	NO:sentiment_score
CHOW	"[""CHOW""]"	nBw31MPWDa	2026-05-08 15:14:00	Deadline Soon: ChowChow Cloud International Holdings Limited (CHOW) Shareholders Who Lost Money Urged To Contact The Law Offices of Frank R. Cruz About Securities Fraud Lawsuit	Business Wire	10.64	2026-05-08 15:14:00	0.0967	0.4679	0.4354	-0.3712	negative	NO:sentiment_score
RMAX	"[""RMAX""]"	nACSwj2Rca	2026-05-08 15:17:00	$RMAX Securities Alert: RE/MAX Holdings Merger Announcement Results in Investigation into the Board over Deal Price	ACCESSWIRE	15.32	2026-05-08 15:17:00	0.0752	0.536	0.3888	-0.4608	negative	NO:sentiment_score
SES	"[""SES""]"	nPn3DPph9a	2026-05-08 15:31:00	SES AI Corporation (SES) Shareholders Who Lost Money Have Opportunity to Lead Securities Fraud Lawsuit	PR Newswire	236.25	2026-05-08 15:31:00	0.0627	0.3935	0.5439	-0.3308	negative	NO:sentiment_score
GOSS	"[""GOSS""]"	nPnbpHFVka	2026-05-08 15:58:00	Gossamer Bio, Inc. (GOSS) Shareholders Who Lost Money Have Opportunity to Lead Securities Fraud Lawsuit	PR Newswire	204.1	2026-05-08 15:58:00	0.0722	0.3002	0.6276	-0.228	negative	NO:sentiment_score
CCEL	"[""CCEL""]"	nBw8Bzrs1a	2026-05-08 16:00:00	Cryo-Cell Receives Acceptance of Compliance Plan From NYSE American	Business Wire	4.2	2026-05-08 16:00:00	0.5137	0.0143	0.4719	0.4994	positive	YES
DPRO	"[""DPRO""]"	nGNX3YgJWS	2026-05-08 16:00:00	Draganfly to Host Shareholder Update Call on May 11, 2026	Globe Newswire	36.35	2026-05-08 16:00:00	0.0658	0.0217	0.9124	0.0441	neutral	NO:sentiment_score
SMSI	"[""SMSI""]"	nBwbH597Ga	2026-05-08 16:00:00	Smith Micro Files Form S-1 Resale Registration Statement Relating to Previously Issued Securities	Business Wire	18.74	2026-05-08 16:00:00	0.0931	0.0587	0.8481	0.0344	neutral	NO:sentiment_score
IMMP	"[""IMMP"", ""IMM""]"	nGNX1LZfNK	2026-05-08 16:01:43	IMMUTEP ALERT: Bragar Eagel & Squire, P.C. Announces that a Class Action Lawsuit Has Been Filed Against Immutep Ltd. and Encourages Investors to Contact the Firm	Globe Newswire	146.13	2026-05-08 16:01:43	0.6299	0.0866	0.2835	0.5433	positive	YES
IMM	"[""IMMP"", ""IMM""]"	nGNX1LZfNK	2026-05-08 16:01:43	IMMUTEP ALERT: Bragar Eagel & Squire, P.C. Announces that a Class Action Lawsuit Has Been Filed Against Immutep Ltd. and Encourages Investors to Contact the Firm	Globe Newswire		2026-05-08 16:01:43	0.6299	0.0866	0.2835	0.5433	positive	NO:Float
NUAI	"[""NUAI""]"	nPn3z8d8Xa	2026-05-08 16:03:00	New Era Energy & Digital, Inc. (NUAI) Shareholders Who Lost Money Have Opportunity to Lead Securities Fraud Lawsuit	PR Newswire	73.85	2026-05-08 16:03:00	0.0703	0.4552	0.4745	-0.385	negative	NO:sentiment_score
BLZE	"[""BLZE""]"	nBw4gGWMFa	2026-05-08 16:03:00	Backblaze to Participate in Fireside Chat at the 21st Annual Needham Technology, Media, & Consumer Conference	Business Wire	56.66	2026-05-08 16:03:00	0.2557	0.0157	0.7286	0.24	positive	YES
HQI	"[""HQI""]"	nPnbPV2FFa	2026-05-08 16:05:00	HireQuest, Inc. Declares Quarterly Dividend	PR Newswire	5.36	2026-05-08 16:05:00	0.0791	0.3938	0.5272	-0.3147	negative	NO:sentiment_score
K40	"[""KNDI"", ""K40""]"	nGNX3fgCvp	2026-05-08 16:05:00	Kandi Announces Receipt of  Nasdaq Notification Regarding Minimum Bid Price Compliance Deficiency	Globe Newswire		2026-05-08 16:05:00	0.2484	0.0659	0.6857	0.1825	positive	NO:Float
KNDI	"[""KNDI"", ""K40""]"	nGNX3fgCvp	2026-05-08 16:05:00	Kandi Announces Receipt of  Nasdaq Notification Regarding Minimum Bid Price Compliance Deficiency	Globe Newswire	71.48	2026-05-08 16:05:00	0.2484	0.0659	0.6857	0.1825	positive	YES
NYXH	"[""NYXH""]"	nGNE8WyMpg	2026-05-08 16:05:00	REG-Invitation to attend the annual and the extraordinary shareholders’ meetings of the Company to be held on June 10, 2026	Globe Newswire	24.2	2026-05-08 16:05:00	0.059	0.0217	0.9193	0.0372	neutral	NO:sentiment_score
STGW	"[""STGW""]"	nACSWRYX3a	2026-05-08 16:05:00	Stagwell Inc. (STGW) Reports Equity Inducement Grants Under Nasdaq Listing Rule 5635(c)(4)	ACCESSWIRE	109.89	2026-05-08 16:05:00	0.1367	0.0227	0.8406	0.1141	positive	YES
DLNG	"[""DLNG""]"	nGNX7xhNvF	2026-05-08 16:05:00	Dynagas LNG Partners LP Announces Cash Distribution for the Quarter Ended March 31, 2026 of $0.050 per Common Unit	Globe Newswire	17.12	2026-05-08 16:05:00	0.1418	0.0359	0.8223	0.1059	positive	YES
LGVN	"[""LGVN""]"	nGNX9kkQlK	2026-05-08 16:05:00	Longeveron Announces Constructive Type C Meeting with U.S. FDA Ahead of Data Readout for ELPIS II Phase 2b Clinical Trial Evaluating Treatment for Hypoplastic Left Heart Syndrome (HLHS)	Globe Newswire	19.3	2026-05-08 16:05:00	0.2889	0.0406	0.6705	0.2483	positive	YES
OCUL	"[""OCUL""]"	nGNXbY8H0z	2026-05-08 16:05:00	Ocular Therapeutix™ Reports Inducement Grants Under Nasdaq Listing Rule 5635(c)(4)	Globe Newswire	196.84	2026-05-08 16:05:00	0.1548	0.0213	0.824	0.1335	positive	YES
TACT	"[""TACT""]"	nBw5tLxGya	2026-05-08 16:05:00	TransAct Technologies Appoints Robert Campbell as Next Chief Financial Officer	Business Wire	9.02	2026-05-08 16:05:00	0.0568	0.0372	0.906	0.0197	neutral	NO:sentiment_score
HE	"[""HE""]"	nBwWH7SWa	2026-05-08 16:05:00	HEI Reports First Quarter 2026 Results	Business Wire	172.22	2026-05-08 16:05:00	0.0502	0.0527	0.8971	-0.0025	neutral	NO:sentiment_score
TENX	"[""TENX""]"	nGNXc5LjVv	2026-05-08 16:05:00	Tenax Therapeutics Announces Inducement Grants Under Nasdaq Listing Rule 5635(c)(4)	Globe Newswire	16.53	2026-05-08 16:05:00	0.1382	0.0134	0.8484	0.1248	positive	YES
5DT	"[""ENTX"", ""5DT""]"	nGNEDm9Xx	2026-05-08 16:05:00	Entera Announces First Quarter 2026 Financial Results and Updates Across its Oral Peptide Programs	Globe Newswire		2026-05-08 16:05:00	0.0945	0.0284	0.8771	0.0661	positive	NO:Float
ENTX	"[""ENTX"", ""5DT""]"	nGNEDm9Xx	2026-05-08 16:05:00	Entera Announces First Quarter 2026 Financial Results and Updates Across its Oral Peptide Programs	Globe Newswire	37.61	2026-05-08 16:05:00	0.0945	0.0284	0.8771	0.0661	positive	YES
FEMY	"[""FEMY""]"	nGNX5SDnWR	2026-05-08 16:05:00	Femasys Announces Financial Results for Quarter Ended March 31, 2026 and Provides Corporate Update	Globe Newswire	54.9	2026-05-08 16:05:00	0.0659	0.0623	0.8718	0.0036	neutral	NO:sentiment_score
TOMZ	"[""TOMZ""]"	nGNX9MSh16	2026-05-08 16:05:00	TOMI Environmental Solutions, Inc. Reports First Quarter 2026 Financial Results and Announces Transformative Letter of Intent to Merge with Carbonium Core, Inc.	Globe Newswire	11.66	2026-05-08 16:05:00	0.6463	0.0183	0.3353	0.628	positive	YES
MSGM	"[""MSGM""]"	nGNX5qHFRt	2026-05-08 16:10:00	Motorsport Games to Report First Quarter 2026 Financial Results	Globe Newswire	2.53	2026-05-08 16:10:00	0.0735	0.1292	0.7973	-0.0557	negative	NO:sentiment_score
DPG	"[""DPG""]"	nBw1J6Ltva	2026-05-08 16:15:00	Duff & Phelps Utility and Infrastructure Fund Inc. Discloses Sources of Distribution – Section 19(a) Notice	Business Wire	36.46	2026-05-08 16:15:00	0.0562	0.0453	0.8985	0.0109	neutral	NO:sentiment_score
RSKD	"[""RSKD"", ""9TN""]"	nBw6RGx1wa	2026-05-08 16:15:00	Riskified to Participate in the 21st Annual Needham Technology, Media, & Consumer 1×1 Conference	Business Wire	76.67	2026-05-08 16:15:00	0.6215	0.0209	0.3576	0.6006	positive	YES
9TN	"[""RSKD"", ""9TN""]"	nBw6RGx1wa	2026-05-08 16:15:00	Riskified to Participate in the 21st Annual Needham Technology, Media, & Consumer 1×1 Conference	Business Wire		2026-05-08 16:15:00	0.6215	0.0209	0.3576	0.6006	positive	NO:Float
KULR	"[""KULR""]"	nGNX51hYX	2026-05-08 16:15:00	KULR Technology Group Sets First Quarter 2026 Earnings Call for Thursday, May 14, 2026 at 4:30 p.m. ET	Globe Newswire	42.57	2026-05-08 16:15:00	0.0299	0.0376	0.9325	-0.0078	neutral	NO:sentiment_score
KTF	"[""KTF""]"	nBw4v3Khva	2026-05-08 16:15:00	DWS Municipal Income Trust Declares Monthly Distribution	Business Wire	39.17	2026-05-08 16:15:00	0.0861	0.0699	0.844	0.0163	neutral	NO:sentiment_score
IZM	"[""IZM""]"	nGNX75JhCQ	2026-05-08 16:15:00	ICZOOM Group Inc. Announces Change to Extraordinary General Meeting Schedule	Globe Newswire	7.77	2026-05-08 16:15:00	0.0444	0.0742	0.8814	-0.0299	neutral	NO:sentiment_score
NODK	"[""NODK""]"	nGNX7QzZY	2026-05-08 16:15:00	NI Holdings, Inc. Reports Results for First Quarter Ended March 31, 2026	Globe Newswire	6.66	2026-05-08 16:15:00	0.0488	0.0773	0.8739	-0.0286	neutral	NO:sentiment_score
KG	"[""KG""]"	nPn5sCDSFa	2026-05-08 16:15:00	Kestrel Group Reports First Quarter 2026 Financial Results	PR Newswire	4.52	2026-05-08 16:15:00	0.1565	0.1041	0.7394	0.0524	positive	YES
SELF	"[""SELF""]"	nACSjQ7wca	2026-05-08 16:15:00	Global Self Storage Reports First Quarter 2026 Results	ACCESSWIRE	10.26	2026-05-08 16:15:00	0.0539	0.055	0.8911	-0.0011	neutral	NO:sentiment_score
WHLR	"[""WHLR""]"	nACSlLp5ra	2026-05-08 16:20:01	Wheeler Real Estate Investment Trust, Inc. Announces the Release of its First Quarter 2026 Financial and Operating Results	ACCESSWIRE	0.6	2026-05-08 16:20:01	0.1135	0.083	0.8035	0.0305	neutral	NO:sentiment_score
ALC	"[""ALC""]"	nBw8QKgN7a	2026-05-08 16:23:00	Algoma Central Corporation Announces Results of 2026 Annual General Meeting of Shareholders	Business Wire	481.81	2026-05-08 16:23:00	0.0854	0.0895	0.8251	-0.0041	neutral	NO:sentiment_score,Float
UHG	"[""UHG""]"	nPn1Cnw9za	2026-05-08 16:25:00	Robbins LLP Urges UHG Stockholders to Contact the Firm for Information About the Class Action Against United Homes Group, Inc.	PR Newswire	11.21	2026-05-08 16:25:00	0.2488	0.0455	0.7057	0.2033	positive	YES
GEMI	"[""GEMI""]"	nGNX1tqlvf	2026-05-08 16:28:19	Bragar Eagel & Squire, P.C. Urges Gemini Space Station (NASDAQ:GEMI) Investors with Large Losses to Contact the Firm Regarding Upcoming Lead Plaintiff Deadline	Globe Newswire	38.2	2026-05-08 16:28:19	0.3479	0.1603	0.4918	0.1876	positive	YES
PRZO	"[""PRZO""]"	nGNXrWT40	2026-05-08 16:30:00	ParaZero Announces Receipt of Nasdaq Minimum Bid Price Notification	Globe Newswire	23.81	2026-05-08 16:30:00	0.1884	0.0241	0.7875	0.1644	positive	YES
FULC	"[""FULC""]"	nGNX2Zmv8W	2026-05-08 16:30:00	Fulcrum Therapeutics Reports Inducement Grants Under Nasdaq Listing Rule 5635(c)(4)	Globe Newswire	56.81	2026-05-08 16:30:00	0.1228	0.0209	0.8563	0.1019	positive	YES
ROLR	"[""ROLR""]"	nGNX7wdGgC	2026-05-08 16:30:00	High Roller Technologies Schedules Conference Call to Provide a Business Update and Discuss First Quarter 2026 Financial Results	Globe Newswire	4.46	2026-05-08 16:30:00	0.0977	0.0417	0.8606	0.056	positive	YES
ITH	"[""THM"", ""ITH""]"	nPn2GsZjKa	2026-05-08 16:30:00	International Tower Hill Mines Files 2026 First Quarter Financial Results	PR Newswire		2026-05-08 16:30:00	0.1675	0.2072	0.6253	-0.0397	neutral	NO:sentiment_score,Float
THM	"[""THM"", ""ITH""]"	nPn2GsZjKa	2026-05-08 16:30:00	International Tower Hill Mines Files 2026 First Quarter Financial Results	PR Newswire	228.62	2026-05-08 16:30:00	0.1675	0.2072	0.6253	-0.0397	neutral	NO:sentiment_score
INKT	"[""INKT""]"	nGNX8LS26Z	2026-05-08 16:30:00	MiNK Therapeutics to Report First Quarter 2026 Financial Results and Highlight Platform Progress Across iNKT Cell Therapy Programs	Globe Newswire	1.75	2026-05-08 16:30:00	0.583	0.0123	0.4047	0.5708	positive	YES
CLM	"[""CLM"", ""CRF""]"	nGNX7XKLGn	2026-05-08 16:30:00	Cornerstone Funds Announce Continuing Monthly Distributions	Globe Newswire	297.91	2026-05-08 16:30:00	0.0924	0.1157	0.7919	-0.0233	neutral	NO:sentiment_score
CRF	"[""CLM"", ""CRF""]"	nGNX7XKLGn	2026-05-08 16:30:00	Cornerstone Funds Announce Continuing Monthly Distributions	Globe Newswire	162.19	2026-05-08 16:30:00	0.0924	0.1157	0.7919	-0.0233	neutral	NO:sentiment_score
NYC	"[""NYC""]"	nBw4KPN4xa	2026-05-08 16:30:00	American Strategic Investment Co. Announces Release Date for First Quarter 2026 Results	Business Wire	0.97	2026-05-08 16:30:00	0.0327	0.045	0.9223	-0.0123	neutral	NO:sentiment_score
KAPA	"[""KAPA""]"	nBw9mGjB0a	2026-05-08 16:30:00	Kairos Pharma, Ltd. Sets Annual Meeting of Shareholder Date and Provides Update on Its Annual Filings	Business Wire	12.4	2026-05-08 16:30:00	0.0359	0.0341	0.9299	0.0018	neutral	NO:sentiment_score
DOUG	"[""DOUG""]"	nBw6HqPs5a	2026-05-08 16:30:00	Douglas Elliman Inc. Reports First Quarter 2026 Financial Results	Business Wire	68.38	2026-05-08 16:30:00	0.0796	0.1361	0.7843	-0.0565	negative	NO:sentiment_score
DJT	"[""DJT""]"	nGNX58QrqC	2026-05-08 16:30:00	Trump Media & Technology Group Reports First Quarter 2026 Results	Globe Newswire	158.78	2026-05-08 16:30:00	0.0438	0.0549	0.9013	-0.0112	neutral	NO:sentiment_score
WPM	"[""WPM""]"	nPnHkKjga	2026-05-08 16:30:00	Wheaton Precious Metals Announces Election of Directors and Approval of Special Matters	PR Newswire	453.56	2026-05-08 16:30:00	0.0888	0.0413	0.8698	0.0475	neutral	NO:sentiment_score,Float
SES	"[""SES""]"	nPn3sXjlba	2026-05-08 16:30:00	Robbins LLP Urges SES Stockholders Who Lost Money Investing in SES AI Corporation to Contact the Firm for Information About Leading the Class Action	PR Newswire	236.25	2026-05-08 16:30:00	0.1935	0.068	0.7385	0.1255	positive	YES
YOOV	"[""YOOV""]"	nPn1LFhPza	2026-05-08 16:35:00	CIGL, YOOV Investors Have Opportunity to Lead Concorde International Group Ltd. Securities Fraud Lawsuit	PR Newswire	5.91	2026-05-08 16:35:00	0.1956	0.0173	0.787	0.1783	positive	YES
GPRK	"[""GPRK""]"	nBw8lGNWTa	2026-05-08 16:35:00	GeoPark Publishes Its 2025 SPEED/Sustainability Report	Business Wire	25.5	2026-05-08 16:35:00	0.0905	0.0325	0.877	0.058	positive	YES
CNQ	"[""CNQ""]"	nNFC5JFxpF	2026-05-08 16:37:40	Canadian Natural Resources Limited Reports Voting Results at Annual Meeting	Newsfile Corp	2040.0	2026-05-08 16:37:40	0.1176	0.0953	0.7872	0.0223	neutral	NO:sentiment_score,Float
ATRA	"[""ATRA""]"	nPn7lHwMHa	2026-05-08 16:41:00	Atara Biotherapeutics, Inc. (ATRA) Shareholders Who Lost Money Have Opportunity to Lead Securities Fraud Lawsuit	PR Newswire	4.86	2026-05-08 16:41:00	0.0576	0.4839	0.4585	-0.4264	negative	NO:sentiment_score
CWH	"[""CWH""]"	nPn4KmSkra	2026-05-08 16:44:00	Camping World Holdings, Inc. (CWH) Shareholders Who Lost Money Have Opportunity to Lead Securities Fraud Lawsuit	PR Newswire	58.96	2026-05-08 16:44:00	0.0566	0.373	0.5704	-0.3164	negative	NO:sentiment_score
GO	"[""GO""]"	nPnW9MS6a	2026-05-08 16:48:00	Grocery Outlet Holding Corp. (GO) Shareholders Who Lost Money Have Opportunity to Lead Securities Fraud Lawsuit	PR Newswire	90.72	2026-05-08 16:48:00	0.0844	0.319	0.5966	-0.2347	negative	NO:sentiment_score
GPK	"[""GPK""]"	nGNX63lGSd	2026-05-08 16:49:54	GPK Investors Have Opportunity to Lead Graphic Packaging Holding Company Securities Fraud Lawsuit with the Schall Law Firm	Globe Newswire	291.17	2026-05-08 16:49:54	0.26	0.0514	0.6885	0.2086	positive	YES
SES	"[""SES""]"	nGNXc03H3j	2026-05-08 16:57:58	SES Investors Have Opportunity to Lead SES AI Corporation Securities Fraud Lawsuit with the Schall Law Firm	Globe Newswire	236.25	2026-05-08 16:57:58	0.2281	0.0485	0.7234	0.1796	positive	YES
DSS	"[""DSS""]"	nGNX619Y84	2026-05-08 17:00:00	DSS, Inc. Reports Going Concern Audit Opinion in 2025 10-K Filing	Globe Newswire	3.86	2026-05-08 17:00:00	0.0945	0.0779	0.8277	0.0166	neutral	NO:sentiment_score
CMAX	"[""CMAX"", ""IMAX""]"	nBw7X6wva	2026-05-08 17:00:00	Hamilton ETFs Launches Two New YIELD MAXIMIZER™ ETFs	Business Wire		2026-05-08 17:00:00	0.2481	0.012	0.7399	0.2361	positive	NO:Float
IMAX	"[""CMAX"", ""IMAX""]"	nBw7X6wva	2026-05-08 17:00:00	Hamilton ETFs Launches Two New YIELD MAXIMIZER™ ETFs	Business Wire	43.85	2026-05-08 17:00:00	0.2481	0.012	0.7399	0.2361	positive	YES
AI	"[""AI""]"	nNFCc0x34j	2026-05-08 17:00:20	Atrium Mortgage Investment Corporation Announces Election of Directors	Newsfile Corp	133.16	2026-05-08 17:00:20	0.0979	0.0654	0.8367	0.0325	neutral	NO:sentiment_score
DGXX	"[""DGXX"", ""DGX""]"	nACSglT2qa	2026-05-08 17:00:44	Digi Power X Announces Upsizing of At-the-Market Offering Program	ACCESSWIRE	59.38	2026-05-08 17:00:44	0.192	0.0218	0.7862	0.1702	positive	YES
DGX	"[""DGXX"", ""DGX""]"	nACSglT2qa	2026-05-08 17:00:44	Digi Power X Announces Upsizing of At-the-Market Offering Program	ACCESSWIRE	110.11	2026-05-08 17:00:45	0.192	0.0218	0.7862	0.1702	positive	YES
GPK	"[""GPK""]"	nBw38FLPba	2026-05-08 17:07:00	GPK DEADLINE ALERT: Faruqi & Faruqi, LLP Reminds Graphic Packaging (GPK) Investors of Securities Class Action Deadline on July 6, 2026	Business Wire	291.17	2026-05-08 17:07:00	0.0864	0.0898	0.8239	-0.0034	neutral	NO:sentiment_score
POET	"[""POET""]"	nGNX18bPGt	2026-05-08 17:17:57	POET Investors Have Opportunity to Lead POET Technologies Inc. Securities Fraud Lawsuit with the Schall Law Firm	Globe Newswire	90.52	2026-05-08 17:17:57	0.1968	0.0198	0.7834	0.1771	positive	YES
GO	"[""GO""]"	nPn4G299Ka	2026-05-08 17:24:00	INVESTOR DEADLINE ALERT: Grocery Outlet Holding (GO) Investors with Substantial Losses Have Opportunity to Lead Class Action Lawsuit	PR Newswire	90.72	2026-05-08 17:24:00	0.2457	0.1645	0.5898	0.0812	positive	YES
FSK	"[""FSK""]"	nGNX2KH4sz	2026-05-08 17:27:13	FSK Class Action Reminder - Robbins LLP Reminds Investors of the Lead Plaintiff Deadline in the FS KKR Capital Corp. Class Action Lawsuit	Globe Newswire	279.32	2026-05-08 17:27:13	0.2428	0.1194	0.6378	0.1234	positive	YES
NTIP	"[""NTIP""]"	nACSjgk32a	2026-05-08 17:30:01	Network 1 Reports First Quarter 2026 Financial Results	ACCESSWIRE	13.55	2026-05-08 17:30:01	0.1063	0.1159	0.7778	-0.0096	neutral	NO:sentiment_score
IMM	"[""IMMP"", ""IMM""]"	nGNX7DY4QY	2026-05-08 17:31:51	IMMP Class Action Reminder - Robbins LLP Reminds Investors of the Lead Plaintiff Deadline in the Immutep Limited Class Action Lawsuit	Globe Newswire		2026-05-08 17:31:51	0.3152	0.1938	0.4911	0.1214	positive	NO:Float
IMMP	"[""IMMP"", ""IMM""]"	nGNX7DY4QY	2026-05-08 17:31:51	IMMP Class Action Reminder - Robbins LLP Reminds Investors of the Lead Plaintiff Deadline in the Immutep Limited Class Action Lawsuit	Globe Newswire	146.13	2026-05-08 17:31:51	0.3152	0.1938	0.4911	0.1214	positive	YES
AUST	"[""AUST""]"	nNFC2B9YJF	2026-05-08 17:46:10	Austin Gold - 2025 Annual Disclosure Documents	Newsfile Corp	7.27	2026-05-08 17:46:10	0.0591	0.0359	0.905	0.0233	neutral	NO:sentiment_score
CCRN	"[""CCRN""]"	nGNX4TgrzY	2026-05-08 17:50:18	CCRN Investors Have Opportunity to Join Cross Country Healthcare, Inc. Fraud Investigation with the Schall Law Firm	Globe Newswire	29.81	2026-05-08 17:50:18	0.2326	0.0123	0.7551	0.2203	positive	YES
POET	"[""POET""]"	nGNX8K3L0X	2026-05-08 18:00:00	POET SHAREHOLDER ALERT: Securities Fraud Lawsuit Filed on Behalf of POET Technologies Inc. Investors - Contact Kirby McInerney LLP by June 29, 2026	Globe Newswire	90.52	2026-05-08 18:00:00	0.0681	0.0685	0.8634	-0.0004	neutral	NO:sentiment_score
UHG	"[""UHG""]"	nACSlbMt0a	2026-05-08 18:00:00	Pomerantz LLP Informs Investors of Class Action Against United Homes Group, Inc.  – UHG	ACCESSWIRE	11.21	2026-05-08 18:00:00	0.1248	0.234	0.6412	-0.1091	negative	NO:sentiment_score
BW	"[""BW""]"	nACSsKmSQa	2026-05-08 18:00:01	Pomerantz LLP Pursues Shareholder Class Action Against Babcock & Wilcox Enterprises, Inc.  – BW	ACCESSWIRE	130.21	2026-05-08 18:00:01	0.1747	0.1706	0.6547	0.0041	neutral	NO:sentiment_score
GOSS	"[""GOSS""]"	nACSXBHRta	2026-05-08 18:00:01	Pomerantz LLP Issues Important Reminder to Gossamer Bio, Inc.  Investors – GOSS	ACCESSWIRE	204.1	2026-05-08 18:00:01	0.1916	0.0232	0.7852	0.1684	positive	YES
GO	"[""GO""]"	nACSb7nMNa	2026-05-08 18:00:01	Class Action Lawsuit Reminder from Pomerantz LLP for Shareholders of Grocery Outlet Holding Corp.  – GO	ACCESSWIRE	90.72	2026-05-08 18:00:01	0.1579	0.0877	0.7544	0.0703	positive	YES
VITL	"[""VITL""]"	nACS2Bhgka	2026-05-08 18:00:01	Pomerantz LLP Issues Important Reminder to Investors in Vital Farms, Inc.  of Class Action Lawsuit – VITL	ACCESSWIRE	36.68	2026-05-08 18:00:01	0.275	0.0652	0.6598	0.2097	positive	YES
SES	"[""SES""]"	nACS93z64a	2026-05-08 18:00:01	Pomerantz LLP Advises Shareholders of Class Action Filing Against SES AI Corporation  – SES	ACCESSWIRE	236.25	2026-05-08 18:00:01	0.1566	0.2184	0.625	-0.0617	negative	NO:sentiment_score
FSK	"[""FSK""]"	nACSGRsLga	2026-05-08 18:00:01	Pomerantz LLP Advises of Securities Class Action Involving FS KKR Capital Corp.  – FSK	ACCESSWIRE	279.32	2026-05-08 18:00:01	0.1625	0.2338	0.6037	-0.0713	negative	NO:sentiment_score
IMM	"[""IMMP"", ""IMM""]"	nACSvbGpva	2026-05-08 18:00:01	Pomerantz LLP Advises Shareholders of Class Action Filing Against Immutep Limited  – IMMP	ACCESSWIRE		2026-05-08 18:00:01	0.1291	0.1859	0.6849	-0.0568	negative	NO:sentiment_score,Float
IMMP	"[""IMMP"", ""IMM""]"	nACSvbGpva	2026-05-08 18:00:01	Pomerantz LLP Advises Shareholders of Class Action Filing Against Immutep Limited  – IMMP	ACCESSWIRE	146.13	2026-05-08 18:00:01	0.1291	0.1859	0.6849	-0.0568	negative	NO:sentiment_score
ATRA	"[""ATRA""]"	nACSkgCHwa	2026-05-08 18:00:01	Class Action Lawsuit Filed by Pomerantz LLP for Investors of Atara Biotherapeutics, Inc.  – ATRA	ACCESSWIRE	4.86	2026-05-08 18:00:01	0.1858	0.2064	0.6079	-0.0206	neutral	NO:sentiment_score
FCHL	"[""FCHL""]"	nACSHsQTHa	2026-05-08 18:00:02	Pomerantz LLP Informs Investors of Class Action Filing Against Fitness Champs Holdings Ltd.  – FCHL	ACCESSWIRE	0.35	2026-05-08 18:00:02	0.1324	0.2057	0.6619	-0.0734	negative	NO:sentiment_score
6B6	"[""MNDY"", ""6B6""]"	nACSmjw3Ya	2026-05-08 18:00:02	Pomerantz LLP Notifies Investors of Class Action Filing Against monday.com Ltd.  – MNDY	ACCESSWIRE		2026-05-08 18:00:02	0.0806	0.2841	0.6353	-0.2036	negative	NO:sentiment_score,Float
MNDY	"[""MNDY"", ""6B6""]"	nACSmjw3Ya	2026-05-08 18:00:02	Pomerantz LLP Notifies Investors of Class Action Filing Against monday.com Ltd.  – MNDY	ACCESSWIRE	41.34	2026-05-08 18:00:02	0.0806	0.2841	0.6353	-0.2036	negative	NO:sentiment_score
DRVN	"[""DRVN""]"	nACSXKfvVa	2026-05-08 18:00:02	Pomerantz LLP Notifies Shareholders of Class Action Against Driven Brands Holdings Inc. – DRVN	ACCESSWIRE	58.87	2026-05-08 18:00:02	0.068	0.1655	0.7665	-0.0974	negative	NO:sentiment_score
CWH	"[""CWH""]"	nACSPmVPDa	2026-05-08 18:00:02	Pomerantz LLP Notifies Shareholders of Class Action Lawsuit Against Camping World Holdings, Inc.  – CWH	ACCESSWIRE	58.96	2026-05-08 18:00:02	0.0742	0.1678	0.758	-0.0936	negative	NO:sentiment_score
ALDX	"[""ALDX""]"	nACS2qqgka	2026-05-08 18:00:03	Pomerantz LLP Issues Important Reminder to Investors in Aldeyra Therapeutics, Inc.  of Class Action Filing – ALDX	ACCESSWIRE	55.6	2026-05-08 18:00:03	0.2929	0.0876	0.6195	0.2053	positive	YES
GPK	"[""GPK""]"	nACSt8w76a	2026-05-08 18:00:03	Pomerantz LLP Announces Class Action Against Graphic Packaging Holding Company  – GPK	ACCESSWIRE	291.17	2026-05-08 18:00:03	0.2059	0.2256	0.5684	-0.0197	neutral	NO:sentiment_score
GEMI	"[""GEMI""]"	nACS9P7qma	2026-05-08 18:00:03	Class Action Initiated by Pomerantz LLP Concerning Gemini Space Station, Inc.  – GEMI	ACCESSWIRE	38.2	2026-05-08 18:00:03	0.1416	0.1017	0.7567	0.0399	neutral	NO:sentiment_score
ONCO	"[""ONCO""]"	nACSF1PmYa	2026-05-08 18:00:04	Onco-Innovations Progresses Toward IND Preparation as Nucro-Technics Commences Bioanalysis for PNKP Inhibitor Technology	ACCESSWIRE	0.58	2026-05-08 18:00:04	0.5482	0.0189	0.4329	0.5294	positive	YES
NUAI	"[""NUAI""]"	nACSy3bpta	2026-05-08 18:00:05	Pomerantz LLP Issues Reminder to New Era Energy & Digital, Inc.  Investors – NUAI	ACCESSWIRE	73.85	2026-05-08 18:00:05	0.0974	0.0278	0.8748	0.0696	positive	YES
HUMA	"[""HUMA""]"	nBw9G2GKba	2026-05-08 18:01:00	Humacyte Investigation Initiated: Kahn Swick & Foti, LLC Investigates the Officers and Directors of Humacyte, Inc. - HUMA	Business Wire	192.98	2026-05-08 18:01:00	0.0407	0.0495	0.9097	-0.0088	neutral	NO:sentiment_score
GTE	"[""GTE""]"	nGNX4JLrw6	2026-05-08 18:19:00	Gran Tierra Energy Announces Final Voting Results of its Annual Meeting of Stockholders	Globe Newswire	33.98	2026-05-08 18:19:00	0.0899	0.0352	0.8749	0.0547	positive	YES
CVR	"[""CVR""]"	nPn7pLyzHa	2026-05-08 18:31:17	Chicago Rivet & Machine Co. Announces First Quarter Results of Operations	PR Newswire	0.67	2026-05-08 18:31:17	0.0912	0.139	0.7699	-0.0478	neutral	NO:sentiment_score
SRAD	"[""SRAD"", ""1M4""]"	nNFC8mm769	2026-05-08 18:36:25	ROSEN, TOP RANKED GLOBAL COUNSEL, Encourages Sportradar Group AG Investors to Inquire About Securities Class Action Investigation - SRAD	Newsfile Corp	185.52	2026-05-08 18:36:25	0.1793	0.027	0.7938	0.1523	positive	YES
1M4	"[""SRAD"", ""1M4""]"	nNFC8mm769	2026-05-08 18:36:25	ROSEN, TOP RANKED GLOBAL COUNSEL, Encourages Sportradar Group AG Investors to Inquire About Securities Class Action Investigation - SRAD	Newsfile Corp		2026-05-08 18:36:25	0.1793	0.027	0.7938	0.1523	positive	NO:Float
CWH	"[""CWH""]"	nACSNVjZxa	2026-05-08 19:15:00	CWH DEADLINE ALERT: ROSEN, TOP RANKED GLOBAL COUNSEL, Encourages Camping World Holdings, Inc. Investors to Secure Counsel Before Important May 11 Deadline in Securities Class Action - CWH	ACCESSWIRE	58.96	2026-05-08 19:15:00	0.298	0.0465	0.6555	0.2514	positive	YES
SES	"[""SES""]"	nACSyXTfWa	2026-05-08 19:16:00	ROSEN, TOP RANKED GLOBAL COUNSEL, Encourages SES AI Corporation Investors to Secure Counsel Before Important Deadline in Securities Class Action First Filed by the Firm - SES	ACCESSWIRE	236.25	2026-05-08 19:16:00	0.2383	0.0336	0.7281	0.2047	positive	YES
NUAI	"[""NUAI""]"	nACSFclw5a	2026-05-08 19:45:00	ROSEN, SKILLED INVESTOR COUNSEL, Encourages New Era Energy & Digital, Inc. Investors to Secure Counsel Before Important Deadline in Securities Class Action - NUAI	ACCESSWIRE	73.85	2026-05-08 19:45:00	0.1877	0.0534	0.7589	0.1343	positive	YES
ALDX	"[""ALDX""]"	nACSySgL6a	2026-05-08 19:55:00	ROSEN, LEADING INVESTOR COUNSEL, Encourages Aldeyra Therapeutics, Inc. Investors to Secure Counsel Before Important Deadline in Securities Class Action First Filed by The Firm - ALDX	ACCESSWIRE	55.6	2026-05-08 19:55:00	0.3995	0.0755	0.525	0.3239	positive	YES
PPL	"[""PPL""]"	nBwbMv0k8a	2026-05-08 19:59:00	Pembina Pipeline Reports Voting Results from 2026 Annual Meeting of Shareholders	Business Wire	750.75	2026-05-08 19:59:00	0.0911	0.0518	0.857	0.0393	neutral	NO:sentiment_score,Float
ECOR	"[""ECOR""]"	nGNX9jVgbV	2026-05-08 20:00:00	electroCore to Present at the LD Micro Invitational XVI Conference on May 18, 2026	Globe Newswire	5.08	2026-05-08 20:00:00	0.0742	0.018	0.9078	0.0562	positive	YES
GPK	"[""GPK""]"	nPn4hWBQba	2026-05-08 20:15:00	GPK Stockholder Alert: Shareholder Rights Law Firm Robbins LLP Reminds Investors of the Class Action Filed Against Graphic Packaging Holding Company	PR Newswire	291.17	2026-05-08 20:15:00	0.3246	0.0929	0.5825	0.2317	positive	YES
GAIA	"[""GAIA""]"	nBwc2lPTPa	2026-05-08 20:58:00	GAIA, INC. INVESTOR ALERT: Kirby McInerney LLP Announces Investigation Into Potential Securities Fraud	Business Wire	17.79	2026-05-08 20:58:00	0.1304	0.1569	0.7128	-0.0265	neutral	NO:sentiment_score
ISPC	"[""ISPC""]"	nGNX3DhBqt	2026-05-08 21:04:00	iSpecimen Inc. Announces Pricing of Approximately $2.5 Million Private Placement	Globe Newswire	0.74	2026-05-08 21:04:00	0.1053	0.014	0.8806	0.0913	positive	YES
GPK	"[""GPK""]"	nBw9qtG9ra	2026-05-08 21:17:00	INVESTOR ALERT: Securities Class Action Filed Against Graphic Packaging Holding Company – Investors Encouraged to Contact Kirby McInerney LLP	Business Wire	291.17	2026-05-08 21:17:00	0.1559	0.2447	0.5994	-0.0887	negative	NO:sentiment_score
SES	"[""SES""]"	nPnbbsySqa	2026-05-08 22:00:01	SES AI Corporation Securities Fraud Class Action Result of Weak Revenue Guidance and 37% Stock Decline - Investors may Contact Lewis Kahn, Esq, at Kahn Swick & Foti, LLC	PR Newswire	236.25	2026-05-08 22:00:01	0.0522	0.7216	0.2262	-0.6694	negative	NO:sentiment_score
GEMI	"[""GEMI""]"	nPn2hP5pZa	2026-05-08 22:00:01	Gemini Space Station, Inc. Notice of May 18, 2026 Application Deadline for Class Action Lawsuit - Contact Lewis Kahn, Esq. at Kahn Swick & Foti, LLC, Before Application Deadline	PR Newswire	38.2	2026-05-08 22:00:01	0.1291	0.0865	0.7844	0.0426	neutral	NO:sentiment_score
FSK	"[""FSK""]"	nBw2wgVRha	2026-05-08 22:12:00	FSK INVESTOR NOTICE: Robbins Geller Rudman & Dowd LLP Announces that FS KKR Capital Corp. Investors with Substantial Losses Have Opportunity to Lead Class Action Lawsuit	Business Wire	279.32	2026-05-08 22:12:00	0.4401	0.1708	0.3891	0.2693	positive	YES
POET	"[""POET""]"	nNFC1VkHzx	2026-05-08 22:46:17	ROSEN, A LONGSTANDING LAW FIRM, Encourages POET Technologies Inc. Investors to Secure Counsel Before Important Deadline in Securities Class Action First Filed by the Firm - POET	Newsfile Corp	90.52	2026-05-08 22:46:17	0.2198	0.0366	0.7436	0.1831	positive	YES
