Symbol	Tickers	ID	ArrivalTime	Headline	Author	Float	Exchange	FinBERTCompletedAt	positive	negative	neutral	sentiment_score	label	nocoref_neutral_filter	nocoref_confidence_weighted	nocoref_net_score	nocoref_top_k	nocoref_positional	NoCorefCompletedAt	Trigger
MU	"[""MU""]"	nGNX995D3t	2026-06-09 00:37:44.502	Defiance Launches MUZ: The First 2X Short ETF for Micron Technology, Inc.	Globe Newswire	1120.0	NASDAQ	2026-06-09 00:37:44.522633	0.2068	0.0128	0.7804	0.194	positive	0.0899	-0.004	0.062	0.2971	0.0977	2026-06-09 00:37:45.026483	NO:Float
TTEF	"[""TTE"", ""TTEF""]"	nBw3ZwTpTa	2026-06-09 02:00:00.534	REG-TotalEnergies SE Total Voting Rights	Business Wire		NYSE	2026-06-09 02:00:00.546013	0.0931	0.015	0.8919	0.078	positive	0.065	0.0445	0.0404	0.0587	0.043	2026-06-09 02:00:00.792368	NO:Float
TTE	"[""TTE"", ""TTEF""]"	nBw3ZwTpTa	2026-06-09 02:00:00.534	REG-TotalEnergies SE Total Voting Rights	Business Wire	2110.0	NYSE	2026-06-09 02:00:00.544681	0.0931	0.015	0.8919	0.078	positive	0.0439	0.0407	0.0382	0.0596	0.0408	2026-06-09 02:00:00.792466	NO:Float
TXN	"[""TXN""]"	nPn6Gxc6sa	2026-06-09 02:00:03.145	TI brings intelligence to battery management systems with industry's highest-cell-count EIS-enabled battery monitor	PR Newswire	907.74	NASDAQ	2026-06-09 02:00:03.172444	0.4217	0.0093	0.5689	0.4124	positive	0.3209	0.3625	0.3002	0.6186	0.3022	2026-06-09 02:00:03.707922	NO:Float
IHG	"[""IHG""]"	nACSfGCrsa	2026-06-09 02:00:04.230	InterContinental Hotels Group PLC Announces Transaction in Own Shares - June 09	ACCESSWIRE	148.6	LSE	2026-06-09 02:00:04.251047	0.0779	0.0316	0.8905	0.0464	neutral	0.1894	0.1562	0.061	0.2351	0.0494	2026-06-09 02:00:04.640844	NO:Float
NBIS	"[""NBIS""]"	nBw7Xhx6pa	2026-06-09 02:00:04.392	Nebius Launches Physical AI Living Lab for UK and European Robotics Startups Built With NVIDIA Technologies	Business Wire	201.04	NASDAQ	2026-06-09 02:00:04.428831	0.1675	0.0134	0.8191	0.154	positive	0.3291	0.3544	0.2044	0.5569	0.2206	2026-06-09 02:00:05.087938	NO:Float
SUNB	"[""SUNB""]"	nPRr93463a	2026-06-09 02:01:23.132	REG-Sunbelt Rentals Holdings Inc.: Transaction in Own Shares	PR Newswire	411.78	NYSE	2026-06-09 02:01:23.147857	0.0735	0.0188	0.9077	0.0547	positive	0.1089	0.042	0.038	0.0708	0.0392	2026-06-09 02:01:23.484712	NO:Float
ON	"[""ON""]"	nGNX8zBy3k	2026-06-09 03:00:00.564	onsemi Introduces GaNEXUS Gallium Nitride Power Portfolio	Globe Newswire	389.43	NASDAQ	2026-06-09 03:00:00.591385	0.1131	0.0125	0.8744	0.1006	positive	0.4259	0.5216	0.3865	0.7718	0.3386	2026-06-09 03:00:01.274227	NO:Float
DTEGN	"[""PANW"", ""DTEGN""]"	nPremtgVba	2026-06-09 03:00:05.585	Palo Alto Networks and Deutsche Telekom Bring AI-Driven Security with Advanced Sovereignty Controls for European Regulated Industries	PR Newswire		NASDAQ	2026-06-09 03:00:05.612854	0.2941	0.0212	0.6846	0.2729	positive	0.2878	0.3873	0.2332	0.6742	0.2147	2026-06-09 03:00:06.278870	NO:Float
PANW	"[""PANW"", ""DTEGN""]"	nPremtgVba	2026-06-09 03:00:05.585	Palo Alto Networks and Deutsche Telekom Bring AI-Driven Security with Advanced Sovereignty Controls for European Regulated Industries	PR Newswire	806.67	NASDAQ	2026-06-09 03:00:05.613215	0.2941	0.0212	0.6846	0.2729	positive	0.2846	0.3805	0.2334	0.6742	0.2172	2026-06-09 03:00:06.278980	NO:Float
FORR	"[""FORR""]"	nBw5LFhXa	2026-06-09 03:30:00.399	Forrester Reveals The Top 10 Highest-Performing Brands In Its 2026 Global Total Experience Score Rankings​ At Its CX Events	Business Wire	11.56	NASDAQ	2026-06-09 03:30:00.423289	0.6045	0.0196	0.3759	0.5848	positive	0.4236	0.4794	0.3885	0.8526	0.4163	2026-06-09 03:30:00.905364	YES
WISEA	"[""WSE"", ""WISEA""]"	nPnbXlMjQa	2026-06-09 03:48:00.187	Rosen Law Firm Encourages Wise Group plc Investors to Inquire About Securities Class Action Investigation - WSE	PR Newswire		NASDAQ	2026-06-09 03:48:00.221167	0.1766	0.0293	0.7941	0.1473	positive	0.1375	0.0956	0.1111	0.539	0.0585	2026-06-09 03:48:00.755601	NO:Float,excluded_string
WSE	"[""WSE"", ""WISEA""]"	nPnbXlMjQa	2026-06-09 03:48:00.187	Rosen Law Firm Encourages Wise Group plc Investors to Inquire About Securities Class Action Investigation - WSE	PR Newswire	781.47	NASDAQ	2026-06-09 03:48:00.219851	0.1766	0.0293	0.7941	0.1473	positive	0.107	0.0663	0.0895	0.539	0.0207	2026-06-09 03:48:00.755731	NO:Float,excluded_string
CINT	"[""CINT""]"	nBw5kJB7Fa	2026-06-09 04:00:00.443	CI&T Joins Claude Partner Network to Scale Claude Across the World's Largest Enterprises, with 1,000+ Certified AI Engineers	Business Wire	16.33	NYSE	2026-06-09 04:00:00.473554	0.3244	0.015	0.6606	0.3094	positive	0.4502	0.5298	0.3387	0.7355	0.3836	2026-06-09 04:00:01.341386	YES
IBKR	"[""IBKR""]"	nBw2bGsjba	2026-06-09 04:00:00.562	Interactive Brokers Launches Commission-Free iShares ETFs from BlackRock through Recurring Investment Feature Across Europe	Business Wire	432.03	NASDAQ	2026-06-09 04:00:00.610052	0.2509	0.0082	0.7408	0.2427	positive	0.4166	0.5065	0.3099	0.7703	0.3026	2026-06-09 04:00:01.726214	NO:Float
CTEC	"[""LLY"", ""CTEC""]"	nBw4qJpJ4a	2026-06-09 04:00:00.858	Convatec and Lilly Foundation Commit $5m to Partners In Health to Improve Care for Non‑communicable Disease and Chronic Conditions	Business Wire		NYSE	2026-06-09 04:00:00.935419	0.7255	0.0159	0.2586	0.7096	positive	0.6084	0.6605	0.6084	0.8261	0.6043	2026-06-09 04:00:02.483662	NO:Float
LLY	"[""LLY"", ""CTEC""]"	nBw4qJpJ4a	2026-06-09 04:00:00.858	Convatec and Lilly Foundation Commit $5m to Partners In Health to Improve Care for Non‑communicable Disease and Chronic Conditions	Business Wire	847.09	NYSE	2026-06-09 04:00:00.934107	0.7255	0.0159	0.2586	0.7096	positive	0.6084	0.6605	0.6084	0.8261	0.6043	2026-06-09 04:00:02.484221	NO:Float
WTF	"[""WTF""]"	nACSJnwvza	2026-06-09 04:15:00.679	What Waton's New Platform - MoTA Is Designed To Help Users Do	ACCESSWIRE	6.26	NASDAQ	2026-06-09 04:15:00.710365	0.1736	0.0093	0.8171	0.1643	positive	0.1487	0.1082	0.0521	0.262	0.065	2026-06-09 04:15:01.183661	YES
SHEL	"[""SHEL""]"	nGNEK0JJ3	2026-06-09 04:58:03.617	REG-Transaction in Own Shares	Globe Newswire	2790.0	LSE	2026-06-09 04:58:03.640098	0.0526	0.0227	0.9248	0.0299	neutral	0.0561	0.0566	0.0497	0.0809	0.049	2026-06-09 04:58:03.986291	NO:Float
MLCO	"[""MLCO"", ""MPEY""]"	nPNAY9XHRa	2026-06-09 04:58:52.626	Asia Bankers Club Expands into Japan Real Estate Market Through Strategic Appointment by TAKARA LEBEN	PR Newswire	388.05	NASDAQ	2026-06-09 04:58:52.658397	0.4638	0.014	0.5222	0.4497	positive	0.6265	0.6877	0.6265	0.8342	0.6583	2026-06-09 04:58:53.668231	NO:Float
MPEY	"[""MLCO"", ""MPEY""]"	nPNAY9XHRa	2026-06-09 04:58:52.626	Asia Bankers Club Expands into Japan Real Estate Market Through Strategic Appointment by TAKARA LEBEN	PR Newswire		NASDAQ	2026-06-09 04:58:52.659856	0.4638	0.014	0.5222	0.4497	positive	0.6265	0.6877	0.6265	0.8342	0.6583	2026-06-09 04:58:53.668736	NO:Float
GPUS	"[""GPUS""]"	nPn8wR6dDa	2026-06-09 05:00:01.301	Hyperscale Data Bitcoin Treasury Reaches Approximately 709 Bitcoin	PR Newswire	456.79	NYSE AMERICAN	2026-06-09 05:00:01.323294	0.1413	0.0243	0.8344	0.117	positive	0.1985	0.1598	0.0878	0.3125	0.0918	2026-06-09 05:00:02.037800	NO:Float
M	"[""UUUU"", ""M""]"	nNFC2TRFkq	2026-06-09 05:00:18.799	Myriad Announces Acquisition of 23 Breccia Pipe Uranium and REE Exploration Targets in Historically Significant Uranium District in Arizona - Including the Wate Pipe with a Historical Resource Estimate	Newsfile Corp	262.74	NYSE AMERICAN	2026-06-09 05:00:18.834339	0.5313	0.0157	0.453	0.5157	positive	0.3119	0.462	0.2968	0.8133	0.2658	2026-06-09 05:00:19.953931	NO:Float
UUUU	"[""UUUU"", ""M""]"	nNFC2TRFkq	2026-06-09 05:00:18.799	Myriad Announces Acquisition of 23 Breccia Pipe Uranium and REE Exploration Targets in Historically Significant Uranium District in Arizona - Including the Wate Pipe with a Historical Resource Estimate	Newsfile Corp	245.87	NYSE AMERICAN	2026-06-09 05:00:18.832900	0.5313	0.0157	0.453	0.5157	positive	0.3119	0.462	0.2968	0.8133	0.2658	2026-06-09 05:00:19.954248	NO:Float
OPTU	"[""OPTU""]"	nBw1mxGfQa	2026-06-09 06:00:00.823	Lightpath Deepens Long-Standing Partnership with Netcracker for Modernized OSS and Enhanced Professional Services	Business Wire	265.17	NYSE	2026-06-09 06:00:00.855362	0.8624	0.0093	0.1283	0.8531	positive	0.5104	0.6092	0.4404	0.8068	0.5554	2026-06-09 06:00:02.100689	NO:Float
9766	"[""CCL"", ""9766""]"	nBw9yJ8Rfa	2026-06-09 06:00:01.246	Carnival Corporation Successfully Deploys Konami’s SYNKROS Casino Management System Across Carnival Cruise Line; Innovating The Gaming Experience for Guests	Business Wire		NYSE	2026-06-09 06:00:01.324653	0.7404	0.0094	0.2503	0.731	positive	0.4425	0.544	0.3012	0.7819	0.3687	2026-06-09 06:00:03.957335	NO:Float
CCL	"[""CCL"", ""9766""]"	nBw9yJ8Rfa	2026-06-09 06:00:01.246	Carnival Corporation Successfully Deploys Konami’s SYNKROS Casino Management System Across Carnival Cruise Line; Innovating The Gaming Experience for Guests	Business Wire	1240.0	NYSE	2026-06-09 06:00:01.316139	0.7404	0.0094	0.2503	0.731	positive	0.4657	0.5649	0.3233	0.7888	0.41	2026-06-09 06:00:03.959676	NO:Float
NDAQ	"[""NDAQ""]"	nGNXcgm2CJ	2026-06-09 06:00:02.176	Nasdaq Launches Economic Institute, Debuts New AI Research Series	Globe Newswire	444.89	NASDAQ	2026-06-09 06:00:02.242191	0.1785	0.0218	0.7997	0.1567	positive	0.3352	0.4187	0.3352	0.6984	0.3359	2026-06-09 06:00:04.000881	NO:Float
PWRL	"[""PWRL""]"	nBw7RjxPSa	2026-06-09 06:00:02.507	Powerlaw Corp. (Nasdaq: PWRL) Reports Net Asset Value (NAV) and NAV per Share for May 2026	Business Wire		NASDAQ	2026-06-09 06:00:02.592429	0.0569	0.0423	0.9008	0.0146	neutral	0.1192	0.067	0.0455	0.1598	0.0461	2026-06-09 06:00:05.090628	NO:Float
OM	"[""OM""]"	nGNXbhDnLT	2026-06-09 06:00:03.675	Osisko Intersects 80 Metres Averaging 1.93% Cu at Gaspé	Globe Newswire	17.76	TSX	2026-06-09 06:00:03.735102	0.2846	0.0551	0.6604	0.2295	positive	0.2946	0.4077	0.2578	0.7728	0.2597	2026-06-09 06:00:05.258220	YES
NWSA	"[""NWSA""]"	nPn69pGkxa	2026-06-09 06:00:14.680	Realtor.com® Gives America's 87 Million Homeowners a Smarter Way to Manage Their Most Valuable Asset	PR Newswire	364.69	NASDAQ	2026-06-09 06:00:14.713904	0.2939	0.0133	0.6928	0.2807	positive	0.1822	0.24	0.1577	0.4355	0.179	2026-06-09 06:00:15.434925	NO:Float
YUM	"[""YUM""]"	nPnbN9SSHa	2026-06-09 06:00:22.368	PIZZA HUT ANNOUNCES THE SUMMER OF HUT ORIGINALS - A NEW PLATFORM CELEBRATING THE ICONIC FOOD, EXPERIENCES AND FANS THAT MADE THE BRAND	PR Newswire	275.2	NYSE	2026-06-09 06:00:22.398628	0.2748	0.0197	0.7055	0.2551	positive	0.2276	0.2971	0.1917	0.5324	0.1907	2026-06-09 06:00:23.489164	NO:Float
VMAR	"[""VMAR""]"	nPn87r7PGa	2026-06-09 06:00:22.524	Vision Marine Technologies Advances E-Motion™ Platform Through Real-World Boat Testing and System-Level Technology Improvements	PR Newswire	1.71	NASDAQ	2026-06-09 06:00:22.547028	0.2101	0.0104	0.7796	0.1997	positive	0.4594	0.5419	0.4594	0.759	0.4392	2026-06-09 06:00:23.702603	YES
GPUS	"[""GPUS""]"	nPn8LcVGCa	2026-06-09 06:03:12.188	Hyperscale Data, Inc. Announces Preliminary Results for Tender Offer	PR Newswire	456.79	NYSE AMERICAN	2026-06-09 06:03:12.210627	0.0857	0.0314	0.8829	0.0543	positive	0.2032	0.1502	0.0915	0.301	0.0858	2026-06-09 06:03:12.778957	NO:Float
INTU	"[""INTU""]"	nPn83p9bCa	2026-06-09 06:11:00.385	Stock Drop Alert: Intuit (INTU) 20% Stock Drop on Pricing Issues Trigger Securities Fraud Investigation on behalf of Investors	PR Newswire	267.63	NASDAQ	2026-06-09 06:11:00.416748	0.0223	0.9046	0.0731	-0.8823	negative	-0.2009	-0.2829	-0.12	0.4457	-0.1567	2026-06-09 06:11:00.852193	NO:sentiment_score,Float
MAX	"[""MAX""]"	nPn3HJC7Na	2026-06-09 06:13:00.287	Stock Alert: MediaAlpha (MAX) FTC Settlement Triggers Investigation into the Board on behalf of Current Shareholders	PR Newswire	28.6	NYSE	2026-06-09 06:13:00.305610	0.0733	0.4465	0.4801	-0.3732	negative	0.0514	0.1024	0.0414	0.5205	-0.0158	2026-06-09 06:13:00.789231	NO:sentiment_score
THCH	"[""THCH""]"	nGNX2r9qqG	2026-06-09 06:15:00.541	Tims China Announces Appointment of Mr. Kwok Wah Cheung as Chief Executive Officer and Issuance of Additional Senior Secured Convertible Notes	Globe Newswire	9.6	NASDAQ	2026-06-09 06:15:00.567787	0.1065	0.0363	0.8572	0.0702	positive	0.3848	0.4882	0.2875	0.7856	0.1955	2026-06-09 06:15:01.646915	YES
UEC	"[""UEC""]"	nPn2rzXbza	2026-06-09 06:15:00.580	Uranium Energy Corp Reports Results for the Third Quarter of Fiscal 2026	PR Newswire	480.86	NYSE AMERICAN	2026-06-09 06:15:00.614609	0.0686	0.1335	0.798	-0.0649	negative	0.4907	0.5986	0.4708	0.8712	0.4801	2026-06-09 06:15:02.131085	NO:sentiment_score,Float
BRAI	"[""BRAI""]"	nPRr93773a	2026-06-09 06:22:05.330	REG-BlackRock American Income Trust Plc: Net Asset Value(s)	PR Newswire	53.1	LSE	2026-06-09 06:22:05.343402	0.0711	0.0375	0.8914	0.0336	neutral	0.0	0.0205	0.0239	0.0217	0.0233	2026-06-09 06:22:05.506590	YES
UXIN	"[""UXIN"", ""H90Y""]"	nPn8jNkzqa	2026-06-09 06:30:00.875	Uxin to Report First Quarter 2026 Financial Results on June 16, 2026	PR Newswire	216.2	NASDAQ	2026-06-09 06:30:00.891738	0.067	0.0576	0.8754	0.0094	neutral	0.4457	0.476	0.2117	0.7388	0.154	2026-06-09 06:30:02.701046	NO:Float
H90Y	"[""UXIN"", ""H90Y""]"	nPn8jNkzqa	2026-06-09 06:30:00.875	Uxin to Report First Quarter 2026 Financial Results on June 16, 2026	PR Newswire		NASDAQ	2026-06-09 06:30:00.891377	0.067	0.0576	0.8754	0.0094	neutral	0.5218	0.516	0.2405	0.7388	0.1793	2026-06-09 06:30:02.707675	NO:Float
TMQ	"[""TMQ"", ""S32""]"	nPn1GDK3ya	2026-06-09 06:30:00.566	Trilogy Metals Announces Commencement of 2026 Summer Field Program at the Upper Kobuk Mineral Projects in Alaska	PR Newswire	109.71	NYSE AMERICAN	2026-06-09 06:30:00.594662	0.2108	0.0238	0.7654	0.1871	positive	0.3862	0.5169	0.3546	0.7878	0.3508	2026-06-09 06:30:02.892095	NO:Float
S32	"[""TMQ"", ""S32""]"	nPn1GDK3ya	2026-06-09 06:30:00.566	Trilogy Metals Announces Commencement of 2026 Summer Field Program at the Upper Kobuk Mineral Projects in Alaska	PR Newswire		NYSE AMERICAN	2026-06-09 06:30:00.594390	0.2108	0.0238	0.7654	0.1871	positive	0.3846	0.5227	0.3515	0.7878	0.3431	2026-06-09 06:30:02.892228	NO:Float
USGO	"[""USGO""]"	nPn4JZv8Ba	2026-06-09 06:30:00.924	U.S. GoldMining Provides Updates on the 2026 Exploration Program and District Infrastructure Catalysts at its 100% Owned Whistler Project, Alaska	PR Newswire	2.46	NASDAQ	2026-06-09 06:30:00.947508	0.1501	0.0413	0.8086	0.1088	positive	0.4979	0.6001	0.4743	0.8549	0.383	2026-06-09 06:30:03.321622	YES
BNR	"[""BNR""]"	nGNXbZm7Jj	2026-06-09 06:38:37.115	Burning Rock Reports First Quarter 2026 Financial Results	Globe Newswire	8.77	NASDAQ	2026-06-09 06:38:37.142454	0.1252	0.1092	0.7656	0.016	neutral	-0.1456	-0.2468	-0.1381	0.5494	-0.0502	2026-06-09 06:38:38.034622	YES
DBI	"[""DBI""]"	nPnDW2sKa	2026-06-09 06:45:00.923	Designer Brands Inc. Reports First Quarter 2026 Financial Results	PR Newswire	35.25	NYSE	2026-06-09 06:45:00.969901	0.0771	0.1224	0.8005	-0.0453	neutral	0.3145	0.4466	0.3004	0.9115	0.3673	2026-06-09 06:45:01.880276	NO:sentiment_score
FURY	"[""FURY""]"	nGNXbGnR85	2026-06-09 06:59:00.268	Fury Engages Leading Firms to Advance Eau Claire Pre-Feasibility Study Work	Globe Newswire	175.56	TSX	2026-06-09 06:59:00.295562	0.6164	0.0128	0.3708	0.6036	positive	0.3487	0.4426	0.2701	0.7381	0.2739	2026-06-09 06:59:00.839923	NO:Float
YQ	"[""YQ""]"	nGNX6YVB1D	2026-06-09 07:00:01.182	17 Education & Technology Group Inc. to Report First Quarter 2026 Unaudited Financial Results on June 16, 2026	Globe Newswire	6.64	NASDAQ	2026-06-09 07:00:01.219728	0.1148	0.1715	0.7137	-0.0567	negative	0.1864	0.1579	0.1062	0.2969	0.085	2026-06-09 07:00:01.812632	NO:sentiment_score
ACONW	"[""ACON"", ""ACONW""]"	nGNX9hpt06	2026-06-09 07:00:00.739	Aclarion Partners with PRIA Healthcare to Advance Reimbursement and Commercial Adoption of Its AI-Powered Nociscan Platform	Globe Newswire	2.2062	NASDAQ	2026-06-09 07:00:00.782754	0.5279	0.0106	0.4615	0.5172	positive	0.596	0.6758	0.5685	0.8327	0.6254	2026-06-09 07:00:02.052927	YES
ACON	"[""ACON"", ""ACONW""]"	nGNX9hpt06	2026-06-09 07:00:00.739	Aclarion Partners with PRIA Healthcare to Advance Reimbursement and Commercial Adoption of Its AI-Powered Nociscan Platform	Globe Newswire	2.2	NASDAQ	2026-06-09 07:00:00.780784	0.5279	0.0106	0.4615	0.5172	positive	0.5858	0.6292	0.5318	0.7956	0.591	2026-06-09 07:00:02.053036	YES
GPK	"[""GPK""]"	nACS63pkLa	2026-06-09 07:00:04.300	GPK SHAREHOLDER ALERT: Bronstein, Gewirtz and Grossman, LLC Announces that Graphic Packaging Holding Company Shareholders Have Opportunity to Lead Class Action Lawsuit!	ACCESSWIRE	291.25	NYSE	2026-06-09 07:00:04.327793	0.1383	0.3867	0.4751	-0.2484	negative	-0.1697	-0.2662	-0.0989	-0.0471	-0.1327	2026-06-09 07:00:04.997536	NO:sentiment_score,Float
IFF	"[""IFF""]"	nBw6GLZLka	2026-06-09 07:00:04.413	IFF’s 2025 Do More Good Report Highlights Progress in Nature-Based Innovation	Business Wire	250.62	NYSE	2026-06-09 07:00:04.430534	0.6591	0.0196	0.3214	0.6395	positive	0.3959	0.5298	0.3615	0.8574	0.4033	2026-06-09 07:00:05.473666	NO:Float
LVWR	"[""LVWR""]"	nBw4Zj47va	2026-06-09 07:00:05.067	LiveWire Group, Inc. Commences Production of All‑New S4 Honcho™ Mini‑Moto Models	Business Wire	11.73	NYSE	2026-06-09 07:00:05.205924	0.1429	0.0227	0.8344	0.1202	positive	0.4103	0.484	0.3378	0.7329	0.3227	2026-06-09 07:00:06.134380	YES
ASTS	"[""ASTS""]"	nBw7jfKgZa	2026-06-09 07:00:05.980	AST SpaceMobile Announces Launch Date for BlueBird Satellites 8, 9, and 10	Business Wire	259.28	NASDAQ	2026-06-09 07:00:06.018853	0.0577	0.021	0.9213	0.0367	neutral	0.4728	0.5813	0.3882	0.7981	0.3497	2026-06-09 07:00:06.738124	NO:Float
HLN	"[""HLN""]"	nBw1n4qkWa	2026-06-09 07:00:09.981	Advil Challenges Sports Culture’s “No Pain No Gain” Mentality This Summer	Business Wire	4420.0	LSE	2026-06-09 07:00:09.995262	0.2872	0.0203	0.6925	0.2669	positive	0.2143	0.2656	0.2056	0.5062	0.1825	2026-06-09 07:00:10.584076	NO:Float
PICS	"[""PICS""]"	nACSkZtz5a	2026-06-09 07:00:11.799	PICS SHAREHOLDER ALERT:  Bronstein, Gewirtz and Grossman, LLC  Announces that PicS N.V. Shareholders with Substantial Losses Have Opportunity to Lead Class Action Lawsuit!	ACCESSWIRE	22.23	NASDAQ	2026-06-09 07:00:11.872568	0.1704	0.2978	0.5318	-0.1274	negative	0.0437	0.0125	0.0375	0.1679	-0.0145	2026-06-09 07:00:12.986416	NO:sentiment_score
RNAC	"[""RNAC""]"	nGNXbnwjyX	2026-06-09 07:00:11.653	Cartesian Therapeutics Announces Strategic Licensing Agreement with WestGene Biopharma to Accelerate the Development of In Vivo CAR-T Platform in Autoimmune Diseases	Globe Newswire	12.77	NASDAQ	2026-06-09 07:00:11.678417	0.8473	0.0107	0.142	0.8366	positive	0.5768	0.6495	0.5768	0.8335	0.5864	2026-06-09 07:00:13.450684	YES
SES	"[""SES""]"	nACSbbXxla	2026-06-09 07:00:11.824	SES SHAREHOLDER ALERT: Bronstein, Gewirtz and Grossman, LLC Announces that SES AI Corporation Shareholders Have Opportunity to Lead Class Action Lawsuit!	ACCESSWIRE	299.89	NYSE	2026-06-09 07:00:11.895744	0.1997	0.2032	0.5971	-0.0035	neutral	-0.0594	-0.1329	-0.024	0.2233	-0.0879	2026-06-09 07:00:13.698621	NO:sentiment_score,Float
AIAI	"[""AIAI""]"	nGNX5jSWnc	2026-06-09 07:00:16.748	NetraMark Announces Presentation at Sidoti Small Cap Conference on June 18, 2026	Globe Newswire	56.26	TSX	2026-06-09 07:00:16.765129	0.0619	0.0246	0.9136	0.0373	neutral	0.0652	-0.028	0.054	0.3815	0.0582	2026-06-09 07:00:17.457636	YES
PHR	"[""PHR""]"	nACSKqvwma	2026-06-09 07:00:17.849	PHR SHAREHOLDER ALERT: Bronstein, Gewirtz and Grossman, LLC Announces that Phreesia, Inc.  Shareholders Have Opportunity to Lead Class Action Lawsuit!	ACCESSWIRE	49.77	NYSE	2026-06-09 07:00:17.872248	0.1963	0.1986	0.6051	-0.0022	neutral	0.0224	-0.0086	0.0207	0.3341	-0.0376	2026-06-09 07:00:18.256454	NO:sentiment_score
FSK	"[""FSK""]"	nACSxk1lNa	2026-06-09 07:00:18.511	FSK INVESTOR ALERT:  Bronstein, Gewirtz and Grossman, LLC Announces that FS KKR Capital Corp. Stockholders Have Opportunity to Lead Class Action Lawsuit!	ACCESSWIRE	279.18	NYSE	2026-06-09 07:00:18.534453	0.1927	0.2456	0.5617	-0.0529	negative	0.0419	0.0491	0.0389	0.3341	-0.012	2026-06-09 07:00:19.303534	NO:sentiment_score,Float
ZTS	"[""ZTS""]"	nACSQG72ta	2026-06-09 07:00:18.615	ZTS SHAREHOLDER ALERT: Bronstein, Gewirtz and Grossman, LLC Announces that Zoetis Inc. Shareholders with Substantial Losses Have Opportunity to Lead Class Action Lawsuit!	ACCESSWIRE	416.83	NYSE	2026-06-09 07:00:18.639533	0.1472	0.3007	0.5521	-0.1535	negative	-0.0127	-0.0841	0.0114	0.3341	-0.0538	2026-06-09 07:00:20.570494	NO:sentiment_score,Float
FCHL	"[""FCHL""]"	nACS9NkDYa	2026-06-09 07:00:18.946	FCHL INVESTOR ALERT: Bronstein, Gewirtz and Grossman, LLC Reminds Stockholders of Fitness Champs Holdings Ltd. to Contact the Firm Today!	ACCESSWIRE	0.4	NASDAQ	2026-06-09 07:00:19.046788	0.1237	0.0371	0.8392	0.0867	positive	-0.065	-0.0883	-0.0242	0.2231	-0.0668	2026-06-09 07:00:20.764675	YES
RTX	"[""RTX""]"	nPn234l6ba	2026-06-09 07:00:19.061	RTX's Collins Aerospace quadruples MRO footprint in Malaysia	PR Newswire	1350.0	NYSE	2026-06-09 07:00:19.157854	0.3307	0.0157	0.6536	0.3149	positive	0.6311	0.7158	0.6033	0.8637	0.682	2026-06-09 07:00:21.373774	NO:Float
GLND	"[""GLND"", ""HAL""]"	nPn4fXKMSa	2026-06-09 07:00:19.152	Greenland Energy Company (NASDAQ: GLND) Announces Haliburton Agreement and Updates Progress on 2026 Greenland Exploration Program	PR Newswire	16.36	NASDAQ	2026-06-09 07:00:19.315774	0.1035	0.0306	0.8659	0.0728	positive	0.4245	0.5585	0.3825	0.8468	0.3418	2026-06-09 07:00:21.753940	YES
HAL	"[""GLND"", ""HAL""]"	nPn4fXKMSa	2026-06-09 07:00:19.152	Greenland Energy Company (NASDAQ: GLND) Announces Haliburton Agreement and Updates Progress on 2026 Greenland Exploration Program	PR Newswire	831.53	NASDAQ	2026-06-09 07:00:19.314013	0.1035	0.0306	0.8659	0.0728	positive	0.4299	0.5558	0.3915	0.8468	0.3457	2026-06-09 07:00:21.754607	NO:Float
EVGN	"[""EVGN""]"	nPn2CgNbla	2026-06-09 07:00:19.164	Evogene to Present Its Pharma Division Achievements at the BIO International Convention	PR Newswire	12.0	NASDAQ	2026-06-09 07:00:19.299422	0.214	0.0156	0.7704	0.1983	positive	0.18	0.1865	0.0993	0.3579	0.096	2026-06-09 07:00:22.130159	YES
CLWT	"[""CLWT""]"	nPn9SZHHsa	2026-06-09 07:00:19.194	Euro Tech Holdings Company Limited Announces The Launch Of Next-Generation Mobile Hybrid Facility For Enhanced Ballast Water Treatment	PR Newswire	3.19	NASDAQ	2026-06-09 07:00:19.272829	0.4741	0.0104	0.5155	0.4637	positive	0.3912	0.5299	0.282	0.7682	0.3512	2026-06-09 07:00:22.560615	YES
FNGR	"[""FNGR""]"	nNFC4HS9M7	2026-06-09 07:00:19.396	FingerMotion Enters Edge AI Inference Compute Market Through Strategic MOU with BlueFlare Energy Solutions; Plans to Proceed with First Behind-the-Meter Site (PR1) in Alberta Under Non-Binding Commercial Term Sheet	Newsfile Corp	46.14	NASDAQ	2026-06-09 07:00:19.543171	0.6475	0.0086	0.3438	0.6389	positive	0.277	0.3498	0.2364	0.679	0.2643	2026-06-09 07:00:22.844452	YES
IVVD	"[""IVVD""]"	nGNX9xc5pq	2026-06-09 07:01:00.430	Invivyd Announces First Participants Dosed in LIBERTY, a Phase 3 Clinical Trial to Evaluate the Safety and Tolerability of VYD2311 Antibody Versus mRNA COVID Vaccine and to Characterize the Safety and Immunology of Antibody and mRNA Vaccine Co-Administration	Globe Newswire	234.09	NASDAQ	2026-06-09 07:01:00.472381	0.5189	0.0184	0.4628	0.5005	positive	0.4535	0.5297	0.3955	0.7779	0.3895	2026-06-09 07:01:01.181047	NO:Float
AMBR	"[""AMBR""]"	nPNAnfv40a	2026-06-09 07:05:09.851	Amber Group to Host Inaugural Agentic Finance Forum on June 10, Spotlighting A-MM and the Future of AI-Driven Financial Infrastructure	PR Newswire	7.22	NASDAQ	2026-06-09 07:05:09.883660	0.4501	0.0224	0.5275	0.4277	positive	0.1837	0.1373	0.1467	0.5118	0.1539	2026-06-09 07:05:10.733011	YES
PBK	"[""PBK""]"	nPn2TwTF2a	2026-06-09 07:07:00.449	PowerBank Announces Safe Harbor of 30 MW and 31 MWh of Distributed Solar and Energy Storage Projects	PR Newswire	42.59	NASDAQ	2026-06-09 07:07:00.475932	0.3521	0.0123	0.6356	0.3397	positive	0.4026	0.5135	0.386	0.746	0.3947	2026-06-09 07:07:01.218050	YES
CRGO	"[""CRGO"", ""CRGOW""]"	nPn4q58C5a	2026-06-09 07:09:20.344	Freightos Joins IATA Digitalization Leadership Charter to Advance Modern Air Cargo Connectivity	PR Newswire	35.1	NASDAQ	2026-06-09 07:09:20.368575	0.2357	0.0145	0.7498	0.2213	positive	0.4697	0.5812	0.4386	0.8349	0.4336	2026-06-09 07:09:21.238951	YES
CRGOW	"[""CRGO"", ""CRGOW""]"	nPn4q58C5a	2026-06-09 07:09:20.344	Freightos Joins IATA Digitalization Leadership Charter to Advance Modern Air Cargo Connectivity	PR Newswire	34.4188	NASDAQ	2026-06-09 07:09:20.370857	0.2357	0.0145	0.7498	0.2213	positive	0.4679	0.5737	0.4269	0.85	0.4543	2026-06-09 07:09:21.239077	YES
SHMD	"[""SHMD""]"	nGNX92KN7w	2026-06-09 07:18:30.095	SCHMID Group announces Agreement for New China Manufacturing Campus to Support Future Growth	Globe Newswire	8.71	NASDAQ	2026-06-09 07:18:30.119408	0.8082	0.0131	0.1787	0.795	positive	0.4599	0.6002	0.3504	0.8453	0.4205	2026-06-09 07:18:30.903441	YES
AIIO	"[""AIIO""]"	nPn8yrZj9a	2026-06-09 07:24:27.122	Neurovia AI Highlights NeuroStream™ Technology for Trusted Visual Intelligence Infrastructure at UAE Government Cybersecurity Summit	PR Newswire	13.79	NASDAQ	2026-06-09 07:24:27.150774	0.3651	0.0125	0.6224	0.3527	positive	0.3679	0.4796	0.3679	0.7473	0.3958	2026-06-09 07:24:27.714044	YES
CVRX	"[""CVRX""]"	nGNXbTTj50	2026-06-09 07:30:00.560	CVRx Announces Chief Financial Officer Transition	Globe Newswire	15.17	NASDAQ	2026-06-09 07:30:00.577880	0.0889	0.0835	0.8276	0.0054	neutral	0.3977	0.4844	0.3072	0.742	0.3201	2026-06-09 07:30:01.613987	YES
FTLF	"[""FTLF""]"	nGNE7HwDNV	2026-06-09 07:30:00.878	Joey Chestnut Teams Up with Dr. Tobias for New Campaign: “Cleanse Like a Winner”	Globe Newswire	7.96	NASDAQ	2026-06-09 07:30:00.920393	0.1888	0.0201	0.7911	0.1686	positive	0.2871	0.3829	0.25	0.6557	0.2022	2026-06-09 07:30:02.198198	YES
QTEX	"[""QTEX""]"	nGNE944b7W	2026-06-09 07:30:01.260	QTREX Awarded Government Grant to Advance the World's First Native RF Dielectric Material for Quantum Computing	Globe Newswire	41.35	NASDAQ	2026-06-09 07:30:01.321749	0.7753	0.0109	0.2139	0.7644	positive	0.2438	0.2891	0.1999	0.7344	0.2277	2026-06-09 07:30:02.867726	YES
APG	"[""APG""]"	nBw3wDQPLa	2026-06-09 07:30:01.345	APi Group Completes Acquisition of Onyx-Fire Protection Services, Inc. And Updates 2026 Guidance	Business Wire	381.98	NYSE	2026-06-09 07:30:01.406700	0.0941	0.0294	0.8765	0.0646	positive	0.5725	0.659	0.4667	0.8526	0.5087	2026-06-09 07:30:03.170123	NO:Float
DKNG	"[""DKNG""]"	nBw90PmLpa	2026-06-09 07:30:02.166	DraftKings Announces Jason Robins’ Participation in Upcoming Event	Business Wire	476.51	NASDAQ	2026-06-09 07:30:02.217854	0.1137	0.0624	0.8239	0.0513	positive	0.0912	0.0485	0.0548	0.1941	0.0598	2026-06-09 07:30:03.474147	NO:Float
CREX	"[""CREX""]"	nGNX6yhDq3	2026-06-09 07:30:05.339	Creative Realities added to membership of Russell 3000® Index	Globe Newswire	8.72	NASDAQ	2026-06-09 07:30:05.357105	0.3487	0.0146	0.6367	0.3341	positive	0.4098	0.5175	0.2214	0.8245	0.2683	2026-06-09 07:30:06.117857	YES
ATLX	"[""ATLX""]"	nNFC1RWK5J	2026-06-09 07:30:14.614	Atlas Lithium CEO to Speak at Benchmark Giga USA 2026, a Leading Critical Minerals Event	Newsfile Corp	21.27	NASDAQ	2026-06-09 07:30:14.643074	0.2296	0.0344	0.7359	0.1952	positive	0.5095	0.6248	0.4396	0.8486	0.4506	2026-06-09 07:30:15.311750	YES
VENU	"[""VENU""]"	nBwcg2R7xa	2026-06-09 07:33:00.342	VENU CEO JW Roth Shares Business Update in Latest “VENU Capital Conversations” Episode	Business Wire	43.13	NYSE AMERICAN	2026-06-09 07:33:00.364993	0.1186	0.0962	0.7852	0.0223	neutral	0.2229	0.2155	0.1179	0.4046	0.1004	2026-06-09 07:33:00.985653	YES
AMAT	"[""AMAT""]"	nGNX6sKL2k	2026-06-09 07:35:00.315	Applied Materials Announces Cash Dividend	Globe Newswire	790.32	NASDAQ	2026-06-09 07:35:00.326387	0.1393	0.0655	0.7952	0.0738	positive	0.368	0.4958	0.2331	0.8069	0.2994	2026-06-09 07:35:00.816657	NO:Float
FUFU	"[""FUFU""]"	nGNX8SRkxM	2026-06-09 07:45:00.745	BitFuFu Announces May 2026 Bitcoin Production and Operational Updates	Globe Newswire	17.03	NASDAQ	2026-06-09 07:45:00.765780	0.0852	0.0214	0.8934	0.0639	positive	0.4324	0.5538	0.4141	0.8991	0.4867	2026-06-09 07:45:02.166312	YES
VHUB	"[""VHUB""]"	nGNXjVDLB	2026-06-09 07:45:00.689	VenHub Global Expands Autonomous Retail Platform into Florida	Globe Newswire	17.3807	NASDAQ	2026-06-09 07:45:00.709051	0.5633	0.0105	0.4261	0.5528	positive	0.5917	0.6061	0.5656	0.8344	0.6076	2026-06-09 07:45:02.271757	YES
ZENA	"[""ZENA""]"	nGNX7JMPvQ	2026-06-09 07:45:00.758	ZenaTech Added to Russell 3000® Index, Marking Major Milestone in Company's Growth and Market Recognition	Globe Newswire	18.41	NASDAQ	2026-06-09 07:45:00.779401	0.8207	0.0163	0.163	0.8043	positive	0.463	0.5867	0.3384	0.8603	0.3969	2026-06-09 07:45:03.614993	YES
ACTU	"[""ACTU""]"	nGNXDR84k	2026-06-09 07:45:00.791	Actuate Therapeutics’ Elraglusib Selected for Evaluation in BEACON2 Trial for High-Risk Pediatric Neuroblastoma	Globe Newswire	10.17	NASDAQ	2026-06-09 07:45:00.844070	0.8135	0.0213	0.1652	0.7922	positive	0.5314	0.575	0.5079	0.8101	0.4925	2026-06-09 07:45:03.881074	YES
ADTX	"[""ADTX""]"	nBwDL75Xa	2026-06-09 07:45:00.816	Aditxt Signed Definitive Agreement Valuing Ignite Proteomics at Approximately $150 Million	Business Wire	0.82	NASDAQ	2026-06-09 07:45:00.860532	0.536	0.0148	0.4492	0.5212	positive	0.3998	0.4678	0.3301	0.7259	0.2988	2026-06-09 07:45:04.425155	YES
CAG	"[""CAG""]"	nPn3bYYxFa	2026-06-09 07:45:29.644	Conagra Brands to Release Fiscal 2026 Fourth Quarter and Full Year Earnings on July 15, 2026	PR Newswire	475.29	NYSE	2026-06-09 07:45:29.670550	0.0787	0.0441	0.8771	0.0346	neutral	0.2626	0.2572	0.1264	0.4502	0.1256	2026-06-09 07:45:30.004672	NO:Float
APLD	"[""APLD""]"	nGNX5vp5Vz	2026-06-09 07:55:00.417	Applied Digital Announces Proposed Offering of $1.59 Billion of Senior Secured Notes to fund the Fourth Building at Polaris Forge 1	Globe Newswire	258.69	NASDAQ	2026-06-09 07:55:00.444219	0.3282	0.0197	0.6521	0.3085	positive	0.1566	0.1237	0.1074	0.4295	0.127	2026-06-09 07:55:01.333954	NO:Float
NSRX	"[""NSRX""]"	nGNX3f5SKl	2026-06-09 08:00:00.975	Nasus Pharma Announces Positive Results from Preclinical Pharmacokinetic and Safety Study of Intranasal Ondansetron (NS003)	Globe Newswire	2.86	NYSE AMERICAN	2026-06-09 08:00:01.009944	0.5553	0.0564	0.3883	0.4989	positive	0.4596	0.5484	0.417	0.7981	0.4366	2026-06-09 08:00:01.790368	YES
ROC	"[""ROC""]"	nGNE5pXSjm	2026-06-09 08:00:02.845	ROC Adds Steven L. McQueen Former Special Agent with the Federal Bureau of Investigation (FBI) as Senior Advisor	Globe Newswire	5.39	NASDAQ	2026-06-09 08:00:02.863254	0.0917	0.0355	0.8728	0.0562	positive	0.501	0.5869	0.3929	0.7215	0.4582	2026-06-09 08:00:03.570188	YES
UNP	"[""UNP""]"	nBwc2VFQDa	2026-06-09 08:00:04.276	Union Pacific Corporation CEO Jim Vena and CFO Jennifer Hamann to Address the NYSE 2026 European Investor Conference – In Association with Bank of America	Business Wire	592.41	NYSE	2026-06-09 08:00:04.297268	0.2043	0.0349	0.7609	0.1694	positive	0.1584	0.1214	0.0937	0.1934	0.0917	2026-06-09 08:00:04.529087	NO:Float
HAL	"[""HAL""]"	nBw53c73ja	2026-06-09 08:00:05.413	Pampa Energía Selects Halliburton to Support Enterprise Digital Transformation	Business Wire	831.53	NYSE	2026-06-09 08:00:05.439718	0.51	0.0105	0.4795	0.4995	positive	0.6048	0.6517	0.5244	0.8245	0.6077	2026-06-09 08:00:05.811928	NO:Float
VTAK	"[""VTAK""]"	nGNX2SpF74	2026-06-09 08:00:06.099	Flyte Announces World Cup Activation Strategy, Targeting Global Travel Demand Surrounding 2026 Tournament	Globe Newswire	1.97	NYSE AMERICAN	2026-06-09 08:00:06.121152	0.227	0.011	0.762	0.216	positive	0.3691	0.4739	0.337	0.6947	0.3874	2026-06-09 08:00:06.945589	YES
MWC	"[""MWC""]"	nGNXc4r6xp	2026-06-09 08:00:06.154	Micware Co., Ltd. Rings the Closing Bell to Celebrate its Nasdaq Global Market Listing	Globe Newswire	22.6286	NASDAQ	2026-06-09 08:00:06.178705	0.1919	0.0579	0.7501	0.134	positive	0.4074	0.4904	0.3203	0.7693	0.3999	2026-06-09 08:00:07.251683	YES
HOVR	"[""HOVR""]"	nACS1vlsma	2026-06-09 08:00:12.533	Horizon Aircraft Advances Cavorite X7 Flight Model Through Partnership With Marshall Aerospace	ACCESSWIRE	34.97	NASDAQ	2026-06-09 08:00:12.601181	0.2553	0.0093	0.7354	0.2461	positive	0.492	0.5859	0.3971	0.8405	0.4563	2026-06-09 08:00:13.560931	YES
SCWO	"[""SCWO""]"	nACS5972ga	2026-06-09 08:00:12.993	374Water Expands Orlando Partnership with Amended License Agreement to Build Full-Scale PFAS Waste Destruction and Manufacturing Hub	ACCESSWIRE	10.93	NASDAQ	2026-06-09 08:00:13.027367	0.7361	0.0085	0.2554	0.7276	positive	0.6377	0.703	0.6377	0.8347	0.6508	2026-06-09 08:00:14.078843	YES
IXHL	"[""IXHL""]"	nGNX2vCRlC	2026-06-09 08:00:13.123	Incannex Announces Initiation of Research Coverage by Alliance Global Partners	Globe Newswire	343.45	NASDAQ	2026-06-09 08:00:13.159613	0.1578	0.0208	0.8214	0.137	positive	0.3359	0.379	0.2078	0.7897	0.2671	2026-06-09 08:00:14.300086	NO:Float
TBH	"[""TBH""]"	nGNX3D6LXy	2026-06-09 08:00:14.331	House of Doge and MoonPay Enable Dogecoin Payments Across 6,000+ Merchants and Launch “ÐOGE Pay”	Globe Newswire	1.77	NASDAQ	2026-06-09 08:00:14.368797	0.1927	0.0133	0.794	0.1794	positive	0.4716	0.5676	0.4522	0.7882	0.4694	2026-06-09 08:00:15.863953	YES
MWYN	"[""MWYN""]"	nACSfqQ0Ma	2026-06-09 08:00:14.375	Marwynn Holdings' EcoLoopX Appoints Frank Xu as New Sales Director to Drive Commercial E-Waste Recycling and Supply Chain Expansion	ACCESSWIRE	14.2	NASDAQ	2026-06-09 08:00:14.398761	0.1446	0.011	0.8444	0.1336	positive	0.5436	0.5799	0.4201	0.8096	0.4591	2026-06-09 08:00:15.877796	YES
AGIG	"[""AGIG""]"	nGNX1qywZQ	2026-06-09 08:00:14.696	Abundia Global Impact Group Secures 10-year Feedstock Supply for Cedar Port Waste to Fuels Facility	Globe Newswire	12.4	NYSE AMERICAN	2026-06-09 08:00:14.732037	0.6785	0.0113	0.3102	0.6673	positive	0.4741	0.5746	0.3871	0.7905	0.4859	2026-06-09 08:00:16.647091	YES
SIEB	"[""SIEB""]"	nGNX3jk1k4	2026-06-09 08:00:17.550	Siebert and Voices For Children Launch Financial Empowerment Initiative for Foster Youth in Miami-Dade	Globe Newswire	15.26	NASDAQ	2026-06-09 08:00:17.571596	0.2356	0.0263	0.7381	0.2092	positive	0.3742	0.4705	0.3556	0.7156	0.3361	2026-06-09 08:00:18.248300	YES
ENVB	"[""ENVB""]"	nBw1Vl61sa	2026-06-09 08:00:20.518	Enveric Biosciences to Participate in the UBS 3rd Virtual CNS Day	Business Wire	3.55	NASDAQ	2026-06-09 08:00:20.551980	0.2023	0.0132	0.7845	0.1891	positive	0.2564	0.237	0.1201	0.3995	0.1614	2026-06-09 08:00:21.596241	YES
ACOG	"[""ACOG""]"	nBw3lPCXVa	2026-06-09 08:00:20.545	Alpha Cognition Reports Positive Top-Line Results from BEACON Real-World Study of ZUNVEYL® in Alzheimer’s Disease	Business Wire	13.87	NASDAQ	2026-06-09 08:00:20.574191	0.8488	0.0135	0.1378	0.8353	positive	0.3987	0.5062	0.3987	0.8917	0.4493	2026-06-09 08:00:21.816151	YES
ECOR	"[""ECOR""]"	nGNX2GH37H	2026-06-09 08:00:22.120	Frontiers in Neuroscience Accepts Review Article Synthesizing Evidence that Cervical nVNS Activates the Vagus Nerve Without Surgery	Globe Newswire	5.04	NASDAQ	2026-06-09 08:00:22.146123	0.5069	0.0396	0.4536	0.4673	positive	0.2449	0.3471	0.1743	0.6518	0.2222	2026-06-09 08:00:22.878341	YES
MCHP	"[""MCHP""]"	nGNXkF6PR	2026-06-09 08:00:22.657	Microchip Announces the TimePictra® 12 Platform to Strengthen Synchronization Management for Critical Infrastructure	Globe Newswire	531.24	NASDAQ	2026-06-09 08:00:22.689282	0.7538	0.0085	0.2377	0.7453	positive	0.4351	0.4784	0.3393	0.6695	0.3649	2026-06-09 08:00:23.447591	NO:Float
SEVN	"[""SEVN""]"	nBw3wQ4W1a	2026-06-09 08:00:24.272	Seven Hills Realty Trust Closes $22.7 Million First Mortgage Loan to Refinance a Medical Office Property in Sugar Land, Texas	Business Wire	21.84	NASDAQ	2026-06-09 08:00:24.299265	0.521	0.0505	0.4286	0.4705	positive	0.3122	0.4351	0.1855	0.7873	0.2686	2026-06-09 08:00:25.500137	YES
RKT	"[""RKT""]"	nBw4mQnX2a	2026-06-09 08:00:24.340	Nashville, Miami and Austin—Once Pandemic Homebuying Hotspots—Are This Spring’s Strongest Buyer’s Markets	Business Wire	960.91	NYSE	2026-06-09 08:00:24.372126	0.7182	0.0566	0.2252	0.6616	positive	0.148	0.1428	0.1348	0.6265	0.1917	2026-06-09 08:00:25.773173	NO:Float
CRWD	"[""CRWD""]"	nBw7hVvcva	2026-06-09 08:00:24.417	CrowdStrike 2026 Technology Threat Landscape Report: China Steals AI Capabilities It Can’t Build	Business Wire	245.39	NASDAQ	2026-06-09 08:00:24.484949	0.131	0.293	0.5759	-0.162	negative	0.0782	0.1264	0.0782	0.6527	0.0457	2026-06-09 08:00:26.557674	NO:sentiment_score,Float
OCCI	"[""OCCI""]"	nBwc66tDBa	2026-06-09 08:00:24.614	OFS Credit Company Announces Financial Results for the Second Fiscal Quarter 2026	Business Wire	28.81	NASDAQ	2026-06-09 08:00:24.633625	0.128	0.1155	0.7565	0.0124	neutral	-0.1981	-0.4473	-0.1872	-0.0826	-0.1872	2026-06-09 08:00:27.461064	YES
OWL	"[""OWL""]"	nPn92CYbXa	2026-06-09 08:00:26.261	Blue Owl Strengthens Global Presence with Opening of Abu Dhabi Office	PR Newswire	639.49	NYSE	2026-06-09 08:00:26.316664	0.8904	0.0165	0.093	0.8739	positive	0.571	0.6534	0.5198	0.8471	0.5737	2026-06-09 08:00:27.877257	NO:Float
HRL	"[""HRL""]"	nPn3GLwMva	2026-06-09 08:00:27.055	The SPAM® Brand and Hello Kitty® Serve Up a New Collectible Can and Flavorful Global Adventure	PR Newswire	288.13	NYSE	2026-06-09 08:00:27.159482	0.2248	0.0224	0.7528	0.2023	positive	0.2321	0.2953	0.2124	0.5663	0.2471	2026-06-09 08:00:28.370940	NO:Float
QTRX	"[""QTRX""]"	nBw3STxDRa	2026-06-09 08:03:00.315	Quanterix Announces Appointment of Jason Faessler as Chief Financial Officer	Business Wire	38.35	NASDAQ	2026-06-09 08:03:00.329551	0.0584	0.0665	0.875	-0.0081	neutral	0.5117	0.5912	0.3948	0.7875	0.4171	2026-06-09 08:03:01.091989	NO:sentiment_score
ALIT	"[""ALIT""]"	nBw7SxTkTa	2026-06-09 08:03:00.459	Alight Earns First-Place Honor for Leave Research Informing Return-to-Work Guidance	Business Wire	449.02	NYSE	2026-06-09 08:03:00.488274	0.6892	0.0325	0.2782	0.6567	positive	0.3167	0.3878	0.3167	0.7551	0.3919	2026-06-09 08:03:01.760732	NO:Float
PL	"[""PL""]"	nBwyppfya	2026-06-09 08:03:00.500	Planet Joins Industry-Academia Initiative to Advance Atmospheric Reentry Research with Astroscale	Business Wire	273.19	NYSE	2026-06-09 08:03:00.566061	0.4769	0.0105	0.5127	0.4664	positive	0.3505	0.4172	0.2907	0.6576	0.3459	2026-06-09 08:03:02.063110	NO:Float
ALPS	"[""ALPS""]"	nGNX88BKNd	2026-06-09 08:05:00.579	Alps Group Inc Expands MyGenome Accreditation to Include Whole Genome Sequencing Under MS ISO 15189:2022	Globe Newswire	44.99	NASDAQ	2026-06-09 08:05:00.597084	0.4386	0.0121	0.5494	0.4265	positive	0.3918	0.5065	0.2635	0.7749	0.2784	2026-06-09 08:05:01.839539	YES
SCNX	"[""SCNX""]"	nGNX7lb7lH	2026-06-09 08:05:00.541	SCIENTURE Secures Formulary Coverage for REZENOPY™ with a Large National Health Plan and Expands Commercial Team	Globe Newswire	20.89	NASDAQ	2026-06-09 08:05:00.566169	0.8103	0.0085	0.1812	0.8019	positive	0.6262	0.7058	0.5967	0.8465	0.6326	2026-06-09 08:05:02.313950	YES
OBAI	"[""OBAI""]"	nGNX8YBSNw	2026-06-09 08:07:00.400	Bond Highlights Growing Recognition of its Preventative Personal Security for Both Employees and Families	Globe Newswire	12.36	NASDAQ	2026-06-09 08:07:00.420704	0.8468	0.0105	0.1427	0.8363	positive	0.3505	0.4477	0.2387	0.8201	0.3202	2026-06-09 08:07:01.628585	YES
AMODW	"[""AMOD"", ""AMODW""]"	nGNX2SMvgD	2026-06-09 08:13:00.385	Alpha Cash Clears Two States in One Week: Kentucky and Pennsylvania Approved for Check Deposit	Globe Newswire	18.7799	NASDAQ	2026-06-09 08:13:00.400395	0.4315	0.0291	0.5394	0.4023	positive	0.314	0.4487	0.2605	0.8028	0.3148	2026-06-09 08:13:01.545221	YES
AMOD	"[""AMOD"", ""AMODW""]"	nGNX2SMvgD	2026-06-09 08:13:00.385	Alpha Cash Clears Two States in One Week: Kentucky and Pennsylvania Approved for Check Deposit	Globe Newswire	18.42	NASDAQ	2026-06-09 08:13:00.397591	0.4315	0.0291	0.5394	0.4023	positive	0.314	0.4487	0.2605	0.8028	0.3148	2026-06-09 08:13:01.545689	YES
ADP	"[""ADP""]"	nPn38Cmd8a	2026-06-09 08:15:00.276	ADP National Employment Report Preliminary Estimate for May 23, 2026	PR Newswire	399.15	NASDAQ	2026-06-09 08:15:00.297333	0.0413	0.1198	0.8389	-0.0785	negative	-0.0303	-0.1265	0.0071	0.1389	-0.0497	2026-06-09 08:15:00.769879	NO:sentiment_score,Float
PEG	"[""PEG""]"	nPn5lzXSfa	2026-06-09 08:15:06.949	PSEG Long Island Is Prepared for Summer 2026	PR Newswire	497.43	NYSE	2026-06-09 08:15:06.965689	0.1983	0.0457	0.756	0.1526	positive	0.5242	0.5335	0.3032	0.7588	0.361	2026-06-09 08:15:07.326167	NO:Float
FEED	"[""FEED""]"	nGNX71q9DM	2026-06-09 08:17:00.426	ENvue Medical Launches AI Training Platform Establishing Artificial Intelligence Foundation for Robotic Feeding Tube Navigation	Globe Newswire	5.68	NASDAQ	2026-06-09 08:17:00.452354	0.2417	0.0126	0.7457	0.2291	positive	0.3605	0.4395	0.3455	0.7693	0.3696	2026-06-09 08:17:01.234633	YES
RKTO	"[""RKTO""]"	nPn2VST3Ga	2026-06-09 08:22:00.556	Rocket One To File Patent Applications for AI-Powered Autonomous Defense and Space Security Platform Designed to Protect the Infrastructure of the Future	PR Newswire	20.41	NASDAQ	2026-06-09 08:22:00.571458	0.5752	0.0191	0.4057	0.5561	positive	0.2127	0.2532	0.1738	0.4611	0.1764	2026-06-09 08:22:01.481056	YES
QXL	"[""QXL""]"	nGNX9X362W	2026-06-09 08:26:00.381	Quantum X Labs and IQCC, a Quantum Machines Company, Sign Strategic Collaboration Agreement to Evaluate AI-Based Quantum Error Correction on Quantum Infrastructure	Globe Newswire	6.31	NASDAQ	2026-06-09 08:26:00.406067	0.8194	0.0142	0.1664	0.8052	positive	0.3735	0.4597	0.2728	0.7437	0.3005	2026-06-09 08:26:01.168189	YES
BLIN	"[""BLIN""]"	nACS2mxT6a	2026-06-09 08:30:01.490	Bridgeline Secures Contract with Multi-Vertical Industrial Distributor, Expanding HawkSearch B2B eCommerce Momentum	ACCESSWIRE	9.17	NASDAQ	2026-06-09 08:30:01.517636	0.9083	0.0106	0.0811	0.8978	positive	0.6119	0.6847	0.4287	0.8758	0.462	2026-06-09 08:30:01.989965	YES
AESPU	"[""AESPU""]"	nACSk2Yxka	2026-06-09 08:30:05.915	Aeon Acquisition I Corp. Announces Closing of the Full Exercise of the Over-Allotment Option	ACCESSWIRE		NASDAQ	2026-06-09 08:30:05.935398	0.0759	0.0376	0.8865	0.0384	neutral	0.5207	0.244	0.0837	0.3747	0.1267	2026-06-09 08:30:06.377873	NO:Float
RYET	"[""RYET""]"	nGNX1SdGhk	2026-06-09 08:30:07.087	Ruanyun Edai Technology Completes Smart Reading-Related Contract Valued at Approximately US$1.20 Million	Globe Newswire	12.73	NASDAQ	2026-06-09 08:30:07.118405	0.7281	0.0131	0.2588	0.7151	positive	0.415	0.449	0.2632	0.7534	0.272	2026-06-09 08:30:07.879948	YES
GMEX	"[""GMEX""]"	nGNX3GNWHj	2026-06-09 08:30:07.459	GMEX Robotics Announces $2 Million Private Investment at $1.0692 Per Share, a 20% Premium from Latest Market Close	Globe Newswire	0.201	NASDAQ	2026-06-09 08:30:07.536724	0.7744	0.0179	0.2077	0.7565	positive	0.2451	0.2211	0.1358	0.4518	0.188	2026-06-09 08:30:08.644492	YES
HTOO	"[""HTOO""]"	nGNX6WwRZZ	2026-06-09 08:30:07.558	Fusion Fuel Shareholders Approve All Proposed Resolutions, Including Potentially Transformational Royal Uranium Acquisition	Globe Newswire	2.67	NASDAQ	2026-06-09 08:30:07.589569	0.2891	0.0107	0.7002	0.2783	positive	0.425	0.5715	0.3863	0.8004	0.3368	2026-06-09 08:30:08.956712	YES
ICE	"[""ICE""]"	nBwpY2nra	2026-06-09 08:30:10.063	ICE Launches AI-Powered Fixed Income Pre-Trade Analytics for Buyside Investors	Business Wire	562.04	NYSE	2026-06-09 08:30:10.090432	0.1261	0.0173	0.8566	0.1087	positive	0.3994	0.4692	0.3369	0.7316	0.3407	2026-06-09 08:30:11.804090	NO:Float
VTGN	"[""VTGN""]"	nBw1z5LHLa	2026-06-09 08:30:10.035	Vistagen Achieves Minimum ICH Safety Exposure Recommendations Across Clinical Program for Fasedienol for the Acute Treatment of Social Anxiety Disorder	Business Wire	33.78	NASDAQ	2026-06-09 08:30:10.059729	0.6717	0.0192	0.3091	0.6526	positive	0.2949	0.383	0.2837	0.8173	0.3285	2026-06-09 08:30:12.816379	YES
NIXX	"[""NIXX""]"	nBwqPR3sa	2026-06-09 08:30:10.358	Power, Not Chips, Is Now AI's Biggest Constraint: NASDAQ Firm Backs $1B Infrastructure Buildout as Nixxy, Inc. (NIXX) announces a binding LOI with Tachyon9 to Create a NASDAQ-Listed AI Hyperscale Infrastructure and Energy Platform.	Business Wire	22.28	NASDAQ	2026-06-09 08:30:10.399995	0.5296	0.0341	0.4363	0.4956	positive	0.4527	0.538	0.418	0.7691	0.4012	2026-06-09 08:30:14.733830	YES
BDMD	"[""BDMD""]"	nPnbp6bm4a	2026-06-09 08:30:11.784	Baird Medical Establishes Global Headquarters in New York City, Reinforcing Commitment to U.S. Commercial Expansion	PR Newswire	17.82	NASDAQ	2026-06-09 08:30:11.876484	0.7427	0.0169	0.2404	0.7258	positive	0.4618	0.5681	0.3652	0.7987	0.3515	2026-06-09 08:30:15.941782	YES
8OE	"[""LAES"", ""8OE""]"	nGNX7CSCz7	2026-06-09 08:30:10.792	SEALSQ to Join High-Level Roundtable on Quantum Migration and Cybersecurity Transitions at CEA-Leti Innovation Days (LID) World Summit 2026	Globe Newswire		NASDAQ	2026-06-09 08:30:10.893576	0.2963	0.0145	0.6891	0.2818	positive	0.4478	0.5469	0.3601	0.7699	0.3073	2026-06-09 08:30:16.267747	NO:Float
LAES	"[""LAES"", ""8OE""]"	nGNX7CSCz7	2026-06-09 08:30:10.792	SEALSQ to Join High-Level Roundtable on Quantum Migration and Cybersecurity Transitions at CEA-Leti Innovation Days (LID) World Summit 2026	Globe Newswire	215.49	NASDAQ	2026-06-09 08:30:10.893987	0.2963	0.0145	0.6891	0.2818	positive	0.4114	0.5244	0.3397	0.7699	0.2805	2026-06-09 08:30:16.268085	NO:Float
CYCU	"[""CYCU"", ""CYCUW""]"	nGNX6hnJZG	2026-06-09 08:30:12.156	Cycurion, Inc. Completes Transformative Acquisition of Secuvant, LLC and Flagship Panoptic Cybersecurity Platform	Globe Newswire	7.56	NASDAQ	2026-06-09 08:30:12.241529	0.4527	0.0207	0.5265	0.432	positive	0.4662	0.5578	0.3773	0.7185	0.3736	2026-06-09 08:30:18.106697	YES
CYCUW	"[""CYCU"", ""CYCUW""]"	nGNX6hnJZG	2026-06-09 08:30:12.156	Cycurion, Inc. Completes Transformative Acquisition of Secuvant, LLC and Flagship Panoptic Cybersecurity Platform	Globe Newswire	7.331	NASDAQ	2026-06-09 08:30:12.235560	0.4527	0.0207	0.5265	0.432	positive	0.4906	0.5785	0.4019	0.8412	0.4406	2026-06-09 08:30:18.108407	YES
AENT	"[""AENT""]"	nGNX2kr5sF	2026-06-09 08:30:12.384	Alliance Entertainment Celebrates Three AMPED Distribution Executives Named to Billboard's 2026 Indie Power Players List	Globe Newswire	3.06	NASDAQ	2026-06-09 08:30:12.536057	0.2244	0.0195	0.756	0.2049	positive	0.4823	0.6018	0.4189	0.8215	0.4184	2026-06-09 08:30:18.239930	YES
DUKR	"[""DUKR""]"	nGNX4mGz6	2026-06-09 08:30:13.182	Duke Robotics Advances IC Drone Platform with Integration of Larger Commercial-Grade Drone Airframe to Support Operations on Larger Scale National Grids	Globe Newswire	1.45	NASDAQ	2026-06-09 08:30:14.734535	0.3391	0.0084	0.6525	0.3307	positive	0.3675	0.4472	0.2707	0.7447	0.3709	2026-06-09 08:30:19.963687	YES
JTAI	"[""JTAI""]"	nGNX4QVjMM	2026-06-09 08:30:13.146	Jet.AI Announces Review of Strategic Alternatives for SpaceX Equity Interest	Globe Newswire	1.37	NASDAQ	2026-06-09 08:30:13.205898	0.1194	0.0316	0.8489	0.0878	positive	0.2916	0.2905	0.1436	0.5757	0.2053	2026-06-09 08:30:20.044733	YES
JFB	"[""JFB""]"	nGNXkwbHB	2026-06-09 08:30:13.821	XTEND Wins $3M Contract for 100 XOS-Enabled Robotic Drone Systems in Asia-Pacific	Globe Newswire	6.97	NASDAQ	2026-06-09 08:30:15.954488	0.9175	0.014	0.0685	0.9035	positive	0.5417	0.6284	0.4716	0.8679	0.5578	2026-06-09 08:30:21.479273	YES
NUCL	"[""NUCL"", ""NUCLW""]"	nGNXbxTK8c	2026-06-09 08:30:13.991	Eagle Nuclear Energy Engages Tensor Medium to Support Reactor Simulation and Optimization for SMR Program	Globe Newswire	15.74	NASDAQ	2026-06-09 08:30:16.272159	0.373	0.0084	0.6187	0.3646	positive	0.4718	0.5778	0.4452	0.7585	0.4672	2026-06-09 08:30:22.293540	YES
NUCLW	"[""NUCL"", ""NUCLW""]"	nGNXbxTK8c	2026-06-09 08:30:13.991	Eagle Nuclear Energy Engages Tensor Medium to Support Reactor Simulation and Optimization for SMR Program	Globe Newswire	36.8393	NASDAQ	2026-06-09 08:30:16.281531	0.373	0.0084	0.6187	0.3646	positive	0.4374	0.5433	0.3747	0.7585	0.4044	2026-06-09 08:30:22.293667	YES
TFC	"[""TFC""]"	nPn18qgqga	2026-06-09 08:30:14.173	Grandbridge launches Master Servicing following ratings approval, expanding Truist's Commercial Mortgage Servicing Business	PR Newswire	1240.0	NYSE	2026-06-09 08:30:18.126653	0.6429	0.0106	0.3465	0.6323	positive	0.5349	0.6036	0.394	0.8478	0.4924	2026-06-09 08:30:22.646062	NO:Float
SHPH	"[""SHPH""]"	nNFC2Fk8Kl	2026-06-09 08:30:14.804	Shuttle Pharma Announces Reverse Stock Split will Become Effective on June 11, 2026, at 12:01 a.m., Eastern Time	Newsfile Corp	5.42	NASDAQ	2026-06-09 08:30:18.128200	0.0248	0.027	0.9482	-0.0022	neutral	0.276	0.3025	0.1393	0.5875	0.1288	2026-06-09 08:30:23.309933	NO:sentiment_score
SYF	"[""SYF""]"	nPn3hL8C9a	2026-06-09 08:30:20.656	Synchrony Named No. 1 Best Workplace in New York by Fortune and Great Place To Work	PR Newswire	334.64	NYSE	2026-06-09 08:30:20.703626	0.3339	0.0444	0.6217	0.2895	positive	0.3656	0.4914	0.3656	0.7849	0.3805	2026-06-09 08:30:24.848480	NO:Float
SRE	"[""SRE""]"	nPn1hy9SHa	2026-06-09 08:30:15.475	Sempra Infrastructure Announces In-Service of Port Arthur Pipeline Louisiana Connector	PR Newswire	653.0	NYSE	2026-06-09 08:30:18.253262	0.1903	0.0161	0.7935	0.1742	positive	0.3281	0.4536	0.2394	0.7582	0.3444	2026-06-09 08:30:25.047146	NO:Float
LASE	"[""LASE""]"	nACSwbszZa	2026-06-09 08:31:01.190	Laser Photonics Helps Truck Reman Shops Meet TMC RP 374 Guidelines for DPF Cleaning	ACCESSWIRE	24.6	NASDAQ	2026-06-09 08:31:01.218576	0.6414	0.0103	0.3484	0.6311	positive	0.3093	0.4223	0.2834	0.8813	0.2775	2026-06-09 08:31:01.806428	YES
SCKT	"[""SCKT""]"	nPn36Kmlna	2026-06-09 08:35:00.234	Socket Mobile Introduces an Always-Ready Cordless Scanning Solution for Shopify	PR Newswire	5.44	NASDAQ	2026-06-09 08:35:00.246890	0.3369	0.0087	0.6544	0.3282	positive	0.1956	0.1631	0.1826	0.5278	0.1662	2026-06-09 08:35:00.807000	YES
ERNA	"[""ERNA""]"	nGNX81FBkv	2026-06-09 08:41:00.397	Ernexa Therapeutics Highlights Ovarian Cancer Unmet Need, Hope for Patients and Potential Accessibility Advantages of ERNA-101 in Virtual Investor KOL Connect Segment Featuring Dr. Ira Winer	Globe Newswire	0.68	NASDAQ	2026-06-09 08:41:00.431429	0.4673	0.0151	0.5176	0.4523	positive	0.3176	0.3725	0.2737	0.6234	0.3021	2026-06-09 08:41:01.012431	YES
TWLO	"[""KULR"", ""TWLO""]"	nGNX9gqH4g	2026-06-09 08:45:00.448	KULR Technology Group Appoints New Chief Financial Officer and Independent Board Member	Globe Newswire	151.22	NYSE AMERICAN	2026-06-09 08:45:00.477186	0.0819	0.0565	0.8616	0.0254	neutral	0.4045	0.53	0.2734	0.7586	0.1799	2026-06-09 08:45:01.489199	NO:Float
KULR	"[""KULR"", ""TWLO""]"	nGNX9gqH4g	2026-06-09 08:45:00.448	KULR Technology Group Appoints New Chief Financial Officer and Independent Board Member	Globe Newswire	42.9	NYSE AMERICAN	2026-06-09 08:45:00.478559	0.0819	0.0565	0.8616	0.0254	neutral	0.3928	0.5379	0.2902	0.7586	0.1833	2026-06-09 08:45:01.489831	YES
NTHI	"[""NTHI""]"	nNFC7clTT8	2026-06-09 08:45:12.645	The Race to Defeat Brain Cancer Could Become One of the Biggest Biotech Stories of the Decade	Newsfile Corp	4.54	NASDAQ	2026-06-09 08:45:12.665565	0.2795	0.0498	0.6706	0.2297	positive	0.1596	0.2039	0.1543	0.6622	0.1227	2026-06-09 08:45:13.354632	YES
MYSE	"[""MYSE""]"	nGNX4H81xh	2026-06-09 08:50:00.405	Myseum.AI Announces Sponsorship and Panel Participation at Visual 1st 2026 Conference for Global Photo and Video industry	Globe Newswire	4.73	NASDAQ	2026-06-09 08:50:00.433830	0.3913	0.0161	0.5926	0.3751	positive	0.1986	0.2554	0.1486	0.4506	0.1518	2026-06-09 08:50:00.978142	YES
NTNX	"[""NTNX""]"	nGNX2Gb81v	2026-06-09 09:00:00.612	San José Mineta International Airport, Nutanix and Children’s Discovery Museum of San Jose to Create New Sensory-Friendly Room	Globe Newswire	263.5	NASDAQ	2026-06-09 09:00:00.647451	0.1927	0.0132	0.7941	0.1795	positive	0.4422	0.5022	0.4422	0.7757	0.4055	2026-06-09 09:00:01.926900	NO:Float
CMCSA	"[""CMCSA""]"	nBw7wnZ3la	2026-06-09 09:00:00.839	Comcast to Expand Reliable, High-Speed Internet to More Areas in Manitowoc and St. Croix County, Wisconsin	Business Wire	3530.0	NASDAQ	2026-06-09 09:00:00.870592	0.6844	0.0124	0.3032	0.6721	positive	0.373	0.4523	0.3232	0.707	0.355	2026-06-09 09:00:02.407173	NO:Float
APO	"[""APO"", ""BX""]"	nGNXFDQZC	2026-06-09 09:00:02.565	Apollo Leads $35 Billion Capital Solution for Broadcom AI XPV Platform in Partnership with Blackstone and Leading Global Banks	Globe Newswire	412.26	NYSE	2026-06-09 09:00:02.590292	0.4907	0.0089	0.5003	0.4818	positive	0.5456	0.5665	0.3735	0.7652	0.4672	2026-06-09 09:00:03.507854	NO:Float
BX	"[""APO"", ""BX""]"	nGNXFDQZC	2026-06-09 09:00:02.565	Apollo Leads $35 Billion Capital Solution for Broadcom AI XPV Platform in Partnership with Blackstone and Leading Global Banks	Globe Newswire	734.46	NYSE	2026-06-09 09:00:02.594534	0.4907	0.0089	0.5003	0.4818	positive	0.5704	0.5896	0.4167	0.7648	0.4996	2026-06-09 09:00:03.507982	NO:Float
ANGI	"[""ANGI""]"	nGNX60rPqK	2026-06-09 09:00:05.183	From Maintenance-Minded Americans to DIY France: Angi’s First International Homeowners Study Reveals How Homeowners Around the World Live and Care for Their Homes	Globe Newswire	28.53	NASDAQ	2026-06-09 09:00:05.203217	0.2009	0.0241	0.7751	0.1768	positive	0.2361	0.3168	0.2265	0.6178	0.2474	2026-06-09 09:00:05.766561	YES
RIVN	"[""RIVN""]"	nBw6QBBmpa	2026-06-09 09:00:06.385	Rivian Begins R2 Public Customer Deliveries, Opens Orders for Reservation Holders	Business Wire	774.97	NASDAQ	2026-06-09 09:00:06.405239	0.1279	0.0163	0.8558	0.1116	positive	0.38	0.4803	0.3448	0.7243	0.3204	2026-06-09 09:00:07.024432	NO:Float
WKSP	"[""WKSP""]"	nACSs9xhBa	2026-06-09 09:00:10.732	Worksport Ltd. Reports Additional $50,000 CEO Insider Stock Acquisition, Reinforcing Confidence in Long-Term Value Creation	ACCESSWIRE	9.75	NASDAQ	2026-06-09 09:00:10.767804	0.7581	0.0395	0.2024	0.7186	positive	0.4314	0.4852	0.3731	0.852	0.3246	2026-06-09 09:00:11.900681	YES
CRBG	"[""CRBG""]"	nBw3j2LLsa	2026-06-09 09:00:11.439	Only 28% of Pre-retirees and Retirees are Comfortable Drawing Down Savings in Retirement, But Having a Plan for Decumulation Boosts Confidence	Business Wire	392.63	NYSE	2026-06-09 09:00:11.493104	0.7761	0.0389	0.185	0.7372	positive	0.1347	0.213	0.1265	0.7184	0.0955	2026-06-09 09:00:13.084372	NO:Float
CVS	"[""CVS""]"	nACS3TLKwa	2026-06-09 09:00:11.578	CVS Health Recognized for Technology That Improves Medication Safety and Patient Care	ACCESSWIRE	1270.0	NYSE	2026-06-09 09:00:11.625812	0.7328	0.014	0.2532	0.7188	positive	0.3184	0.475	0.3062	0.7848	0.3625	2026-06-09 09:00:13.552348	NO:Float
AMD	"[""AMD""]"	nBw9my9kfa	2026-06-09 09:00:11.634	BlueRock Introduces New AI Infrastructure Architecture for Secure-Shared Execution with AMD DMA Isolation	Business Wire	1620.0	NASDAQ	2026-06-09 09:00:11.741119	0.3049	0.0084	0.6867	0.2965	positive	0.1367	0.1567	0.1304	0.4965	0.1201	2026-06-09 09:00:15.236104	NO:Float
APLE	"[""APLE""]"	nBw2Zqy8na	2026-06-09 09:00:12.623	Apple Hospitality REIT Announces Dates for Second Quarter 2026 Earnings Release and Conference Call	Business Wire	218.57	NYSE	2026-06-09 09:00:12.751114	0.0432	0.0521	0.9047	-0.0089	neutral	0.1047	0.062	0.0521	0.1113	0.0547	2026-06-09 09:00:15.437109	NO:sentiment_score,Float
GBTG	"[""GBTG""]"	nGNX7rjcH6	2026-06-09 09:00:13.168	Attention Global Business Travel Group Investors: Kaskela Law LLC is Investigating the Proposed $9.50 Per Share Shareholder Buyout and Encourages Investors to Contact the Firm to Protect Their Investment	Globe Newswire	238.86	NYSE	2026-06-09 09:00:13.250103	0.1246	0.0485	0.827	0.0761	positive	0.2459	0.2885	0.1418	0.4939	0.1327	2026-06-09 09:00:16.361886	NO:Float
TTEK	"[""TTEK""]"	nBw50KSrma	2026-06-09 09:00:12.979	Tetra Tech Selected as Lead Designer for Hydropower Dam Modernization Contract	Business Wire	258.22	NASDAQ	2026-06-09 09:00:13.096465	0.6255	0.0094	0.3651	0.6161	positive	0.3678	0.4789	0.2985	0.69	0.3748	2026-06-09 09:00:16.505619	NO:Float
SLE	"[""SLE""]"	nGNX7mDr4S	2026-06-09 09:00:13.350	Super League Named U.S. Ad Sales Partner for Play.Works Connected Television Advergaming Inventory	Globe Newswire	1.45	NASDAQ	2026-06-09 09:00:13.419848	0.0731	0.0205	0.9064	0.0526	positive	0.3276	0.442	0.2846	0.7439	0.302	2026-06-09 09:00:17.313189	YES
ICON	"[""ICON""]"	nGNX9PfSdP	2026-06-09 09:00:13.586	Icon Energy Corp. Announces Investment in a Long-Term Chartered Containership	Globe Newswire	0.6917	NASDAQ	2026-06-09 09:00:13.651657	0.1259	0.0174	0.8567	0.1085	positive	0.3005	0.4345	0.2442	0.7153	0.2697	2026-06-09 09:00:17.839692	YES
DTST	"[""DTST""]"	nGNX8SJ5Bt	2026-06-09 09:00:13.747	"Data Storage Corporation to Participate in ""Architecting Tomorrow: The AI Data Center Summit"" Presented by Maxim Group LLC on Thursday, June 11th at 11:30 a.m. ET"	Globe Newswire	1.78	NASDAQ	2026-06-09 09:00:13.940574	0.1247	0.0341	0.8413	0.0906	positive	0.1616	0.2009	0.1062	0.4605	0.1208	2026-06-09 09:00:18.542990	YES
BOSC	"[""BOSC""]"	nGNX9jwY79	2026-06-09 09:00:13.771	BOS to Release Second Quarter 2026 Results on August 20, 2026	Globe Newswire	6.5	NASDAQ	2026-06-09 09:00:13.954568	0.0439	0.0393	0.9167	0.0046	neutral	0.1654	0.1731	0.1064	0.4482	0.1317	2026-06-09 09:00:18.820628	YES
MDLN	"[""MDLN""]"	nBw7J7PjBa	2026-06-09 09:00:13.829	Medline Industries, Inc. (MDLN) Shareholders Who Lost Money – Contact Law Offices of Howard G. Smith About Securities Fraud Investigation	Business Wire	525.29	NASDAQ	2026-06-09 09:00:15.437928	0.082	0.3806	0.5374	-0.2987	negative	-0.2054	-0.3279	-0.1217	-0.0992	-0.114	2026-06-09 09:00:19.571612	NO:sentiment_score,Float
AVGO	"[""AVGO""]"	nGNX6PDRHb	2026-06-09 09:00:13.810	Broadcom's Private Cloud Outlook 2026 Reveals an AI Tipping Point as Production Inference Shifts Decisively to Private Cloud	Globe Newswire	4640.0	NASDAQ	2026-06-09 09:00:15.236930	0.6158	0.0783	0.3059	0.5375	positive	0.0337	0.0196	0.0314	0.4731	0.0731	2026-06-09 09:00:19.890289	NO:Float
GEHC	"[""GEHC""]"	nBw6WxMvxa	2026-06-09 09:00:13.870	GE HealthCare advancing enterprise imaging with cloud-enabled solutions	Business Wire	453.54	NASDAQ	2026-06-09 09:00:16.367154	0.1327	0.0107	0.8566	0.1221	positive	0.1811	0.105	0.1525	0.6726	0.1168	2026-06-09 09:00:20.317784	NO:Float
FITB	"[""FITB""]"	nBw92bX5Ca	2026-06-09 09:00:13.963	American Banker Names Jude Schramm to Most Innovative People in Finance List	Business Wire	902.15	NASDAQ	2026-06-09 09:00:17.314195	0.4093	0.0307	0.56	0.3785	positive	0.4406	0.501	0.335	0.7611	0.4096	2026-06-09 09:00:21.476266	NO:Float
ANET	"[""ANET""]"	nBw2ygcz4a	2026-06-09 09:00:13.903	Arista Introduces Next-Generation 1.6Terabit Portfolio for AI Fabrics	Business Wire	1040.0	NYSE	2026-06-09 09:00:16.506444	0.1236	0.0126	0.8638	0.111	positive	0.3816	0.473	0.3816	0.6845	0.3206	2026-06-09 09:00:21.602988	NO:Float
GAIA	"[""GAIA""]"	nPnvvdMra	2026-06-09 09:00:22.368	Igniton Expands Quantum Wellness Platform with Launch of IgniREM Sleep™ and IgniPeptide Eye Serum™	PR Newswire	17.94	NASDAQ	2026-06-09 09:00:22.413286	0.3825	0.0103	0.6072	0.3722	positive	0.3503	0.4484	0.2849	0.7172	0.3419	2026-06-09 09:00:23.434621	YES
NUE	"[""NUE""]"	nPnb2vRtZa	2026-06-09 09:00:37.185	Nucor Announces 213th Consecutive Cash Dividend	PR Newswire	226.31	NYSE	2026-06-09 09:00:37.202755	0.1723	0.0533	0.7745	0.119	positive	0.0685	0.0336	0.0424	0.0685	0.0412	2026-06-09 09:00:37.447366	NO:Float
DD	"[""DD""]"	nPn7dksMsa	2026-06-09 09:00:39.497	DuPont™ MemCor™ MBR system selected for major Riverstone Water Resource Recovery Facility upgrade in Australia	PR Newswire	408.38	NYSE	2026-06-09 09:00:39.516127	0.8435	0.014	0.1425	0.8296	positive	0.5796	0.6099	0.3969	0.7918	0.5024	2026-06-09 09:00:40.292601	NO:Float
SES	"[""SES""]"	nPn3ST2MRa	2026-06-09 09:00:39.663	SES Shareholder Alert: SES AI Corporation Securities Class Action Lawsuit - Investors Should Contact The Gross Law Firm	PR Newswire	299.89	NYSE	2026-06-09 09:00:39.694954	0.1066	0.0568	0.8365	0.0498	neutral	0.0598	0.0353	0.0345	0.1266	0.0266	2026-06-09 09:00:40.414533	NO:Float
GPK	"[""GPK""]"	nPn94n7SQa	2026-06-09 09:00:45.590	GPK Shareholder Alert: Graphic Packaging Holding Company Securities Class Action Lawsuit - Investors With Losses May Contact The Gross Law Firm	PR Newswire	291.25	NYSE	2026-06-09 09:00:45.609447	0.0611	0.1553	0.7835	-0.0942	negative	-0.0304	-0.0831	0.0044	0.1266	-0.0189	2026-06-09 09:00:46.394912	NO:sentiment_score,Float
FSK	"[""FSK""]"	nPn3bGXyLa	2026-06-09 09:00:45.514	FSK Deadline Alert: The Gross Law Firm Reminds FS KKR Capital Corp (FSK) Investors of Securities Class Action Deadline on July 6, 2026	PR Newswire	279.18	NYSE	2026-06-09 09:00:45.549480	0.1094	0.0605	0.83	0.0489	neutral	0.0256	0.0277	0.0252	0.1266	0.0137	2026-06-09 09:00:46.511191	NO:Float
ZTS	"[""ZTS""]"	nPn7S1pDva	2026-06-09 09:00:45.698	ZTS UPCOMING DEADLINE : The Gross Law Firm Alerts Zoetis Inc. Stockholders of Securities Class Action - Contact the Firm	PR Newswire	416.83	NYSE	2026-06-09 09:00:45.719247	0.0652	0.052	0.8829	0.0132	neutral	-0.0318	-0.0866	-0.001	0.1266	-0.0214	2026-06-09 09:00:46.883188	NO:Float
GAP	"[""GAP""]"	nPn7xRtlda	2026-06-09 09:00:54.161	GAP Shareholder Alert: The Gap, Inc. Securities Class Action Lawsuit - Investors With Losses May Contact The Gross Law Firm	PR Newswire	237.26	NYSE	2026-06-09 09:00:54.180229	0.0749	0.2067	0.7185	-0.1318	negative	-0.4522	-0.425	-0.1909	0.0914	-0.2162	2026-06-09 09:00:54.566443	NO:sentiment_score,Float
LKQ	"[""LKQ""]"	nPnsp38Da	2026-06-09 09:00:55.855	Lost Money on LKQ Corporation (LKQ)? Join Class Action Suit Seeking Recovery - Contact The Gross Law Firm	PR Newswire	253.12	NASDAQ	2026-06-09 09:00:55.885534	0.121	0.104	0.775	0.0171	neutral	-0.1804	-0.2702	-0.0756	0.1908	-0.1002	2026-06-09 09:00:56.614096	NO:Float
PHR	"[""PHR""]"	nPn6qNr31a	2026-06-09 09:00:55.903	PHR UPCOMING DEADLINE : The Gross Law Firm Alerts Phreesia, Inc. Stockholders of Securities Class Action - Contact the Firm	PR Newswire	49.77	NYSE	2026-06-09 09:00:55.943966	0.0659	0.0798	0.8543	-0.0139	neutral	-0.3832	-0.4931	-0.141	0.1893	-0.1704	2026-06-09 09:00:56.896534	NO:sentiment_score
FE	"[""FE""]"	nPn5gngZ4a	2026-06-09 09:00:55.970	Communities Invited to Help Shape the Valley North Project	PR Newswire	577.59	NYSE	2026-06-09 09:00:55.990035	0.2281	0.0176	0.7543	0.2106	positive	0.3387	0.4944	0.324	0.8083	0.2559	2026-06-09 09:00:57.432427	NO:Float
SOUN	"[""SOUN""]"	nGNX7Pv1pw	2026-06-09 09:03:00.336	SoundHound AI to Participate in D.A. Davidson 2026 Technology & Consumer Conference	Globe Newswire	391.04	NASDAQ	2026-06-09 09:03:00.366602	0.1688	0.0153	0.8159	0.1535	positive	0.1219	0.0899	0.0834	0.1166	0.0832	2026-06-09 09:03:00.594519	NO:Float
NNBR	"[""NNBR""]"	nGNX7HKrH4	2026-06-09 09:10:00.385	NN, Inc. Appoints Robert Esch as President & CTO, Machined Products	Globe Newswire	46.26	NASDAQ	2026-06-09 09:10:00.419940	0.0579	0.0362	0.9059	0.0217	neutral	0.3166	0.4002	0.2518	0.7298	0.3077	2026-06-09 09:10:01.148441	YES
TAC	"[""TAC"", ""TA""]"	nGNX2hPPJ4	2026-06-09 09:10:46.315	TransAlta Announces Closing of $350 Million Bought Deal Offering of Common Shares	Globe Newswire	296.07	NYSE	2026-06-09 09:10:46.330473	0.1723	0.0662	0.7615	0.1061	positive	0.1952	0.2475	0.1564	0.4672	0.1546	2026-06-09 09:10:47.258448	NO:Float
TA	"[""TAC"", ""TA""]"	nGNX2hPPJ4	2026-06-09 09:10:46.315	TransAlta Announces Closing of $350 Million Bought Deal Offering of Common Shares	Globe Newswire		NYSE	2026-06-09 09:10:46.332428	0.1723	0.0662	0.7615	0.1061	positive	0.1952	0.2475	0.1564	0.4672	0.1546	2026-06-09 09:10:47.258585	NO:Float
WPP	"[""WPP""]"	nGNX9nWvVS	2026-06-09 09:15:00.559	CMI Media Group Hires Michele Sirkin and Selamawit Gilagaber to Executive Team	Globe Newswire	215.65	NYSE	2026-06-09 09:15:00.583868	0.0609	0.0376	0.9015	0.0232	neutral	0.4072	0.4841	0.3211	0.7097	0.3312	2026-06-09 09:15:01.026434	NO:Float
LGVN	"[""LGVN""]"	nGNX6gBk2F	2026-06-09 09:20:00.320	Longeveron Granted Small or Medium-sized Enterprise (SME) Status by the European Medicines Agency (EMA)	Globe Newswire	24.63	NASDAQ	2026-06-09 09:20:00.355183	0.7506	0.0121	0.2373	0.7385	positive	0.2707	0.3797	0.2393	0.6828	0.2957	2026-06-09 09:20:01.076260	YES
MPTI	"[""MPTI""]"	nPn1Yd0fa	2026-06-09 09:24:41.964	M-tron Industries, Inc. Awarded $6.8 Million Production Contract for Major Counter Drone Radar Programs	PR Newswire	4.01	NYSE AMERICAN	2026-06-09 09:24:41.990767	0.9217	0.0193	0.059	0.9024	positive	0.6428	0.6344	0.3314	0.8439	0.3908	2026-06-09 09:24:42.438618	YES
LEXX	"[""LEXX""]"	nACSv8K0da	2026-06-09 09:25:01.121	Lexaria's Animal Study Examining Next-Generation GLP-1 drugs is Underway	ACCESSWIRE	24.05	NASDAQ	2026-06-09 09:25:01.137185	0.2633	0.0124	0.7243	0.2509	positive	0.3934	0.4907	0.3271	0.8019	0.3706	2026-06-09 09:25:02.175319	YES
PICS	"[""PICS""]"	nPn4b5YVWa	2026-06-09 09:28:00.289	PicS N.V. (PICS) Faces Securities Class Action Related to IPO Omissions Regarding Credit Procedures and Quality - HBSS	PR Newswire	22.23	NASDAQ	2026-06-09 09:28:00.326668	0.0788	0.3622	0.559	-0.2834	negative	-0.0639	-0.1545	-0.0499	0.5182	-0.0404	2026-06-09 09:28:00.770893	NO:sentiment_score
AIM	"[""AIM""]"	nGNX4lvxGB	2026-06-09 09:29:58.346	AIM ImmunoTech Announces $2.65 Million Financing Priced At-Market under NYSE American Rules	Globe Newswire	13.69	NYSE AMERICAN	2026-06-09 09:29:58.382566	0.2147	0.0116	0.7737	0.2031	positive	0.2453	0.1705	0.097	0.3129	0.1132	2026-06-09 09:29:59.153545	YES
DXST	"[""DXST""]"	nGNX9MWytD	2026-06-09 09:30:00.484	Decent Holding Inc. Forms Partnership with Taihao Robotics to Launch Real-World Robotics Training Network in China	Globe Newswire	1.22	NASDAQ	2026-06-09 09:30:00.511780	0.6548	0.0106	0.3347	0.6442	positive	0.4728	0.5634	0.4528	0.7662	0.3997	2026-06-09 09:30:01.650880	YES
RAIN	"[""RAIN""]"	nACSFXW8Ga	2026-06-09 09:30:00.580	Rain Enhancement Technologies Reports WETA Delivers New Water at $10 Per Acre-Foot, a Fraction of the Cost of Conventional Supply Alternatives	ACCESSWIRE	2.12	NASDAQ	2026-06-09 09:30:00.681627	0.1863	0.0173	0.7963	0.169	positive	0.2665	0.2691	0.2553	0.7237	0.2854	2026-06-09 09:30:01.927048	YES
CMS	"[""CMS""]"	nPn9kmkw3a	2026-06-09 09:32:36.097	Consumers Energy Helping Customers Prepare for a Week of Extreme Heat	PR Newswire	306.95	NYSE	2026-06-09 09:32:36.116773	0.2845	0.12	0.5956	0.1645	positive	0.1404	0.1893	0.12	0.4582	0.1638	2026-06-09 09:32:36.513028	NO:Float
LVS	"[""LVS""]"	nACSYtdg6a	2026-06-09 09:35:00.472	Sands and Marina Bay Sands Commit More Than $1.5 Million to New Hospitality Education Programs in Singapore	ACCESSWIRE	274.17	NYSE	2026-06-09 09:35:00.489222	0.3726	0.0241	0.6033	0.3484	positive	0.6215	0.6629	0.593	0.8529	0.5468	2026-06-09 09:35:01.020577	NO:Float
FCHL	"[""FCHL""]"	nGNX6LKgtQ	2026-06-09 09:42:59.310	Portnoy Law Firm Announces Class Action on Behalf of Fitness Champs Holdings, Ltd. Investors	Globe Newswire	0.4	NASDAQ	2026-06-09 09:42:59.356410	0.1045	0.2471	0.6483	-0.1426	negative	-0.0876	-0.1971	-0.0525	0.2015	-0.0538	2026-06-09 09:42:59.665947	NO:sentiment_score
RCL	"[""RCL""]"	nPn3y5tsQa	2026-06-09 09:50:38.148	ROYAL CARIBBEAN GROUP ANNOUNCES EXIT GLACIER GREENHOUSES AS 2026 'PORT PARTNERS' SMALL BUSINESS ACCELERATOR AWARDEE IN SEWARD, ALASKA	PR Newswire	251.17	NYSE	2026-06-09 09:50:38.173829	0.6081	0.0208	0.3711	0.5874	positive	0.4627	0.571	0.4431	0.841	0.4471	2026-06-09 09:50:38.695279	NO:Float
BORR	"[""BORR""]"	nWkr8CKMk2	2026-06-09 09:53:32.215	Borr Drilling Limited - Early Tender Results for its Previously Announced Consent Solicitation and Tender Offer and Early Settlement Date	Cision	270.6	NYSE	2026-06-09 09:53:32.245239	0.4586	0.0539	0.4875	0.4047	positive	0.1265	0.0877	0.0604	0.2063	0.0606	2026-06-09 09:53:33.305347	NO:Float
FSK	"[""FSK""]"	nNFC4Bpfk0	2026-06-09 09:56:11.609	FSK SHAREHOLDER ACTION REMINDER: Faruqi & Faruqi, LLP Reminds FS KKR Capital (FSK) Investors of Securities Class Action Deadline on July 3, 2026	Newsfile Corp	279.18	NYSE	2026-06-09 09:56:11.631226	0.1591	0.1232	0.7176	0.0359	neutral	-0.2928	-0.4089	-0.276	0.7189	-0.157	2026-06-09 09:56:12.283432	NO:Float
AAL	"[""AAL""]"	nGNX4rXHMd	2026-06-09 10:00:00.507	American Airlines to webcast annual meeting of stockholders	Globe Newswire	650.72	NASDAQ	2026-06-09 10:00:00.528134	0.1163	0.0237	0.86	0.0926	positive	0.2259	0.1967	0.1052	0.2916	0.0828	2026-06-09 10:00:00.819990	NO:Float
JPM	"[""JPM""]"	nBw5F2lm1a	2026-06-09 10:00:01.136	Chase Expands Digital Hub for Small Businesses with New Innovative Tools and Insights	Business Wire	2670.0	NYSE	2026-06-09 10:00:01.155091	0.5362	0.0109	0.4529	0.5253	positive	0.4054	0.4851	0.3235	0.7302	0.3485	2026-06-09 10:00:01.971050	NO:Float
DDOG	"[""DDOG""]"	nGNX6M88D0	2026-06-09 10:00:02.178	Datadog Launches 100+ Capabilities to Help Customers Drive Autonomy and Manage Growing AI and Security Complexity	Globe Newswire	323.29	NASDAQ	2026-06-09 10:00:02.220234	0.5685	0.0089	0.4226	0.5596	positive	0.2725	0.3336	0.214	0.6404	0.2248	2026-06-09 10:00:02.798006	NO:Float
MAR	"[""MAR""]"	nPncfYZva	2026-06-09 10:00:03.217	citizenM to Debut Third Washington, D.C. Hotel in Historic Georgetown District	PR Newswire	215.78	NASDAQ	2026-06-09 10:00:03.242532	0.4498	0.0263	0.524	0.4235	positive	0.2979	0.3449	0.2522	0.593	0.2403	2026-06-09 10:00:03.836772	NO:Float
TRMB	"[""TRMB""]"	nPn1GFKTha	2026-06-09 10:00:16.077	Document Crunch Launches Construction's First Project-Level AI Risk Intelligence Platform	PR Newswire	232.06	NASDAQ	2026-06-09 10:00:16.096624	0.1423	0.0144	0.8433	0.1279	positive	0.3492	0.444	0.276	0.6813	0.2008	2026-06-09 10:00:16.755057	NO:Float
GPK	"[""GPK""]"	nGNXBxP8	2026-06-09 10:04:04.353	GPK Investors Have Opportunity to Lead Graphic Packaging Holding Company Securities Fraud Lawsuit with the Schall Law Firm	Globe Newswire	291.25	NYSE	2026-06-09 10:04:04.378215	0.26	0.0514	0.6885	0.2086	positive	-0.2416	-0.2935	-0.14	-0.116	-0.1143	2026-06-09 10:04:04.682608	NO:Float,excluded_string
MSS	"[""MSS""]"	nACSJ8MZBa	2026-06-09 10:05:00.567	Maison Solutions Inc. Announces Strategic Collaboration with SupplyAi and MiniMax to Explore AI-Native Food Supply Chain Solutions	ACCESSWIRE	1.43	NASDAQ	2026-06-09 10:05:00.587149	0.6041	0.0143	0.3817	0.5898	positive	0.3571	0.4362	0.2901	0.7507	0.3034	2026-06-09 10:05:01.371178	YES
RBLX	"[""RBLX""]"	nNFC6gLT0r	2026-06-09 10:13:11.295	SHAREHOLDER NOTICE: Faruqi & Faruqi, LLP Notifies Roblox (RBLX) Investors of Securities Class Action Deadline on August 7, 2026	Newsfile Corp	621.97	NYSE	2026-06-09 10:13:11.328099	0.0779	0.0945	0.8275	-0.0166	neutral	-0.1247	-0.2614	-0.0799	0.3465	-0.048	2026-06-09 10:13:11.914953	NO:sentiment_score,Float
FJET	"[""FJET""]"	nBwcbgBd1a	2026-06-09 10:14:00.249	Johnson Fistel Investigates Starfighters Space, Inc. (NYSE American: FJET) on Behalf of Investors	Business Wire	29.36	NYSE AMERICAN	2026-06-09 10:14:00.283762	0.0759	0.0293	0.8948	0.0466	neutral	-0.0703	-0.038	-0.0269	0.1903	-0.0151	2026-06-09 10:14:00.788275	YES
DSS	"[""DSS""]"	nGNX2CN3Rl	2026-06-09 10:15:00.295	DSS, Inc. Withdraws Registration Statement	Globe Newswire	3.89	NYSE AMERICAN	2026-06-09 10:15:00.306686	0.0504	0.4626	0.487	-0.4122	negative	0.4547	0.492	0.2796	0.8241	0.2964	2026-06-09 10:15:00.701074	NO:sentiment_score
ZTS	"[""ZTS""]"	nGNX7tF0T5	2026-06-09 10:21:17.313	ZTS Investors Have Opportunity to Lead Zoetis Inc. Securities Fraud Lawsuit with the Schall Law Firm	Globe Newswire	416.83	NYSE	2026-06-09 10:21:17.332081	0.2573	0.0292	0.7135	0.228	positive	-0.3626	-0.3904	-0.1867	-0.3397	-0.1418	2026-06-09 10:21:17.634244	NO:Float,excluded_string
SLB	"[""SLB""]"	nBwdtXjRa	2026-06-09 10:28:00.324	SLB Collaborates with Qualcomm on Edge AI Solutions for Energy Operations	Business Wire	1490.0	NYSE	2026-06-09 10:28:00.358408	0.3337	0.0106	0.6558	0.3231	positive	0.4077	0.5679	0.4077	0.7967	0.4497	2026-06-09 10:28:00.840979	NO:Float
BORR	"[""BORR""]"	nPnc7FL6Na	2026-06-09 10:28:22.180	Borr Drilling Limited - Early Tender Results for its Previously Announced Consent Solicitation and Tender Offer and Early Settlement Date	PR Newswire	270.6	NYSE	2026-06-09 10:28:22.219605	0.4586	0.0539	0.4875	0.4047	positive	0.1265	0.0848	0.0564	0.2063	0.0536	2026-06-09 10:28:23.248730	NO:Float
PG	"[""PG""]"	nBw9Jrhpha	2026-06-09 10:30:00.448	New Downy Boutique Botanicals Scent Beads Bring Nature-Inspired Boutique Fragrances to Your Laundry	Business Wire	2330.0	NYSE	2026-06-09 10:30:00.467540	0.1098	0.0412	0.849	0.0685	positive	0.1962	0.2512	0.1884	0.479	0.1684	2026-06-09 10:30:01.404161	NO:Float
OPTU	"[""OPTU""]"	nBwc5Th7Xa	2026-06-09 10:30:00.424	Optimum Surpasses 700,000 Mobile Lines	Business Wire	265.17	NYSE	2026-06-09 10:30:00.442481	0.5155	0.0103	0.4742	0.5052	positive	0.3785	0.4306	0.3289	0.8318	0.3808	2026-06-09 10:30:01.529982	NO:Float
KEY	"[""KEY""]"	nACSzNMDpa	2026-06-09 10:30:01.075	Seattle Mariners 50th Season Pin Series Presented by KeyBank Brings Fans Closer to the Game	ACCESSWIRE	1080.0	NYSE	2026-06-09 10:30:01.153175	0.4756	0.055	0.4695	0.4206	positive	0.428	0.4227	0.1935	0.6786	0.2149	2026-06-09 10:30:02.163362	NO:Float
ATHR	"[""ATHR""]"	nBw8d24XLa	2026-06-09 10:46:00.242	Johnson Fistel Investigates Aether Holdings, Inc. (NASDAQ: ATHR) on Behalf of Investors	Business Wire	4.12	NASDAQ	2026-06-09 10:46:00.265958	0.0742	0.0498	0.876	0.0244	neutral	-0.0336	-0.0869	-0.0165	0.1452	0.0069	2026-06-09 10:46:00.791997	YES
INTU	"[""INTU""]"	nACSRtV0Sa	2026-06-09 11:00:01.537	Bronstein, Gewirtz & Grossman, LLC Encourages Intuit Inc. (INTU) Shareholders to Inquire about Securities Investigation	ACCESSWIRE	267.63	NASDAQ	2026-06-09 11:00:01.565412	0.1787	0.0277	0.7936	0.1509	positive	-0.015	-0.1267	0.0035	0.1813	-0.0546	2026-06-09 11:00:02.800616	NO:Float
HIMS	"[""HIMS""]"	nACSRxdbSa	2026-06-09 11:00:01.689	Hims & Hers Health, Inc. (HIMS) Investigation: Bronstein, Gewirtz & Grossman, LLC Encourages Shareholders to Contact the Firm to Learn More About the Investigation	ACCESSWIRE	209.12	NYSE	2026-06-09 11:00:01.782351	0.2318	0.0292	0.739	0.2026	positive	0.1289	0.1205	0.0519	0.3494	0.0274	2026-06-09 11:00:03.093914	NO:Float
LKQ	"[""LKQ""]"	nACSx587Ma	2026-06-09 11:00:01.852	LKQ SHAREHOLDER ALERT: Bronstein, Gewirtz and Grossman, LLC Announces that LKQ Corporation Shareholders Have Opportunity to Lead Class Action Lawsuit!	ACCESSWIRE	253.12	NASDAQ	2026-06-09 11:00:01.928449	0.1722	0.2666	0.5613	-0.0944	negative	0.0389	0.0246	0.0345	0.4227	-0.0126	2026-06-09 11:00:03.502689	NO:sentiment_score,Float
1M5Y	"[""TIGR"", ""1M5Y""]"	nACSKMs06a	2026-06-09 11:00:05.067	Bronstein, Gewirtz & Grossman, LLC Encourages UP Fintech Holding Limited (TIGR) Shareholders to Inquire about Securities Investigation	ACCESSWIRE		NASDAQ	2026-06-09 11:00:05.088226	0.145	0.0222	0.8328	0.1228	positive	-0.0818	-0.2573	-0.0526	0.3218	-0.1274	2026-06-09 11:00:05.940319	NO:Float
TIGR	"[""TIGR"", ""1M5Y""]"	nACSKMs06a	2026-06-09 11:00:05.067	Bronstein, Gewirtz & Grossman, LLC Encourages UP Fintech Holding Limited (TIGR) Shareholders to Inquire about Securities Investigation	ACCESSWIRE	2073.4409	NASDAQ	2026-06-09 11:00:05.086692	0.145	0.0222	0.8328	0.1228	positive	-0.0748	-0.2485	-0.0488	0.3218	-0.1124	2026-06-09 11:00:05.940620	NO:Float
SMCI	"[""SMCI""]"	nACSJX07da	2026-06-09 11:00:05.492	Super Micro Computer, Inc. (SMCI) Investigation: Bronstein, Gewirtz & Grossman, LLC Encourages Shareholders to Contact the Firm to Learn More About the Investigation	ACCESSWIRE	517.64	NASDAQ	2026-06-09 11:00:05.575681	0.3685	0.0301	0.6014	0.3385	positive	0.1408	0.1193	0.0546	0.3494	0.0248	2026-06-09 11:00:06.113863	NO:Float
BP	"[""BP""]"	nACSLFLcfa	2026-06-09 11:00:08.604	Bronstein, Gewirtz & Grossman, LLC Is Investigating BP p.l.c. (BP) And Encourages Investors to Connect	ACCESSWIRE	2570.0	NYSE	2026-06-09 11:00:08.631615	0.1371	0.0381	0.8248	0.0989	positive	-0.0121	-0.1003	0.0056	0.2433	-0.0356	2026-06-09 11:00:08.980927	NO:Float
IMM	"[""IBRX"", ""IMM""]"	nACS0lmZma	2026-06-09 11:00:08.995	Bronstein, Gewirtz & Grossman, LLC Encourages ImmunityBio, Inc. (IMMP) Stockholders to Inquire about Securities Investigation	ACCESSWIRE		NASDAQ	2026-06-09 11:00:09.014357	0.2306	0.056	0.7135	0.1746	positive	0.2347	0.219	0.0961	0.3494	0.082	2026-06-09 11:00:09.509331	NO:Float
IBRX	"[""IBRX"", ""IMM""]"	nACS0lmZma	2026-06-09 11:00:08.995	Bronstein, Gewirtz & Grossman, LLC Encourages ImmunityBio, Inc. (IMMP) Stockholders to Inquire about Securities Investigation	ACCESSWIRE	376.11	NASDAQ	2026-06-09 11:00:09.015548	0.2306	0.056	0.7135	0.1746	positive	0.1326	0.1263	0.0581	0.3494	0.0321	2026-06-09 11:00:09.509658	NO:Float
ARDT	"[""ARDT""]"	nACSpYLKZa	2026-06-09 11:00:10.157	Bronstein, Gewirtz & Grossman, LLC Announces an Investigation Against Ardent Health, Inc. (ARDT) and Encourages Investors to Learn More About the Investigation	ACCESSWIRE	22.46	NYSE	2026-06-09 11:00:10.178202	0.196	0.0579	0.7461	0.138	positive	0.0883	0.1106	0.0522	0.3494	0.0295	2026-06-09 11:00:10.645434	YES
ANGI	"[""ANGI""]"	nACSmFvXDa	2026-06-09 11:00:11.087	Bronstein, Gewirtz & Grossman, LLC Encourages Angi Inc. (ANGI) Stockholders to Inquire about Securities Investigation	ACCESSWIRE	28.53	NASDAQ	2026-06-09 11:00:11.109369	0.1138	0.0248	0.8614	0.089	positive	-0.1472	-0.341	-0.0727	0.3494	-0.1594	2026-06-09 11:00:11.605327	YES
EOSE	"[""EOSE""]"	nACSqY2gca	2026-06-09 11:00:13.669	Eos Energy Enterprises, Inc. (EOSE) Investigation: Bronstein, Gewirtz & Grossman, LLC Encourages Shareholders to Contact the Firm to Learn More About the Investigation	ACCESSWIRE	333.25	NASDAQ	2026-06-09 11:00:13.699155	0.2797	0.0379	0.6825	0.2418	positive	0.1059	0.1201	0.0527	0.3494	0.0291	2026-06-09 11:00:14.429235	NO:Float
GAP	"[""GAP""]"	nACSpvx5Ca	2026-06-09 11:00:13.809	The Gap, Inc. (GAP) Investigation: Bronstein, Gewirtz & Grossman, LLC Encourages Shareholders to Contact the Firm to Learn More About the Investigation	ACCESSWIRE	237.26	NYSE	2026-06-09 11:00:13.841725	0.1421	0.0314	0.8265	0.1106	positive	-0.1845	-0.3357	-0.0714	0.3494	-0.1587	2026-06-09 11:00:14.633624	NO:Float
FTFT	"[""FTFT""]"	nACSZNfyga	2026-06-09 11:00:13.854	Bronstein, Gewirtz & Grossman, LLC Is Investigating Future FinTech Group Inc. (FTFT) And Encourages Investors to Connect	ACCESSWIRE	2.61	NASDAQ	2026-06-09 11:00:13.905761	0.1551	0.0366	0.8083	0.1185	positive	0.1427	0.1231	0.0591	0.3494	0.0303	2026-06-09 11:00:15.622065	YES
LAKE	"[""LAKE""]"	nACS7cb3ba	2026-06-09 11:00:14.718	Bronstein, Gewirtz & Grossman, LLC Is Investigating Lakeland Industries, Inc. (LAKE) And Encourages Investors to Connect	ACCESSWIRE	8.37	NASDAQ	2026-06-09 11:00:14.751218	0.1942	0.0358	0.7701	0.1584	positive	0.0924	0.1127	0.0516	0.3494	0.0242	2026-06-09 11:00:16.018032	YES
OWL	"[""OWL""]"	nACSzCp9ra	2026-06-09 11:00:14.814	Bronstein, Gewirtz & Grossman, LLC Announces an Investigation Against Blue Owl Capital Inc. (OWL) and Encourages Investors to Learn More About the Investigation	ACCESSWIRE	639.49	NYSE	2026-06-09 11:00:14.980408	0.1813	0.0705	0.7482	0.1108	positive	0.1218	0.1277	0.0567	0.3494	0.0275	2026-06-09 11:00:16.364200	NO:Float
ATRA	"[""ATRA""]"	nACSDLYCBa	2026-06-09 11:00:14.847	Atara Biotherapeutics, Inc. (ATRA) Investigation: Bronstein, Gewirtz & Grossman, LLC Encourages Shareholders to Contact the Firm to Learn More About the Investigation	ACCESSWIRE	5.95	NASDAQ	2026-06-09 11:00:14.976041	0.3867	0.0394	0.5738	0.3473	positive	0.0981	0.1167	0.055	0.3494	0.0248	2026-06-09 11:00:16.774561	YES
PMI	"[""PMI""]"	nACSfHQbha	2026-06-09 11:00:15.087	Bronstein, Gewirtz & Grossman, LLC Is Investigating Picard Medical, Inc. (PMI) And Encourages Investors to Connect	ACCESSWIRE	30.65	NYSE AMERICAN	2026-06-09 11:00:15.248543	0.1626	0.0602	0.7772	0.1025	positive	0.1126	0.1216	0.0526	0.3494	0.0269	2026-06-09 11:00:17.696655	YES
WISEA	"[""WSE"", ""WISEA""]"	nACSxnrqba	2026-06-09 11:00:14.855	Bronstein, Gewirtz & Grossman, LLC Encourages Wise Group plc (WSE) Stockholders to Inquire about Securities Investigation	ACCESSWIRE		NASDAQ	2026-06-09 11:00:15.003618	0.1635	0.0194	0.8171	0.1442	positive	0.0368	-0.0632	0.0286	0.3239	-0.0113	2026-06-09 11:00:18.439982	NO:Float
WSE	"[""WSE"", ""WISEA""]"	nACSxnrqba	2026-06-09 11:00:14.855	Bronstein, Gewirtz & Grossman, LLC Encourages Wise Group plc (WSE) Stockholders to Inquire about Securities Investigation	ACCESSWIRE	781.47	NASDAQ	2026-06-09 11:00:14.997249	0.1635	0.0194	0.8171	0.1442	positive	0.0368	-0.0632	0.0286	0.3239	-0.0113	2026-06-09 11:00:18.440105	NO:Float
AVTR	"[""AVTR""]"	nACS7zQpCa	2026-06-09 11:00:15.116	Bronstein, Gewirtz & Grossman, LLC Announces an Investigation Against Avantor, Inc. (AVTR) and Encourages Shareholders to Learn More About the Investigation	ACCESSWIRE	661.84	NYSE	2026-06-09 11:00:15.404572	0.1671	0.0566	0.7763	0.1105	positive	0.1285	0.1284	0.0567	0.3494	0.0279	2026-06-09 11:00:18.899164	NO:Float
MDLN	"[""MDLN""]"	nACSG0kVQa	2026-06-09 11:00:15.140	Bronstein, Gewirtz & Grossman, LLC Announces an Investigation Against Medline Inc. (MDLN) and Encourages Stockholders to Learn More About the Investigation	ACCESSWIRE	525.29	NASDAQ	2026-06-09 11:00:15.631247	0.1812	0.0604	0.7584	0.1207	positive	-0.0187	-0.1265	-0.005	0.2809	-0.058	2026-06-09 11:00:19.406602	NO:Float
ORCL	"[""ORCL""]"	nPn8vd5wYa	2026-06-09 11:00:15.166	Oracle Named a Leader in 2026 Gartner® Magic Quadrant™ for Talent Acquisition (Recruiting) Suites	PR Newswire	1710.0	NYSE	2026-06-09 11:00:16.031609	0.5949	0.0114	0.3938	0.5835	positive	0.3998	0.5037	0.3825	0.8178	0.3835	2026-06-09 11:00:19.777682	NO:Float
SNBR	"[""SNBR""]"	nACS10WMLa	2026-06-09 11:00:15.206	Bronstein, Gewirtz & Grossman, LLC Announces an Investigation Against Sleep Number Corporation (SNBR) and Encourages Shareholders to Learn More About the Investigation	ACCESSWIRE	18.58	NASDAQ	2026-06-09 11:00:16.367823	0.2043	0.0312	0.7645	0.173	positive	-0.1351	-0.3177	-0.0666	0.3494	-0.1392	2026-06-09 11:00:20.100512	YES
APO	"[""APO""]"	nACSn7Kvda	2026-06-09 11:00:15.284	Bronstein, Gewirtz & Grossman, LLC Encourages Apollo Global Management, Inc. (APO) Stockholders to Inquire about Securities Investigation	ACCESSWIRE	412.26	NYSE	2026-06-09 11:00:16.777931	0.3042	0.0513	0.6445	0.2529	positive	0.0939	0.1115	0.0518	0.3494	0.0192	2026-06-09 11:00:20.435985	NO:Float
ENGN	"[""ENGN""]"	nACS9HqBKa	2026-06-09 11:00:15.321	Bronstein, Gewirtz & Grossman, LLC Announces an Investigation Against enGene Therapeutics Inc. (ENGN) and Encourages Investors to Learn More About the Investigation	ACCESSWIRE	27.87	NASDAQ	2026-06-09 11:00:17.697725	0.275	0.0455	0.6795	0.2295	positive	0.0779	-0.0123	0.0486	0.4073	0.0251	2026-06-09 11:00:20.906268	YES
CMG	"[""CMG""]"	nACSqVLyca	2026-06-09 11:00:15.336	Chipotle Mexican Grill Inc. (CMG) Investigation: Bronstein, Gewirtz & Grossman, LLC Encourages Shareholders to Contact the Firm to Learn More About the Investigation	ACCESSWIRE	1270.0	NYSE	2026-06-09 11:00:18.446085	0.2217	0.0262	0.752	0.1955	positive	0.0862	0.1069	0.0496	0.3494	0.0221	2026-06-09 11:00:21.115659	NO:Float
PRMB	"[""PRMB""]"	nACSLYCVza	2026-06-09 11:00:15.362	Bronstein, Gewirtz & Grossman, LLC Is Investigating Primo Brands Corporation (PRMB) And Encourages Shareholders to Connect	ACCESSWIRE	242.09	NYSE	2026-06-09 11:00:18.447957	0.0916	0.1006	0.8079	-0.009	neutral	0.1278	0.1262	0.0571	0.3494	0.0295	2026-06-09 11:00:21.409946	NO:sentiment_score,Float
GRCE	"[""GRCE""]"	nACSF5Qbxa	2026-06-09 11:00:15.378	Bronstein, Gewirtz & Grossman, LLC Announces an Investigation Against Grace Therapeutics, Inc. (GRCE) and Encourages Shareholders to Learn More About the Investigation	ACCESSWIRE	11.25	NASDAQ	2026-06-09 11:00:18.899932	0.1808	0.0585	0.7607	0.1223	positive	0.0714	-0.009	0.0438	0.4712	0.0218	2026-06-09 11:00:21.632176	YES
MLCO	"[""MLCO"", ""MPEY""]"	nGNXCXnFv	2026-06-09 11:32:20.487	Melco Announces Extension of Maturity Date of Revolving Credit Facilities and Establishment of Incremental Facility	Globe Newswire	388.05	NASDAQ	2026-06-09 11:32:20.514479	0.1729	0.016	0.8112	0.1569	positive	0.1008	0.0858	0.0772	0.2612	0.1015	2026-06-09 11:32:21.328524	NO:Float
MPEY	"[""MLCO"", ""MPEY""]"	nGNXCXnFv	2026-06-09 11:32:20.487	Melco Announces Extension of Maturity Date of Revolving Credit Facilities and Establishment of Incremental Facility	Globe Newswire		NASDAQ	2026-06-09 11:32:20.516086	0.1729	0.016	0.8112	0.1569	positive	0.0968	0.0826	0.0728	0.2612	0.1001	2026-06-09 11:32:21.328774	NO:Float
PHR	"[""PHR""]"	nNFC6WCGh8	2026-06-09 11:34:11.058	ROSEN, A RANKED AND LEADING LAW FIRM, Encourages Phreesia, Inc. Investors to Secure Counsel Before Important Deadline in Securities Class Action - PHR	Newsfile Corp	49.77	NYSE	2026-06-09 11:34:11.084454	0.2323	0.0325	0.7352	0.1998	positive	0.2128	0.2637	0.1494	0.539	0.1025	2026-06-09 11:34:11.389844	NO:excluded_string
