Symbol	Tickers	ID	ArrivalTime	Headline	Author	Float	FinBERTCompletedAt	positive	negative	neutral	sentiment_score	label	body_sentiment	BodyCompletedAt	body_duration_ms	Trigger
AIIO	"[""AIIO""]"	nPreGSLcwa	2026-05-14 00:00:00	Robo.ai Subsidiary Neurovia AI Launches NeuroStream™ Technology Platform to Build Physical AI Visual Data Infrastructure	PR Newswire	13.53	2026-05-14 00:00:00.286869	0.1671	0.0122	0.8207	0.1548	positive		2026-05-14 00:00:01.574972	1389.23	NO:sentiment_score
IHG	"[""IHG""]"	nACSwrp54a	2026-05-14 02:00:00	InterContinental Hotels Group PLC Announces Transaction in Own Shares - May 14	ACCESSWIRE	149.25	2026-05-14 02:00:00.698131	0.0646	0.0268	0.9086	0.0378	neutral		2026-05-14 02:00:01.164580	533.31	NO:sentiment_score,Float
EYE	"[""EYE""]"	nPrecC9MZa	2026-05-14 02:00:01	UK's Leading CPG Coupon Validation Platform Now a Part of Eagle Eye	PR Newswire	77.42	2026-05-14 02:00:01.543727	0.0963	0.0194	0.8842	0.0769	positive		2026-05-14 02:00:02.772333	1321.25	NO:sentiment_score,Float
BRAI	"[""BRAI""]"	nPRrE1932a	2026-05-14 02:00:17	REG-BlackRock American Income Trust Plc: Total Voting Rights	PR Newswire	17.7	2026-05-14 02:00:17.712348	0.0747	0.0127	0.9126	0.062	positive		2026-05-14 02:00:17.978027	380.6	NO:sentiment_score
RIO	"[""RIO""]"	nBw59TJ7Ta	2026-05-14 02:33:00	Rio Tinto appoints new Chief Legal Officer	Business Wire	1250.0	2026-05-14 02:33:00.255336	0.1116	0.0942	0.7941	0.0174	neutral		2026-05-14 02:33:00.992770	823.81	NO:sentiment_score,Float
GEMI	"[""GEMI""]"	nPn4NlLNBa	2026-05-14 03:09:00	Gemini Space Station, Inc. Sued for Securities Law Violations - Contact the DJS Law Group to Discuss Your Rights - GEMI	PR Newswire	38.2	2026-05-14 03:09:00.192549	0.1145	0.0539	0.8315	0.0606	positive	0.0285	2026-05-14 03:09:00.925529	817.67	NO:sentiment_score
III	"[""III""]"	nBw7RyPx3a	2026-05-14 04:00:00	European Aerospace, Defense Firms Advance Modernization	Business Wire	33.28	2026-05-14 04:00:00.462920	0.2173	0.0189	0.7638	0.1984	positive	0.409	2026-05-14 04:00:01.778641	1387.41	NO:sentiment_score
AIIO	"[""AIIO""]"	nPn3CwzYFa	2026-05-14 05:00:00	Robo.ai Subsidiary Neurovia AI Launches NeuroStream™ Technology Platform to Build Physical AI Visual Data Infrastructure	PR Newswire	13.53	2026-05-14 05:00:00.512089	0.1671	0.0122	0.8207	0.1548	positive		2026-05-14 05:00:02.132230	1718.24	NO:sentiment_score
SHEL	"[""SHEL""]"	nGNEbKJMv1	2026-05-14 05:31:49	REG-Shell plc - Report on Payments to Governments for the year 2025 	Globe Newswire	2800.0	2026-05-14 05:31:49.755104	0.0911	0.0244	0.8845	0.0666	positive		2026-05-14 05:32:03.359025	13695.95	NO:sentiment_score,Float
EZRA	"[""EZRA""]"	nGNE1lYYzH	2026-05-14 06:00:00	Reliance Global Group Announces Reverse Stock Split	Globe Newswire	7.47	2026-05-14 06:00:00.435824	0.1386	0.2082	0.6532	-0.0696	negative	0.2546	2026-05-14 06:00:03.742141	3395.36	NO:sentiment_score
JOB	"[""JOB""]"	nACSDhgtJa	2026-05-14 06:00:00	GEE Group Announces Filing of a Universal Shelf Registration Statement on Form S-3 for Financial Flexibility	ACCESSWIRE	89.43	2026-05-14 06:00:00.804061	0.3213	0.0451	0.6336	0.2762	positive	-0.0287	2026-05-14 06:00:05.605579	4880.25	NO:sentiment_score,Float
RMTI	"[""RMTI""]"	nBwxmCzVa	2026-05-14 06:00:00	Rockwell Medical Signs New 3-Year Product Purchase Agreement with Heritage Dialysis	Business Wire	34.15	2026-05-14 06:00:00.908732	0.8353	0.0117	0.153	0.8235	positive	0.3885	2026-05-14 06:00:05.764684	2018.66	YES
RYDE	"[""RYDE""]"	nACSc4yKPa	2026-05-14 06:00:00	Ryde is Back in Compliance With all of The NYSE American LLC Continued Listing Standards 	ACCESSWIRE	96.49	2026-05-14 06:00:00.958886	0.4226	0.0411	0.5363	0.3814	positive	0.1359	2026-05-14 06:00:07.020024	1406.83	NO:sentiment_score,Float
MTEK	"[""MTEK""]"	nNFC4CLtrS	2026-05-14 06:00:20	Metatek-Group Ltd. Reports First Quarter Fiscal Year 2026 Results	Newsfile Corp	5.82	2026-05-14 06:00:20.948320	0.0476	0.0527	0.8997	-0.0051	neutral		2026-05-14 06:00:23.732715	2881.11	NO:sentiment_score
CTNT	"[""CTNT""]"	nGNX3C6xzL	2026-05-14 06:05:00	Cheetah Net Supply Chain Service Inc. Announces First Quarter 2026 Results and Provides Corporate Update	Globe Newswire	36.03	2026-05-14 06:05:00.424673	0.0752	0.0464	0.8784	0.0289	neutral	-0.1981	2026-05-14 06:05:03.753228	3396.23	NO:sentiment_score
AIRO	"[""AIRO""]"	nBw3Dnfkza	2026-05-14 06:29:00	AIRO Reports First Quarter 2026 Results	Business Wire	20.02	2026-05-14 06:29:00.491849	0.0795	0.0519	0.8686	0.0276	neutral	0.2948	2026-05-14 06:29:04.805919	4407.78	NO:sentiment_score
IDR	"[""IDR""]"	nBwbtfxKVa	2026-05-14 06:30:00	Idaho Strategic Reports Record First Quarter 2026 Operating and Financial Performance	Business Wire	14.93	2026-05-14 06:30:00.553079	0.6816	0.1166	0.2018	0.5651	positive	0.462	2026-05-14 06:30:06.744649	6213.46	NO:sentiment_score
BURU	"[""BURU""]"	nBw8Vf2d1a	2026-05-14 06:30:00	NUBURU Expects to Report Positive Stockholders’ Equity and Provides NYSE American Listing Compliance Update	Business Wire	153.19	2026-05-14 06:30:00.679308	0.8846	0.0122	0.1032	0.8725	positive		2026-05-14 06:30:08.432255	1685.63	NO:Float
FENC	"[""FENC""]"	nGNXbFC88G	2026-05-14 06:30:00	Fennec Pharmaceuticals Reports First Quarter 2026 Financial Results and Provides Business Update	Globe Newswire	29.51	2026-05-14 06:30:00.507259	0.0754	0.025	0.8996	0.0505	positive	0.1642	2026-05-14 06:30:10.078211	9642.49	NO:sentiment_score
BRAG	"[""BRAG""]"	nBwbZnXLQa	2026-05-14 06:30:00	Bragg Gaming Group Accelerates Games-First Strategy with Acquisition of Drayton International	Business Wire	20.5	2026-05-14 06:30:00.702096	0.2889	0.0118	0.6993	0.2771	positive	0.3489	2026-05-14 06:30:20.553787	12115.54	NO:sentiment_score
SBC	"[""SBC""]"	nBw5qyLNwa	2026-05-14 06:30:00	SBC Medical Group Holdings Announces First Quarter 2026 Financial Results	Business Wire	6.35	2026-05-14 06:30:00.914554	0.108	0.088	0.804	0.02	neutral		2026-05-14 06:30:22.610390	12535.38	NO:sentiment_score
TMQ	"[""TMQ""]"	nPnbtsZcJa	2026-05-14 06:30:00	Trilogy Metals Announces Election of Directors and Voting Results from the 2026 Annual Meeting of Shareholders	PR Newswire	108.61	2026-05-14 06:30:01.054931	0.0549	0.0276	0.9176	0.0273	neutral	0.171	2026-05-14 06:30:23.698006	3142.08	NO:sentiment_score,Float
VZLA	"[""VZLA""]"	nPnVqq6Ja	2026-05-14 06:30:01	VIZSLA SILVER APPOINTS FORMER SENIOR MEXICAN GOVERNMENT MINING OFFICIAL AS VICE PRESIDENT, GOVERNMENT RELATIONS	PR Newswire	330.22	2026-05-14 06:30:02.036950	0.0776	0.0402	0.8822	0.0374	neutral	0.2079	2026-05-14 06:30:26.237111	3616.86	NO:sentiment_score,Float
ELWT	"[""ELWT""]"	nNFC4T46MY	2026-05-14 06:30:19	Elauwit Connection, Inc. Delivers 29 Percent Increase in Contracted Units, Larger Sales Pipeline in First Quarter 2026	Newsfile Corp	2.24	2026-05-14 06:30:19.400662	0.918	0.0147	0.0673	0.9033	positive	0.1569	2026-05-14 06:30:28.042080	4342.61	YES
SHEL	"[""SHEL""]"	nGNE58VWj7	2026-05-14 06:38:30	REG-Transaction in Own Shares	Globe Newswire	2800.0	2026-05-14 06:38:30.239313	0.0526	0.0227	0.9248	0.0299	neutral		2026-05-14 06:38:31.445699	1283.05	NO:sentiment_score,Float
BRAI	"[""BRAI""]"	nPRrE2767a	2026-05-14 06:39:43	REG-BlackRock American Income Trust Plc: Net Asset Value(s)	PR Newswire	17.7	2026-05-14 06:39:43.286007	0.0711	0.0375	0.8914	0.0336	neutral		2026-05-14 06:39:43.446370	250.59	NO:sentiment_score
GOOS	"[""GOOS""]"	nBw5GmRNLa	2026-05-14 06:45:00	Canada Goose Reports Fourth Quarter and Full Year Fiscal 2026 Results	Business Wire	41.95	2026-05-14 06:45:00.492517	0.0517	0.0609	0.8874	-0.0092	neutral	0.1152	2026-05-14 06:45:14.594554	14179.09	NO:sentiment_score
BN	"[""BN""]"	nGNX7D3pfP	2026-05-14 06:45:00	Brookfield Corporation Reports Strong First Quarter Results 	Globe Newswire	1820.0	2026-05-14 06:45:00.612003	0.9198	0.0224	0.0578	0.8974	positive		2026-05-14 06:45:14.702118	14153.02	NO:Float
DXLG	"[""DXLG""]"	nGNXc8n7KF	2026-05-14 07:00:00	Destination XL Group, Inc. to Announce First Quarter 2026 Financial Results on Thursday, May 28, 2026	Globe Newswire	48.42	2026-05-14 07:00:00.797108	0.0947	0.0482	0.8571	0.0464	neutral	-0.0277	2026-05-14 07:00:02.771568	2043.2	NO:sentiment_score
CINT	"[""CINT"", ""ILLM""]"	nGNX3Rp9Dm	2026-05-14 07:00:00	illumin and Cint make brand measurement immediate and actionable in programmatic advertising	Globe Newswire	16.34	2026-05-14 07:00:00.675923	0.2172	0.0136	0.7692	0.2036	positive	0.2024	2026-05-14 07:00:03.628345	3050.09	NO:sentiment_score
ILLM	"[""CINT"", ""ILLM""]"	nGNX3Rp9Dm	2026-05-14 07:00:00	illumin and Cint make brand measurement immediate and actionable in programmatic advertising	Globe Newswire		2026-05-14 07:00:00.676268	0.2172	0.0136	0.7692	0.2036	positive		2026-05-14 07:00:03.629651	3050.09	NO:sentiment_score,Float
FCHL	"[""FCHL""]"	nACSpYJXNa	2026-05-14 07:00:00	FCHL SHAREHOLDER ALERT:  Bronstein, Gewirtz and Grossman, LLC Announces that Fitness Champs Holdings Ltd. Stockholders with Losses Have Opportunity to Lead Class Action Lawsuit!	ACCESSWIRE	0.35	2026-05-14 07:00:00.947238	0.1192	0.3268	0.554	-0.2076	negative	-0.1028	2026-05-14 07:00:05.281887	2507.58	NO:sentiment_score
TLRY	"[""TLRY""]"	nGNX7cYk3p	2026-05-14 07:00:00	BrewDog Shakes Up RTD Shelves Across the UK with New Nostalgia-Led Wonderland Cocktails	Globe Newswire	118.71	2026-05-14 07:00:00.952381	0.2207	0.0767	0.7026	0.144	positive	0.1965	2026-05-14 07:00:06.654445	3021.57	NO:sentiment_score,Float
PTHS	"[""PTHS""]"	nGNX3x6xWC	2026-05-14 07:00:01	Pelthos Therapeutics Announces First Quarter 2026 Financial Results	Globe Newswire	2.73	2026-05-14 07:00:01.715887	0.1284	0.1003	0.7713	0.028	neutral	0.197	2026-05-14 07:00:14.778289	8110.97	NO:sentiment_score
NTWK	"[""NTWK""]"	nGNX4J8bYj	2026-05-14 07:00:02	NETSOL Technologies reports record quarterly revenue and 13% year-over-year growth in Q3 fiscal 2026	Globe Newswire	9.96	2026-05-14 07:00:02.144210	0.8711	0.0217	0.1072	0.8495	positive	0.4559	2026-05-14 07:00:23.760731	8970.85	YES
RSVR	"[""RSVR""]"	nACSB9R9la	2026-05-14 07:00:02	Reservoir Media to Release Fourth Quarter and Fiscal Year 2026 Results on May 28, 2026	ACCESSWIRE	32.74	2026-05-14 07:00:02.773609	0.0508	0.0522	0.8969	-0.0014	neutral		2026-05-14 07:00:24.827699	1056.34	NO:sentiment_score
GEMI	"[""GEMI""]"	nACSdByJha	2026-05-14 07:00:02	GEMI INVESTOR ALERT: Bronstein, Gewirtz and Grossman, LLC Reminds Stockholders of Gemini Space Station, Inc. to Contact the Firm Today!	ACCESSWIRE	38.2	2026-05-14 07:00:03.632038	0.1314	0.0379	0.8307	0.0936	positive	0.1116	2026-05-14 07:00:26.274213	1441.49	NO:sentiment_score
AZN	"[""AZN""]"	nBw8nLwFRa	2026-05-14 07:00:01	Perioperative IMFINZI® (durvalumab) plus neoadjuvant EV showed statistically significant and clinically meaningful improvements in event-free survival and overall survival in muscle-invasive bladder cancer in the Phase III VOLGA trial	Business Wire	1480.0	2026-05-14 07:00:01.408517	0.9071	0.0228	0.07	0.8843	positive	0.0257	2026-05-14 07:00:31.100857	25805.04	NO:Float
AMS	"[""AMS""]"	nGNX4zQn6w	2026-05-14 07:00:02	American Shared Hospital Services Reports First Quarter 2026 Financial Results	Globe Newswire	3.5	2026-05-14 07:00:03.641260	0.1757	0.1362	0.6881	0.0395	neutral	0.1312	2026-05-14 07:00:31.465842	5189.8	NO:sentiment_score
ATRA	"[""ATRA""]"	nACSrsHP3a	2026-05-14 07:00:03	ATRA STOCKHOLDER ALERT: Bronstein, Gewirtz and Grossman, LLC Announces that Atara Biotherapeutics, Inc. Investors with Losses Have Opportunity to Lead Class Action Lawsuit!	ACCESSWIRE	4.86	2026-05-14 07:00:06.659203	0.1546	0.2246	0.6208	-0.07	negative	-0.0525	2026-05-14 07:00:33.457275	1979.21	NO:sentiment_score
YOOV	"[""YOOV""]"	nACSlKhCsa	2026-05-14 07:00:03	CIGL STOCKHOLDER ALERT: Bronstein, Gewirtz and Grossman, LLC Announces that Concorde International Group, Ltd. Investors with Losses Have Opportunity to Lead Class Action Lawsuit! 	ACCESSWIRE	5.91	2026-05-14 07:00:14.792367	0.1694	0.2926	0.538	-0.1232	negative	-0.0786	2026-05-14 07:00:35.509778	2048.2	NO:sentiment_score
NRXP	"[""NRXP""]"	nGNX1CDmt3	2026-05-14 07:00:04	NRx Pharmaceuticals, Inc. (NASDAQ:NRXP) to Report First Quarter 2026 Financial Results and Provide Corporate Update	Globe Newswire	29.22	2026-05-14 07:00:23.831161	0.1019	0.0333	0.8648	0.0686	positive		2026-05-14 07:00:37.207743	1688.82	NO:sentiment_score
PYXS	"[""PYXS""]"	nGNX7Hzp8W	2026-05-14 07:00:03	Pyxis Oncology Reports First Quarter 2026 Financial Results and Advances MICVO Toward Key 2026 Clinical Milestones	Globe Newswire	48.56	2026-05-14 07:00:05.308958	0.9192	0.0157	0.0651	0.9034	positive	0.1655	2026-05-14 07:00:39.089751	7975.96	YES
XRTX	"[""XRTX""]"	nGNXx9St6	2026-05-14 07:00:04	XORTX Announces US$5 Million Public Offering	Globe Newswire	1.25	2026-05-14 07:00:26.378252	0.1563	0.0208	0.8229	0.1354	positive	0.1481	2026-05-14 07:00:42.228596	3125.49	NO:sentiment_score
BLX	"[""BLX""]"	nGNX4JsdK6	2026-05-14 07:00:04	Boralex reports higher operating income and the addition of new growth projects in the first quarter of 2026	Globe Newswire	27.74	2026-05-14 07:00:24.834063	0.937	0.0139	0.0491	0.9231	positive	0.1567	2026-05-14 07:00:48.546184	11332.08	YES
LIEN	"[""LIEN""]"	nGNX1wnWFd	2026-05-14 07:00:05	Chicago Atlantic BDC, Inc. Reports First Quarter 2026 Financial Results	Globe Newswire	19.78	2026-05-14 07:00:31.117660	0.0954	0.1403	0.7643	-0.0449	neutral	0.0115	2026-05-14 07:00:48.927667	6693.38	NO:sentiment_score
CLYM	"[""CLYM""]"	nGNX50fm7d	2026-05-14 07:00:05	Climb Bio to Present New Budoprutug Clinical Data at European Hematology Association (EHA) 2026 Congress	Globe Newswire	39.49	2026-05-14 07:00:33.461599	0.0974	0.017	0.8855	0.0804	positive	0.1103	2026-05-14 07:00:52.756402	3809.13	NO:sentiment_score
CAMP	"[""CAMP""]"	nGNX22hS6j	2026-05-14 07:00:05	CAMP4 Therapeutics to Present New Preclinical Data Demonstrating CMP-002 Improves Seizure Threshold and Severity in a Model of SYNGAP1-Related Disorder	Globe Newswire	21.26	2026-05-14 07:00:31.473304	0.8275	0.014	0.1585	0.8135	positive	0.4514	2026-05-14 07:00:53.177030	4625.29	YES
UONEK	"[""UONEK""]"	nPn26BmBfa	2026-05-14 07:00:06	URBAN ONE, INC. REPORTS FIRST QUARTER 2026 RESULTS	PR Newswire	1.8556	2026-05-14 07:00:37.212747	0.0535	0.0677	0.8788	-0.0143	neutral	-0.0285	2026-05-14 07:01:10.355789	17172.43	NO:sentiment_score
RGNX	"[""RGNX""]"	nPn3nHF0Qa	2026-05-14 07:00:09	REGENXBIO Announces Positive Topline Results from Pivotal Phase III AFFINITY DUCHENNE® Study of RGX-202	PR Newswire	46.06	2026-05-14 07:00:39.186656	0.8102	0.0248	0.165	0.7854	positive	0.2078	2026-05-14 07:01:16.568537	6204.66	YES
HYPD	"[""HYPD""]"	nGNX58223z	2026-05-14 07:00:05	Hyperion DeFi Reports 1Q 2026 Financial Results with Record Net Income and Raises Guidance for Full Year 2026	Globe Newswire	6.89	2026-05-14 07:00:35.522997	0.8562	0.0284	0.1155	0.8278	positive	0.468	2026-05-14 07:01:21.487953	28721.51	YES
BHST	"[""BHST""]"	nNFC662zqp	2026-05-14 07:00:23	BioHarvest Sciences Reports First Quarter 2026 Financial Results and Provides Business Update	Newsfile Corp	14.53	2026-05-14 07:00:42.344097	0.0652	0.0301	0.9047	0.035	neutral	0.2917	2026-05-14 07:01:25.618176	9051.33	NO:sentiment_score
DTIL	"[""DTIL""]"	nBwLPJ5ca	2026-05-14 07:01:00	Precision BioSciences Presents New Preclinical Data Supporting the Advancement of PBGENE-DMD into Clinic at the American Society of Gene & Cell Therapy 2026 Annual Meeting	Business Wire	23.02	2026-05-14 07:01:00.381618	0.5143	0.0144	0.4713	0.4999	positive	0.2859	2026-05-14 07:01:25.987408	4496.58	NO:sentiment_score
CRWS	"[""CRWS""]"	nGNX8JzwTx	2026-05-14 07:10:00	Crown Crafts Announces Quarterly Cash Dividend	Globe Newswire	9.45	2026-05-14 07:10:00.293279	0.1248	0.0839	0.7913	0.0409	neutral	-0.0299	2026-05-14 07:10:02.548698	2359.38	NO:sentiment_score
HCTI	"[""HCTI""]"	nPn28yvpMa	2026-05-14 07:10:00	Healthcare Triangle Reports 627% Increase in Gross Profit and 166% Increase in Revenue for Q1 2026	PR Newswire	1.76	2026-05-14 07:10:00.447541	0.8676	0.016	0.1164	0.8517	positive	0.4809	2026-05-14 07:10:05.957056	3402.34	YES
RGNX	"[""RGNX""]"	nPn1rTLjMa	2026-05-14 07:10:00	REGENXBIO Reports First Quarter 2026 Financial Results and Operational Highlights	PR Newswire	46.06	2026-05-14 07:10:00.389934	0.1901	0.0705	0.7394	0.1196	positive	0.2084	2026-05-14 07:10:10.410356	10106.52	NO:sentiment_score
BKTI	"[""BKTI""]"	nACScjpdKa	2026-05-14 07:10:00	BK Technologies Reports First Quarter of Fiscal Year 2026 Results; Record Cash Balance Achieved	ACCESSWIRE	2.86	2026-05-14 07:10:00.812411	0.9271	0.0286	0.0442	0.8985	positive	0.185	2026-05-14 07:10:14.102127	8137.92	YES
CLRB	"[""CLRB""]"	nGNX2zqLXN	2026-05-14 07:15:00	Cellectar Biosciences Reports First Quarter 2026 Financial Results and Provides Corporate Updates	Globe Newswire	3.98	2026-05-14 07:15:00.418036	0.0981	0.0566	0.8453	0.0415	neutral	0.0394	2026-05-14 07:15:04.716769	4396.73	NO:sentiment_score
EDAP	"[""EDAP""]"	nGNE5sjVnz	2026-05-14 07:30:00	EDAP | Focal One and Telix Announce Collaboration Focused on Robotic HIFU and Theranostics in Prostate Cancer	Globe Newswire	37.41	2026-05-14 07:30:00.280788	0.6519	0.0126	0.3355	0.6393	positive	0.3757	2026-05-14 07:30:04.211270	4032.08	NO:sentiment_score
NVCT	"[""NVCT""]"	nGNX5Y6LfM	2026-05-14 07:30:00	Nuvectis Pharma, Inc. To Participate in the H.C. Wainwright 4th Annual BioConnect Investor Conference at NASDAQ	Globe Newswire	15.16	2026-05-14 07:30:00.410782	0.2147	0.0308	0.7545	0.1839	positive	0.2435	2026-05-14 07:30:05.456529	1241.17	NO:sentiment_score
HCWB	"[""HCWB""]"	nGNX7jwMkY	2026-05-14 07:30:00	HCW Biologics Discovers that HCW11-040 Prevents Bronchopulmonary Dysplasia (BPD) During IND-Enabling Studies	Globe Newswire	5.1	2026-05-14 07:30:00.508361	0.801	0.0171	0.1819	0.7839	positive	0.3635	2026-05-14 07:30:09.132238	3667.93	YES
KPTI	"[""KPTI""]"	nPn2Dhgsa	2026-05-14 07:30:00	Karyopharm Reports First Quarter 2026 Financial Results and Completion of Phase 3 Endometrial Cancer Trial Enrollment	PR Newswire	20.8	2026-05-14 07:30:00.405483	0.4528	0.0271	0.5201	0.4257	positive	0.2338	2026-05-14 07:30:15.334584	15027.27	NO:sentiment_score
FTLF	"[""FTLF""]"	nGNE8PYLj2	2026-05-14 07:30:00	FitLife Brands Announces First Quarter 2026 Results	Globe Newswire	7.96	2026-05-14 07:30:00.906754	0.0644	0.0824	0.8532	-0.0179	neutral	0.0164	2026-05-14 07:30:17.026133	7889.27	NO:sentiment_score
GLMD	"[""GLMD""]"	nPn7kfxd2a	2026-05-14 07:30:01	Galmed Announces Results from First-in-Man Pharmacokinetics Study of Oral Formulation of Aramchol Meglumine (AM); 400mg AM Increases Bioavailability by ~500% in Comparison to Aramchol Free Acid (AA) 300mg	PR Newswire	6.1	2026-05-14 07:30:01.342691	0.8695	0.0127	0.1178	0.8568	positive	0.3172	2026-05-14 07:30:21.391618	4361.78	YES
BRAG	"[""BRAG""]"	nBw3kvbva	2026-05-14 07:30:00	Bragg Gaming Group Reports First Quarter 2026 Financial Results	Business Wire	20.5	2026-05-14 07:30:00.964107	0.1638	0.1097	0.7265	0.054	positive	0.2162	2026-05-14 07:30:25.556906	10217.54	NO:sentiment_score
MLSS	"[""MLSS""]"	nGNX1nGvz0	2026-05-14 07:30:01	Milestone Scientific Reports Financial Results for First Quarter 2026	Globe Newswire	62.59	2026-05-14 07:30:01.523336	0.1097	0.0728	0.8176	0.0369	neutral	0.2803	2026-05-14 07:30:26.708152	5312.07	NO:sentiment_score,Float
MRLN	"[""MRLN""]"	nGNX8W4R5j	2026-05-14 07:30:01	Merlin, Inc. Reports First Quarter 2026 Results	Globe Newswire	2.58	2026-05-14 07:30:04.225887	0.0537	0.0739	0.8725	-0.0202	neutral	0.1656	2026-05-14 07:30:30.594833	5035.38	NO:sentiment_score
OSTX	"[""OSTX""]"	nNFCbSVD0V	2026-05-14 07:30:18	OS Therapies Appoints Industry Leader Dr. Craig Eagle as Chief Medical Advisor	Newsfile Corp	29.77	2026-05-14 07:30:18.143578	0.1141	0.0309	0.8549	0.0832	positive	0.3934	2026-05-14 07:30:31.405079	4683.01	NO:sentiment_score
SUNS	"[""SUNS""]"	nGNX6wqn75	2026-05-14 07:33:00	Sunrise Realty Trust, Inc. Announces Financial Results for the First Quarter 2026	Globe Newswire	9.61	2026-05-14 07:33:00.358638	0.1073	0.0983	0.7945	0.009	neutral	0.1394	2026-05-14 07:33:03.321689	3060.95	NO:sentiment_score
MITQ	"[""MITQ""]"	nNFC17Jsnn	2026-05-14 07:47:18	Moving iMage Technologies Reports Revenue of $3.39M for Seasonally Soft Q3, Bolstered by DCS Cinema Loudspeaker Shipments; Hosts Call Today at 11am ET	Newsfile Corp	6.56	2026-05-14 07:47:19.009152	0.2727	0.0494	0.6779	0.2233	positive	0.0461	2026-05-14 07:47:22.141432	3232.77	NO:sentiment_score
CTGO	"[""CTGO""]"	nPnkKXPFa	2026-05-14 07:55:00	Contango Announces Results for the Quarter Ended March 31, 2026	PR Newswire	27.73	2026-05-14 07:55:00.307279	0.0741	0.0537	0.8722	0.0204	neutral	0.0862	2026-05-14 07:55:05.639680	5432.19	NO:sentiment_score
APYX	"[""APYX""]"	nGNX3f9hXW	2026-05-14 08:00:00	Apyx Medical Corporation Announces Retrospective Clinical Publication Evaluating Clinical Benefit of Renuvion® Used in Combination with Liposuction	Globe Newswire	36.28	2026-05-14 08:00:00.858231	0.4248	0.0276	0.5476	0.3972	positive	0.3695	2026-05-14 08:00:04.636057	3873.93	NO:sentiment_score
KAPA	"[""KAPA""]"	nBwbgt8Z3a	2026-05-14 08:00:00	Kairos Pharma Receives GHP Magazine’s Healthcare & Pharmaceutical Award	Business Wire	12.4	2026-05-14 08:00:00.673323	0.8543	0.0233	0.1224	0.831	positive	0.1061	2026-05-14 08:00:05.089646	4500.76	YES
LRHC	"[""LRHC""]"	nGNE7qHwhn	2026-05-14 08:00:00	La Rosa Holdings Provides Update on Proposed Consensus Core Transaction Anticipates Definitive Agreements Within 45 to 60 Days, Subject to Customary Conditions	Globe Newswire	0.56	2026-05-14 08:00:00.869339	0.1487	0.0148	0.8364	0.1339	positive	0.1669	2026-05-14 08:00:07.483899	2844.11	NO:sentiment_score
ZENA	"[""ZENA""]"	nGNEbphVbJ	2026-05-14 08:00:00	ZenaDrone 2000 Heavy-Lift Interceptor Advances Toward Flight Testing as ZenaTech Targets $20B Counter-Drone Market	Globe Newswire	18.44	2026-05-14 08:00:00.971629	0.7796	0.0174	0.203	0.7621	positive	0.0787	2026-05-14 08:00:09.439278	4347.29	YES
ARDT	"[""ARDT""]"	nBw5PQXvga	2026-05-14 08:00:01	Ardent Health and Fujifilm Partner to Deliver Synapse Enterprise Imaging Across Radiology and Cardiology Throughout All Facilities	Business Wire	22.42	2026-05-14 08:00:01.229593	0.2266	0.0138	0.7596	0.2127	positive	0.4574	2026-05-14 08:00:09.991615	2492.65	NO:sentiment_score
NDRA	"[""NDRA""]"	nBw3pFM75a	2026-05-14 08:00:01	ENDRA Life Sciences Reports Multi-Site Validation of TAEUS® Liver Device Demonstrating MRI-like Accuracy and Reproducibility	Business Wire	0.61	2026-05-14 08:00:01.633638	0.7944	0.0122	0.1934	0.7821	positive	0.3132	2026-05-14 08:00:13.366656	3369.19	YES
RIME	"[""RIME""]"	nGNXb0KzPW	2026-05-14 08:00:01	Algorhythm Holdings Announces Record First Quarter 2026 Financial Results	Globe Newswire	10.52	2026-05-14 08:00:01.460544	0.1986	0.1207	0.6807	0.0778	positive	0.6163	2026-05-14 08:00:15.441760	5996.7	NO:sentiment_score
INMB	"[""INMB""]"	nGNE7ymcw1	2026-05-14 08:00:01	INmune Bio Receives FDA Fast Track Designation for XPro1595 in Early Alzheimer's Disease	Globe Newswire	22.06	2026-05-14 08:00:01.707678	0.5057	0.0335	0.4608	0.4723	positive	0.4374	2026-05-14 08:00:17.324789	3955.72	NO:sentiment_score
CNSP	"[""CNSP""]"	nACSnDnlHa	2026-05-14 08:00:01	CNS Pharmaceuticals Reports First Quarter 2026 Financial Results and Highlights Strategic Transformation Progress	ACCESSWIRE	0.7158	2026-05-14 08:00:04.648096	0.5503	0.0168	0.4329	0.5335	positive	0.3747	2026-05-14 08:00:19.801039	4332.22	NO:sentiment_score
SEER	"[""SEER""]"	nBw5kW2Pya	2026-05-14 08:00:01	The Radoff-JEC Group Submits its Third Non-Binding Proposal to Acquire Seer, Inc.	Business Wire	29.44	2026-05-14 08:00:05.234351	0.087	0.0193	0.8936	0.0677	positive	0.5923	2026-05-14 08:00:22.302129	4901.24	NO:sentiment_score
SMID	"[""SMID""]"	nBw5gpjZma	2026-05-14 08:00:02	REG-First Trust Global Funds PLC Net Asset Value(s)	Business Wire	4.57	2026-05-14 08:00:09.452430	0.0738	0.0729	0.8534	0.0009	neutral	0.0934	2026-05-14 08:00:22.778809	541.31	NO:sentiment_score
SSTI	"[""SSTI""]"	nGNX7XVxmS	2026-05-14 08:00:02	SoundThinking Appoints David Jochim as Senior Vice President of TechnoLogic and Professional Services	Globe Newswire	9.62	2026-05-14 08:00:10.008736	0.0607	0.0423	0.897	0.0184	neutral	0.083	2026-05-14 08:00:24.911237	2132.77	NO:sentiment_score
CLNN	"[""CLNN""]"	nGNXBcLRZ	2026-05-14 08:00:02	Clene Reports First Quarter 2026 Financial Results and Recent Operating Highlights	Globe Newswire	8.53	2026-05-14 08:00:07.489890	0.2315	0.0368	0.7317	0.1946	positive	-0.1335	2026-05-14 08:00:26.513025	6706.31	NO:sentiment_score
MIRA	"[""MIRA""]"	nACSpbTkta	2026-05-14 08:00:02	MIRA Pharmaceuticals Reports Positive Unblinded Phase 1 Data for Ketamir-2	ACCESSWIRE	35.05	2026-05-14 08:00:15.448465	0.9062	0.0196	0.0742	0.8866	positive	0.2117	2026-05-14 08:00:29.893177	3314.61	YES
INAB	"[""INAB""]"	nGNX8Ctwkg	2026-05-14 08:00:03	IN8bio Presents New Translational Data Demonstrating DeltEx DRI Reshapes the Immune Landscape in Glioblastoma	Globe Newswire	7.65	2026-05-14 08:00:17.426951	0.5931	0.0592	0.3477	0.5339	positive		2026-05-14 08:00:32.498060	2663.01	NO:sentiment_score
CMMB	"[""CMMB""]"	nGNX6cvC7t	2026-05-14 08:00:02	Chemomab Therapeutics Announces First Quarter 2026 Financial Results and Provides Corporate Update	Globe Newswire	6.87	2026-05-14 08:00:13.443520	0.1213	0.0431	0.8356	0.0782	positive	0.2943	2026-05-14 08:00:33.325676	8407.63	NO:sentiment_score
INTS	"[""INTS""]"	nPn2Tm7yVa	2026-05-14 08:00:03	Intensity Therapeutics Recognized with GHP Magazine's 2026 Healthcare & Pharmaceutical Award	PR Newswire	2.32	2026-05-14 08:00:19.806988	0.8027	0.0142	0.1831	0.7885	positive	0.2657	2026-05-14 08:00:37.210523	4706.08	YES
SNYR	"[""SNYR""]"	nGNX3TKk7J	2026-05-14 08:00:03	Synergy CHC Corp. Reports First Quarter 2026 Financial Results	Globe Newswire	5.79	2026-05-14 08:00:22.336322	0.0853	0.0688	0.8459	0.0165	neutral	0.1279	2026-05-14 08:00:39.061861	5725.48	NO:sentiment_score
XELB	"[""XELB""]"	nGNX2xLBJS	2026-05-14 08:00:03	XCEL BRANDS Announces Renowned Dog Behaviorist and Television Personality Cesar Millan to Premiere on QVC	Globe Newswire	3.97	2026-05-14 08:00:22.789171	0.1186	0.041	0.8403	0.0776	positive	0.142	2026-05-14 08:00:39.067435	1850.41	NO:sentiment_score
OTH	"[""OTH""]"	nGNXb74TLK	2026-05-14 08:00:03	Off The Hook Yachts Completes Acquisition of Apex Marine Companies, Creating Mega Service, Refurbishment & Sales Hub for Global Customers	Globe Newswire	3.45	2026-05-14 08:00:24.918330	0.5078	0.0182	0.474	0.4896	positive	0.3131	2026-05-14 08:00:41.349022	2285.17	NO:sentiment_score
GAMI	"[""GAMI"", ""GGZ""]"	nGNX4DrLkj	2026-05-14 08:00:04	Gabelli 18th Annual Sports & Media Symposium Agenda Released	Globe Newswire		2026-05-14 08:00:26.708298	0.057	0.0495	0.8935	0.0075	neutral		2026-05-14 08:00:41.750062	2644.1	NO:sentiment_score,Float
GGZ	"[""GAMI"", ""GGZ""]"	nGNX4DrLkj	2026-05-14 08:00:04	Gabelli 18th Annual Sports & Media Symposium Agenda Released	Globe Newswire	4.95	2026-05-14 08:00:29.918007	0.057	0.0495	0.8935	0.0075	neutral		2026-05-14 08:00:41.748536	2644.1	NO:sentiment_score
DGNX	"[""DGNX""]"	nGNX4cHxzk	2026-05-14 08:00:04	Billion-Dollar AI deal, $100m in Acquisitions, $25m Founder Buy-In – Diginex Details Expansion Push	Globe Newswire	11.83	2026-05-14 08:00:32.505095	0.3069	0.0107	0.6824	0.2962	positive	0.1728	2026-05-14 08:00:44.163825	2806.32	NO:sentiment_score
AGH	"[""AGH""]"	nGNX9XDCyX	2026-05-14 08:00:04	"Aureus Greenway Holdings to Change Ticker Symbol to ""PUSA"" Ahead of Expected Combination With Powerus"	Globe Newswire	9.51	2026-05-14 08:00:33.329555	0.1845	0.0181	0.7974	0.1664	positive	0.063	2026-05-14 08:00:46.021142	4265.54	NO:sentiment_score
CVRX	"[""CVRX""]"	nGNX2dXPnQ	2026-05-14 08:00:04	CVRx Announces Humana Medicare Advantage Coverage Policy for Barostim Therapy	Globe Newswire	14.54	2026-05-14 08:00:39.287362	0.2927	0.0193	0.688	0.2734	positive	0.3466	2026-05-14 08:00:47.378557	1348.11	NO:sentiment_score
KYTX	"[""KYTX""]"	nGNX4nJvVX	2026-05-14 08:00:04	Kyverna Therapeutics to Present at Upcoming Investor Conferences	Globe Newswire	36.45	2026-05-14 08:00:39.310989	0.1456	0.024	0.8303	0.1216	positive	0.1582	2026-05-14 08:00:48.172349	787.89	NO:sentiment_score
BOF	"[""BOF""]"	nGNX7FJ9vR	2026-05-14 08:00:04	BranchOut Food Shareholder Update: Record Production and Major Customer Deliveries Position Company for Record Q2	Globe Newswire	10.61	2026-05-14 08:00:37.282937	0.675	0.0401	0.285	0.6349	positive	0.2104	2026-05-14 08:00:49.001477	4829.49	NO:sentiment_score
SEED	"[""SEED""]"	nPn1cgjJka	2026-05-14 08:00:08	Origin Agritech to Hold Business Update & First Half Fiscal Year 2026 Earnings Conference Call on May 22 at 8 a.m. ET	PR Newswire	6.64	2026-05-14 08:00:41.758937	0.0437	0.0258	0.9305	0.0179	neutral	0.0608	2026-05-14 08:00:50.531627	1526.56	NO:sentiment_score
GNPX	"[""GNPX""]"	nPn1tzpPBa	2026-05-14 08:00:13	Genprex Collaborators Present Positive Preclinical Data on Diabetes Gene Therapy for Type 2 Diabetes at the 2026 American Society of Gene and Cell Therapy Annual Meeting	PR Newswire	8.79	2026-05-14 08:00:41.762829	0.5557	0.0193	0.4249	0.5364	positive	0.3761	2026-05-14 08:00:54.297407	3763.59	NO:sentiment_score
PXLW	"[""PXLW""]"	nPn78pKqpa	2026-05-14 08:00:16	"Pixelworks TrueCut Motion Platform Powers Cinematic Innovation for ""Billie Eilish: Hit Me Hard and Soft - The Tour Live in 3D"""	PR Newswire	5.88	2026-05-14 08:00:44.228497	0.2465	0.0282	0.7253	0.2183	positive	0.3685	2026-05-14 08:00:55.598612	1299.52	NO:sentiment_score
FRMM	"[""FRMM""]"	nPn1vJsH1a	2026-05-14 08:00:04	Forum Reports First Quarter 2026 Financial Results	PR Newswire	9.12	2026-05-14 08:00:41.358200	0.115	0.1201	0.7649	-0.0051	neutral	0.0576	2026-05-14 08:00:57.316666	9140.98	NO:sentiment_score
MSAI	"[""MSAI""]"	nNFC2pPMCz	2026-05-14 08:00:18	MultiSensor AI to Debut Sub-2-Second Multi-Camera Thermal Monitoring at the Reliability Conference 2026	Newsfile Corp	1.73	2026-05-14 08:00:46.035360	0.2468	0.0128	0.7404	0.2339	positive		2026-05-14 08:00:59.108065	3507.46	NO:sentiment_score
E	"[""E""]"	nNFC8TvNgS	2026-05-14 08:00:22	Enterprise Group Announces Results for the First Quarter 2026	Newsfile Corp	1420.0	2026-05-14 08:00:47.387936	0.1176	0.0994	0.783	0.0182	neutral		2026-05-14 08:00:59.412351	2080.34	NO:sentiment_score,Float
MOBX	"[""MOBX""]"	nBwcdbRdMa	2026-05-14 08:01:00	Mobix Labs to Acquire U.S. Rare Earth and Critical Minerals Company Powering Defense and National Security	Business Wire	8.55	2026-05-14 08:01:00.381984	0.1534	0.022	0.8246	0.1314	positive		2026-05-14 08:01:03.846469	3607.3	NO:sentiment_score
AWX	"[""AWX""]"	nNFCQsc2P	2026-05-14 08:00:24	ArcWest Provides Exploration Update	Newsfile Corp	1.92	2026-05-14 08:00:48.181154	0.0662	0.0188	0.915	0.0473	neutral	0.124	2026-05-14 08:01:07.080587	7971.12	NO:sentiment_score
MBX	"[""MBX""]"	nACSvn4Wra	2026-05-14 08:01:12	Microbix Reports Results for H1 & Q2 2026	ACCESSWIRE	29.43	2026-05-14 08:01:12.926075	0.1192	0.0855	0.7953	0.0337	neutral		2026-05-14 08:01:15.462741	2635.05	NO:sentiment_score
ADTX	"[""ADTX""]"	nBwc2mzTra	2026-05-14 08:15:00	Aditxt, Inc. (NASDAQ: ADTX) Announces 1-for-27 Reverse Stock Split Effective at the Open of Trading on May 18, 2026	Business Wire	0.9	2026-05-14 08:15:00.325336	0.0656	0.0375	0.897	0.0281	neutral	0.1118	2026-05-14 08:15:02.820434	2568.83	NO:sentiment_score
WALD	"[""WALD""]"	nGNX6SdFNQ	2026-05-14 08:15:00	Obagi and Next Health Partner to Launch “The Skin Recharge Station” Pop-Up Experience	Globe Newswire	47.1	2026-05-14 08:15:00.311342	0.2307	0.0122	0.7572	0.2185	positive		2026-05-14 08:15:02.944095	2713.14	NO:sentiment_score
FUFU	"[""FUFU""]"	nGNX51b0GG	2026-05-14 08:15:00	BitFuFu Announces April 2026 Bitcoin Production and Operational Updates	Globe Newswire	18.27	2026-05-14 08:15:00.476200	0.081	0.0225	0.8965	0.0585	positive		2026-05-14 08:15:04.515234	1696.55	NO:sentiment_score
YYGH	"[""YYGH""]"	nPnc9W9PGa	2026-05-14 08:17:00	YY Group (NASDAQ: YYGH) Joins Singapore Hotel Association as Associate Member	PR Newswire	2.43	2026-05-14 08:17:00.189638	0.1931	0.0158	0.7911	0.1773	positive	0.0793	2026-05-14 08:17:01.407560	1295.49	NO:sentiment_score
VIVO	"[""VIVO""]"	nGNX810Y8C	2026-05-14 08:20:00	VivoPower CIO to Address Power Access and AI Infrastructure Financing at KBRA’s European Data Centers Event in London	Globe Newswire	9.17	2026-05-14 08:20:00.268519	0.3604	0.0144	0.6252	0.346	positive	0.1369	2026-05-14 08:20:01.525751	1357.38	NO:sentiment_score
ALAR	"[""ALAR""]"	nGNX17KvPd	2026-05-14 08:30:00	Alarum to Release First Quarter 2026 Results and Host Conference Call on Thursday, May 28, 2026	Globe Newswire	7.01	2026-05-14 08:30:00.379044	0.0498	0.0292	0.9211	0.0206	neutral	0.269	2026-05-14 08:30:03.121548	2835.22	NO:sentiment_score
SBEV	"[""SBEV""]"	nGNXbxPm23	2026-05-14 08:30:00	Splash Beverage Group Announces Leadership Transition and Strategic Evolution Toward High-Growth Wellness & Cannabinoid Markets	Globe Newswire	9.34	2026-05-14 08:30:00.519333	0.7289	0.0121	0.259	0.7169	positive		2026-05-14 08:30:04.771984	1643.37	YES
SNAL	"[""SNAL""]"	nGNXLwF2J	2026-05-14 08:30:00	Snail Games USA Explores Partnerships in One of Gaming’s Largest Markets with Gamescom LATAM Attendance	Globe Newswire	8.65	2026-05-14 08:30:00.411675	0.6395	0.0083	0.3521	0.6312	positive	0.3872	2026-05-14 08:30:05.039617	4649.29	NO:sentiment_score
ZBAI	"[""ZBAI""]"	nGNE7gBmZZ	2026-05-14 08:30:00	ZBAI Announces Change of its Nasdaq Ticker Symbol to “AUC”	Globe Newswire	10.02	2026-05-14 08:30:00.600425	0.1505	0.0485	0.8011	0.102	positive	0.0353	2026-05-14 08:30:06.826650	1786.3	NO:sentiment_score
VTGN	"[""VTGN""]"	nBw5ZkrVWa	2026-05-14 08:30:00	Vistagen to Participate in the 2026 RBC Capital Markets Global Healthcare Conference	Business Wire	33.78	2026-05-14 08:30:00.722982	0.2215	0.0138	0.7647	0.2077	positive	0.3103	2026-05-14 08:30:07.862647	1030.13	NO:sentiment_score
DWTX	"[""DWTX""]"	nGNXbpc6D8	2026-05-14 08:30:00	Dogwood Therapeutics Announces First Quarter 2026 Financial Results	Globe Newswire	8.65	2026-05-14 08:30:00.534522	0.1247	0.1346	0.7407	-0.0098	neutral	0.1581	2026-05-14 08:30:08.830160	4053.29	NO:sentiment_score
GWH	"[""GWH""]"	nBw3TMPSza	2026-05-14 08:30:00	ESS to Attend Sidoti Micro-Cap Virtual Conference on May 20, 2026	Business Wire	21.0	2026-05-14 08:30:00.743747	0.0854	0.0189	0.8957	0.0665	positive		2026-05-14 08:30:09.742593	1874.64	NO:sentiment_score
SPAIF	"[""SPAIF"", ""SPAI""]"	nGNX4B1Nsq	2026-05-14 08:30:00	SPARC AI Inc. (OTC: SPAIF) Leading Out in Filling Gap, Developing Software-Only Drone System	Globe Newswire		2026-05-14 08:30:00.888972	0.476	0.011	0.5131	0.465	positive		2026-05-14 08:30:11.938014	3106.04	NO:sentiment_score,Float
SPAI	"[""SPAIF"", ""SPAI""]"	nGNX4B1Nsq	2026-05-14 08:30:00	SPARC AI Inc. (OTC: SPAIF) Leading Out in Filling Gap, Developing Software-Only Drone System	Globe Newswire	12.96	2026-05-14 08:30:03.137022	0.476	0.011	0.5131	0.465	positive	0.0217	2026-05-14 08:30:11.938909	3106.04	NO:sentiment_score
CLIR	"[""CLIR""]"	nACSW2XRMa	2026-05-14 08:30:00	ClearSign Receives Order for Next Phase of 32-Burner Project for California Refinery	ACCESSWIRE	4.28	2026-05-14 08:30:04.894572	0.5584	0.0143	0.4273	0.5441	positive	0.2845	2026-05-14 08:30:13.228523	3484.41	NO:sentiment_score
OFAL	"[""OFAL""]"	nGNX45ZbqH	2026-05-14 08:30:00	OFA Group Enters $7.5 Million Tokenization Platform Services Agreement for Vero Beach, Florida Residential Development Project	Globe Newswire	1.5253	2026-05-14 08:30:05.125761	0.6852	0.0117	0.3031	0.6736	positive	0.1601	2026-05-14 08:30:15.486996	3535.89	NO:sentiment_score
GTBP	"[""GTBP""]"	nGNX3QF13J	2026-05-14 08:30:00	GT Biopharma Announces First Patient Dosed in Phase 1 Trial of GTB-5550, a B7-H3-Targeted Natural Killer (NK) Cell Engager for Solid Tumors	Globe Newswire	27.48	2026-05-14 08:30:06.935766	0.6188	0.0147	0.3665	0.6041	positive	0.2371	2026-05-14 08:30:16.571904	3330.03	NO:sentiment_score
TRT	"[""TRT""]"	nBw9l9W4La	2026-05-14 08:30:01	Trio-Tech Reports 124% Q3 Revenue Growth, Driven by Strong Semiconductor Reliability Testing Demand Supporting AI and Automotive Applications	Business Wire	5.53	2026-05-14 08:30:07.869644	0.9168	0.0134	0.0699	0.9034	positive	0.0995	2026-05-14 08:30:21.169060	5682.1	YES
CISS	"[""CISS""]"	nGNX7wFmwZ	2026-05-14 08:30:01	C3is Inc. announces the date for the release of the first quarter 2026 financial and operating results	Globe Newswire	0.37	2026-05-14 08:30:09.808949	0.0431	0.0381	0.9188	0.005	neutral	0.0101	2026-05-14 08:30:22.470387	1297.68	NO:sentiment_score
JFB	"[""JFB""]"	nGNX3Nkdkj	2026-05-14 08:30:01	XTEND Secures Seven-Figure Defense ISR Order in Asia-Pacific	Globe Newswire	5.85	2026-05-14 08:30:08.913274	0.8853	0.0158	0.099	0.8695	positive	0.1237	2026-05-14 08:30:24.416612	7832.81	YES
MBIO	"[""MBIO""]"	nGNX60ssNQ	2026-05-14 08:30:01	MindBio Therapeutics Corp. (CSE: MBIO) (OTCQB: MBQIF) Harnesses Key AI, Voice Analysis to Offer Impairment Solution	Globe Newswire	6.44	2026-05-14 08:30:11.957466	0.5579	0.0122	0.4298	0.5457	positive	0.043	2026-05-14 08:30:25.733593	3249.04	NO:sentiment_score
GLE	"[""GLE""]"	nPreZPk64a	2026-05-14 08:30:01	GLG Provides Expert Insights on Bloomberg's ASKB	PR Newswire	1.26	2026-05-14 08:30:11.957577	0.1807	0.018	0.8014	0.1627	positive		2026-05-14 08:30:26.620437	2196.51	NO:sentiment_score
NUWE	"[""NUWE""]"	nGNXblHFs0	2026-05-14 08:30:01	Nuwellis Announces Successful Completion of FDA Pre-Submission 510(k) Meeting to Expand Aquadex Label	Globe Newswire	2.42	2026-05-14 08:30:15.495131	0.8378	0.0112	0.151	0.8266	positive	0.4185	2026-05-14 08:30:29.055052	2424.4	YES
IQST	"[""IQST""]"	nPn8566f1a	2026-05-14 08:30:02	IQST - IQSTEL Launches IQSTEL Digital Services Subsidiary and Appoints Jorge Enrique Becerra as CEO	PR Newswire	4.72	2026-05-14 08:30:16.580072	0.0549	0.0305	0.9146	0.0245	neutral	0.3522	2026-05-14 08:30:33.884845	4828.42	NO:sentiment_score
ATOS	"[""ATOS""]"	nPn712Lba	2026-05-14 08:30:05	Atossa Therapeutics to Host Virtual KOL Event Featuring Dr. Laura Esserman to Discuss Development of (Z)-Endoxifen in ER-Positive Breast Cancer	PR Newswire	8.52	2026-05-14 08:30:21.179913	0.2453	0.0202	0.7345	0.2251	positive	0.2044	2026-05-14 08:30:36.686669	2795.61	NO:sentiment_score
XTIA	"[""XTIA""]"	nPn49gF4ja	2026-05-14 08:30:01	XTI Aerospace Reports First Quarter 2026 Results	PR Newswire	38.43	2026-05-14 08:30:13.288258	0.0424	0.0359	0.9217	0.0065	neutral	0.1731	2026-05-14 08:30:37.815718	12082.64	NO:sentiment_score
LFS	"[""LFS""]"	nPnbKLVJFa	2026-05-14 08:30:06	LEIFRAS Co., Ltd. Ranked No. 1 in Japan by Number of Supported School Club Activities with 2,120 Contracts	PR Newswire	6.594	2026-05-14 08:30:22.480886	0.655	0.0164	0.3286	0.6386	positive	0.339	2026-05-14 08:30:38.938310	2252.05	NO:sentiment_score
AIDX	"[""AIDX""]"	nGNX8q9wZP	2026-05-14 08:31:00	20/20 BioLabs to Attend Sidoti Micro-Cap Virtual Conference on May 20, 2026	Globe Newswire	6.95	2026-05-14 08:31:00.432646	0.0769	0.0224	0.9006	0.0545	positive	0.1085	2026-05-14 08:31:01.829572	1522.8	NO:sentiment_score
LAKE	"[""LAKE""]"	nGNX8v59fv	2026-05-14 08:31:00	Lakeland Fire + Safety’s LHD Group Australia Secures Multi-Year Extension Agreement with Energy Queensland for Field Workwear	Globe Newswire	8.44	2026-05-14 08:31:00.293872	0.9257	0.0181	0.0563	0.9076	positive	0.4385	2026-05-14 08:31:02.460854	2265.34	YES
HPAIW	"[""HPAI"", ""HPAIW""]"	nGNX2b6nVH	2026-05-14 08:31:00	Helport AI Launches New ‘AI Labor’ Corporate Website	Globe Newswire		2026-05-14 08:31:00.440975	0.1232	0.0574	0.8193	0.0658	positive	0.242	2026-05-14 08:31:06.175978	4339.2	NO:sentiment_score,Float
HPAI	"[""HPAI"", ""HPAIW""]"	nGNX2b6nVH	2026-05-14 08:31:00	Helport AI Launches New ‘AI Labor’ Corporate Website	Globe Newswire	7.88	2026-05-14 08:31:00.440944	0.1232	0.0574	0.8193	0.0658	positive		2026-05-14 08:31:06.177198	4339.2	NO:sentiment_score
PHUN	"[""PHUN""]"	nGNX82TLmw	2026-05-14 08:31:00	Phunware Appoints Dmitry Kroshka as Chief Executive Officer to Lead 2.0 Strategy; Engages Michael Cerdá to Drive Product Rollout	Globe Newswire	18.23	2026-05-14 08:31:00.471111	0.2391	0.0108	0.7501	0.2283	positive	0.3232	2026-05-14 08:31:07.207013	4740.61	NO:sentiment_score
STIM	"[""STIM""]"	nGNXZ6rMP	2026-05-14 08:32:00	Neuronetics and ANT Neuro Announce Strategic Collaboration to Integrate Neuronavigation with NeuroStar TMS Treatment	Globe Newswire	24.66	2026-05-14 08:32:00.304765	0.6636	0.0099	0.3266	0.6537	positive	0.6436	2026-05-14 08:32:01.484665	1273.24	NO:sentiment_score
GRI	"[""GRI""]"	nGNX4CZHtV	2026-05-14 08:35:00	GRI Bio Reports First Quarter 2026 Financial Results, New Data Reinforcing Differentiated Profile of GRI-0621 in Idiopathic Pulmonary Fibrosis and Highlights Continued Advancement of Differentiated Immune-Modulating Pipeline	Globe Newswire	1.44	2026-05-14 08:35:00.325480	0.8253	0.0101	0.1646	0.8152	positive	0.3806	2026-05-14 08:35:05.841000	5598.69	YES
HYEX	"[""GELS"", ""HYEX""]"	nACSy1prqa	2026-05-14 08:35:00	Healthy Extracts Q1 2026 Net Revenue Up 73% to Record $1.6 Million, Driving Positive EBITDA	ACCESSWIRE		2026-05-14 08:35:00.756627	0.9419	0.0268	0.0313	0.9151	positive	0.5615	2026-05-14 08:35:09.704527	9093.92	NO:Float
GELS	"[""GELS"", ""HYEX""]"	nACSy1prqa	2026-05-14 08:35:00	Healthy Extracts Q1 2026 Net Revenue Up 73% to Record $1.6 Million, Driving Positive EBITDA	ACCESSWIRE	5.62	2026-05-14 08:35:00.763951	0.9419	0.0268	0.0313	0.9151	positive		2026-05-14 08:35:09.704918	9093.92	YES
SNTI	"[""SNTI""]"	nGNX36HSqF	2026-05-14 08:40:00	Senti Biosciences Holdings Announces Positive FDA RMAT Meeting on Registrational Clinical and CMC Strategy for SENTI-202 in Relapsed/Refractory AML, Along with Important Efficacy and Durability Updates on the SENTI-202 Clinical Program	Globe Newswire	11.79	2026-05-14 08:40:00.395923	0.3704	0.0296	0.6	0.3408	positive	0.1777	2026-05-14 08:40:03.573212	3290.42	NO:sentiment_score
AIM	"[""AIM""]"	nGNX8dpYBd	2026-05-14 08:41:00	AIM ImmunoTech Posts Virtual Investor Key Opinion Leader Segment Spotlighting Ampligen Breakthrough Data in Pancreatic Cancer	Globe Newswire	7.66	2026-05-14 08:41:00.259272	0.5515	0.0209	0.4276	0.5306	positive	0.1748	2026-05-14 08:41:03.436991	3224.93	NO:sentiment_score
NEXT	"[""NEXT""]"	nACSNqFmpa	2026-05-14 08:50:01	Germany's BGR Assesses NextSource Materials' Molo Graphite Mine as Part of Federal Critical Minerals Study	ACCESSWIRE	147.59	2026-05-14 08:50:01.131309	0.2275	0.0136	0.7589	0.2138	positive	0.0176	2026-05-14 08:50:02.936180	1897.26	NO:sentiment_score,Float
CURX	"[""CURX""]"	nGNX1yxLvf	2026-05-14 08:53:00	Curanex Reports First Quarter 2026 Business Progress as Phyto-N Advances Toward Planned FDA Submission	Globe Newswire	8.72	2026-05-14 08:53:00.255934	0.8981	0.0143	0.0876	0.8837	positive	0.4106	2026-05-14 08:53:01.934980	1757.99	YES
CPHI	"[""CPHI""]"	nPn8H5JJxa	2026-05-14 08:57:16	China Pharma Holdings, Inc. States It Knows of No Events That Could Have Caused Unusual Market Activity	PR Newswire	18.89	2026-05-14 08:57:16.103945	0.0613	0.0623	0.8765	-0.001	neutral	0.0042	2026-05-14 08:57:16.904410	898.8	NO:sentiment_score
YYAI	"[""YYAI""]"	nGNXbffr25	2026-05-14 09:00:00	AiRWA Inc. Announces 1-for-40 Reverse Split	Globe Newswire	36.23	2026-05-14 09:00:00.538102	0.1187	0.0617	0.8196	0.0571	positive	0.1151	2026-05-14 09:00:03.762164	3306.41	NO:sentiment_score
ACCS	"[""ACCS""]"	nACSf0w5la	2026-05-14 09:00:00	ACCESS Newswire Celebrates PRSSA Bateman Competition Success and the Next Generation of Communications Leaders	ACCESSWIRE	3.15	2026-05-14 09:00:00.761559	0.436	0.0097	0.5542	0.4263	positive	0.2719	2026-05-14 09:00:06.275716	2514.33	NO:sentiment_score
MLEC	"[""MLEC""]"	nACSYQr3ca	2026-05-14 09:00:00	Moolec Science Successfully Completes 2026 GLASO Commercial Planting Campaign in the United States	ACCESSWIRE	0.2	2026-05-14 09:00:00.697199	0.7793	0.0161	0.2046	0.7632	positive		2026-05-14 09:00:06.584158	5976.08	YES
COSM	"[""COSM""]"	nACSfsxL2a	2026-05-14 09:00:00	Cosmos Health, through its Subsidiary Cana Laboratories, Enters into an Advisory Agreement with the European Investment Bank (EIB) for the Financing of its €50M R&D Program; EIB Financing Represents up to 50%, or €25M, under the EIB's Venture Debt Program	ACCESSWIRE	28.16	2026-05-14 09:00:01.029373	0.6831	0.0137	0.3032	0.6694	positive	0.3631	2026-05-14 09:00:09.779364	3502.8	NO:sentiment_score
MEGI	"[""MEGI""]"	nBwbWJL7ga	2026-05-14 09:00:01	NYLI CBRE Global Infrastructure Megatrends Term Fund (NYSE: MEGI) Declares Availability of Section 19(a) Notice for May 2026	Business Wire	45.09	2026-05-14 09:00:01.278009	0.1792	0.0294	0.7914	0.1498	positive	0.1101	2026-05-14 09:00:11.108500	4512.84	NO:sentiment_score
ANGI	"[""ANGI""]"	nGNX4Ly4S0	2026-05-14 09:00:01	Do You Own Your Home—or Does It Own You? Angi Launches “Own It with Angie Hicks,” a Podcast That Coaches Homeowners on the Decisions No One Tells You About	Globe Newswire	28.29	2026-05-14 09:00:01.681535	0.1247	0.0503	0.825	0.0745	positive	0.1788	2026-05-14 09:00:13.076731	1944.83	NO:sentiment_score
LINK	"[""LINK""]"	nGNX1tPXlm	2026-05-14 09:00:01	Interlink Electronics Reports First Quarter 2026 Results	Globe Newswire	3.54	2026-05-14 09:00:01.436010	0.0324	0.0377	0.9299	-0.0053	neutral	0.0196	2026-05-14 09:00:14.613108	4827.63	NO:sentiment_score
III	"[""III""]"	nBw4Gx0QDa	2026-05-14 09:00:02	ISG to Study Providers of AI-driven ADM Services	Business Wire	33.28	2026-05-14 09:00:03.764277	0.1787	0.0168	0.8045	0.162	positive	0.116	2026-05-14 09:00:17.325035	2705.15	NO:sentiment_score
APWC	"[""APWC""]"	nGNX6SNbSr	2026-05-14 09:00:02	APWC Announces Financial Results for the First Quarter of 2026	Globe Newswire	3.14	2026-05-14 09:00:02.093640	0.086	0.0681	0.8459	0.018	neutral	-0.0346	2026-05-14 09:00:17.574892	4505.91	NO:sentiment_score
YRD	"[""YRD""]"	nPn5m75YQa	2026-05-14 09:00:03	Yiren Digital Advances Transition to AI-Native, Multi-Industry Operating Model with Enterprise AI Architecture Rollout	PR Newswire	29.3007	2026-05-14 09:00:06.287793	0.2321	0.0125	0.7554	0.2196	positive	0.3595	2026-05-14 09:00:23.451136	6121.17	NO:sentiment_score
50S	"[""SPCB"", ""50S""]"	nPnb0KBKMa	2026-05-14 09:00:08	SuperCom Reports Revenue Growth and Record Profitability for the First Quarter of 2026	PR Newswire		2026-05-14 09:00:09.786246	0.9351	0.0175	0.0474	0.9176	positive		2026-05-14 09:00:24.337843	6758.61	NO:Float
SPCB	"[""SPCB"", ""50S""]"	nPnb0KBKMa	2026-05-14 09:00:08	SuperCom Reports Revenue Growth and Record Profitability for the First Quarter of 2026	PR Newswire	3.79	2026-05-14 09:00:08.790061	0.9351	0.0175	0.0474	0.9176	positive	0.0346	2026-05-14 09:00:24.339054	6758.61	YES
BRN	"[""BRN""]"	nBw9kpnlla	2026-05-14 09:01:00	BrainChip Expands AI Ecosystem with Strategic Software Partners	Business Wire	5.71	2026-05-14 09:01:00.506527	0.6596	0.0109	0.3295	0.6487	positive	0.7372	2026-05-14 09:01:02.886670	2523.0	NO:sentiment_score
TD	"[""TD""]"	nBwbWDRWXa	2026-05-14 09:01:00	‘Optimistic’ First-Time Homebuyers Open to New Paths to Homeownership, According to TD Survey	Business Wire	1690.0	2026-05-14 09:01:00.357916	0.6474	0.0234	0.3291	0.624	positive		2026-05-14 09:01:03.264156	3001.2	NO:sentiment_score,Float
LASE	"[""LASE""]"	nACSrsznva	2026-05-14 09:10:00	Laser Photonics and Fonon Technologies Present Laser Blaster Cabinet for Safe Manual Laser Cleaning	ACCESSWIRE	19.83	2026-05-14 09:10:00.937613	0.1444	0.014	0.8416	0.1304	positive	0.2763	2026-05-14 09:10:04.011095	3187.72	NO:sentiment_score
SAFX	"[""SAFX""]"	nACSvDcXQa	2026-05-14 09:10:00	XCF Global Highlights Operational Readiness at New Rise Renewables Reno and Confirms Catalyst Delivery Remains on Track	ACCESSWIRE	32.88	2026-05-14 09:10:01.042583	0.7945	0.0371	0.1684	0.7574	positive	0.1707	2026-05-14 09:10:05.074169	4104.3	YES
GEMI	"[""GEMI""]"	nGNX2xrk7V	2026-05-14 09:14:00	GEMINI SPACE STATION, INC. INVESTORS WITH LOSSES HAVE UNTIL MAY 18, 2026 TO JOIN SECURITIES CLASS ACTION – Bernstein Liebhard LLP Announces Deadline	Globe Newswire	38.2	2026-05-14 09:14:00.298616	0.1438	0.1671	0.6891	-0.0233	neutral	0.032	2026-05-14 09:14:01.337419	1130.85	NO:sentiment_score
PLYX	"[""PLYX""]"	nGNX3YMbyP	2026-05-14 09:15:00	Polaryx Therapeutics Receives GHP Magazine’s Healthcare & Pharmaceuticals Awards	Globe Newswire	3.88	2026-05-14 09:15:00.265198	0.6403	0.0213	0.3384	0.6189	positive	0.3246	2026-05-14 09:15:02.086483	1883.41	NO:sentiment_score
IPST	"[""IPST""]"	nGNX4Pgjgz	2026-05-14 09:17:45	IP Strategy Regains Compliance with Nasdaq Continued Listing Standards	Globe Newswire	0.53	2026-05-14 09:17:45.273169	0.733	0.0242	0.2428	0.7088	positive	0.0978	2026-05-14 09:17:45.918181	741.65	YES
TOMZ	"[""TOMZ""]"	nGNX9PPCyY	2026-05-14 09:20:00	TOMI Environmental Solutions, Inc. Announces Second SteraMist Hybrid System Installation Contract with a World-Renowned East Coast Research University	Globe Newswire	11.66	2026-05-14 09:20:00.277095	0.8134	0.0153	0.1712	0.7981	positive	0.4967	2026-05-14 09:20:03.088540	2905.51	YES
IPWR	"[""IPWR""]"	nPn47vHHza	2026-05-14 09:20:00	Ideal Power Reports First Quarter 2026 Financial Results	PR Newswire	10.16	2026-05-14 09:20:00.431854	0.1273	0.0886	0.7842	0.0387	neutral	0.1622	2026-05-14 09:20:05.843222	5511.05	NO:sentiment_score
FT	"[""FT""]"	nBwbtHDKda	2026-05-14 09:22:00	Fortune Minerals Receives Water Licence and Land Use Permit for the NICO Project Access Road	Business Wire	25.13	2026-05-14 09:22:00.300949	0.1927	0.0236	0.7837	0.169	positive	0.1903	2026-05-14 09:22:01.687389	1463.96	NO:sentiment_score
SLXN	"[""SLXN""]"	nGNX3JVTwt	2026-05-14 09:27:00	Silexion Therapeutics Reports Positive Preliminary Immunotherapy Findings for SIL204 in KRAS-Driven Pancreatic Cancer	Globe Newswire	3.77	2026-05-14 09:27:00.485039	0.9174	0.0237	0.0588	0.8937	positive		2026-05-14 09:27:01.954572	1568.34	YES
MOBX	"[""MOBX""]"	nBw5mj2h6a	2026-05-14 09:40:00	MOBX to Acquire U.S. Defense Rare Earth, Critical Minerals Company	Business Wire	8.55	2026-05-14 09:40:00.597277	0.0949	0.0209	0.8843	0.074	positive		2026-05-14 09:40:00.987686	481.45	NO:sentiment_score
SAP	"[""SAP""]"	nGNXbXMrXy	2026-05-14 10:00:00	Saputo Inc.: Fiscal 2026 Fourth Quarter and Year-End Results	Globe Newswire	1170.0	2026-05-14 10:00:00.651127	0.1085	0.0991	0.7924	0.0094	neutral		2026-05-14 10:00:01.109216	559.4	NO:sentiment_score,Float
LGO	"[""LGO""]"	nNFC1zbFdQ	2026-05-14 10:08:33	Largo Reports Q1 2026 Financial Results Reflecting Strong Operating Performance at Maracás Menchen Mine and the Impact of High U.S. Import Tariffs on Brazilian Products in Early 2026	Newsfile Corp	49.59	2026-05-14 10:08:33.403134	0.8882	0.0477	0.0641	0.8405	positive	0.3252	2026-05-14 10:08:42.395387	9079.99	YES
III	"[""III""]"	nBw51VTVga	2026-05-14 11:00:00	ISG to Study Enterprise Service Management Providers	Business Wire	33.28	2026-05-14 11:00:00.698486	0.1298	0.0239	0.8463	0.106	positive	0.278	2026-05-14 11:00:03.395068	2748.64	NO:sentiment_score
ARDT	"[""ARDT""]"	nACS4hkNKa	2026-05-14 11:00:01	Bronstein, Gewirtz & Grossman, LLC Is Investigating Ardent Health, Inc. (ARDT) And Encourages Shareholders to Connect	ACCESSWIRE	22.42	2026-05-14 11:00:01.250772	0.1536	0.1566	0.6898	-0.0031	neutral	0.0029	2026-05-14 11:00:03.644244	2479.17	NO:sentiment_score
LAKE	"[""LAKE""]"	nACSvB8q2a	2026-05-14 11:00:02	Bronstein, Gewirtz & Grossman, LLC Announces an Investigation Against Lakeland Industries, Inc. (LAKE) and Encourages Investors to Learn More About the Investigation 	ACCESSWIRE	8.44	2026-05-14 11:00:02.231920	0.2058	0.1042	0.69	0.1016	positive	0.0587	2026-05-14 11:00:05.156786	1505.39	NO:sentiment_score
UHG	"[""UHG""]"	nACS0nnLBa	2026-05-14 11:00:01	UHG INVESTOR ALERT: Bronstein, Gewirtz and Grossman, LLC Announces that United Homes Group, Inc. Investors Have Opportunity to Lead Class Action Lawsuit!	ACCESSWIRE	11.21	2026-05-14 11:00:01.476872	0.1615	0.2803	0.5582	-0.1188	negative		2026-05-14 11:00:05.919859	2512.84	NO:sentiment_score
DMRC	"[""DMRC""]"	nACS71f6Za	2026-05-14 11:00:02	Bronstein, Gewirtz & Grossman, LLC Initiates an Investigation into Allegations Against Digimarc Corporation (DMRC) And Encourages Shareholders to Reach Out	ACCESSWIRE	16.8	2026-05-14 11:00:02.628049	0.2345	0.0315	0.734	0.203	positive	0.0842	2026-05-14 11:00:06.529038	1369.22	NO:sentiment_score
GAIA	"[""GAIA""]"	nACSLYW93a	2026-05-14 11:00:02	Bronstein, Gewirtz & Grossman, LLC Encourages Gaia, Inc. (GAIA) Investors to Inquire about Securities Investigation	ACCESSWIRE	17.79	2026-05-14 11:00:02.953626	0.0971	0.0258	0.877	0.0713	positive	-0.4219	2026-05-14 11:00:07.361147	1439.32	NO:sentiment_score
VTGN	"[""VTGN""]"	nACSP18VJa	2026-05-14 11:00:03	Bronstein, Gewirtz & Grossman, LLC Initiates an Investigation into Allegations Against Vistagen Therapeutics, Inc. (VTGN) And Encourages Shareholders to Reach Out	ACCESSWIRE	33.78	2026-05-14 11:00:03.286756	0.1984	0.0554	0.7462	0.1429	positive	0.0382	2026-05-14 11:00:07.922752	1376.45	NO:sentiment_score
FTFT	"[""FTFT""]"	nACSHtZZva	2026-05-14 11:00:03	Future FinTech Group Inc. (FTFT) Investigation: Bronstein, Gewirtz & Grossman, LLC Encourages Shareholders to Contact the Firm to Learn More About the Investigation	ACCESSWIRE	2.33	2026-05-14 11:00:03.387005	0.2621	0.0256	0.7123	0.2365	positive	0.0569	2026-05-14 11:00:08.748076	1371.01	NO:sentiment_score
LEE	"[""LEE""]"	nACSJJ35Pa	2026-05-14 11:00:03	Bronstein, Gewirtz & Grossman, LLC Announces an Investigation Against Lee Enterprises, Inc. (LEE) and Encourages Investors to Learn More About the Investigation	ACCESSWIRE	5.91	2026-05-14 11:00:03.888998	0.2231	0.0483	0.7286	0.1747	positive	-0.0655	2026-05-14 11:00:09.541593	1608.63	NO:sentiment_score
PMI	"[""PMI""]"	nACSd9Sh2a	2026-05-14 11:00:04	Bronstein, Gewirtz & Grossman, LLC Initiates an Investigation into Allegations Against Picard Medical, Inc. (PMI) And Encourages Shareholders to Reach Out	ACCESSWIRE	24.95	2026-05-14 11:00:05.167906	0.2248	0.0875	0.6877	0.1373	positive	-0.0271	2026-05-14 11:00:10.776062	1225.69	NO:sentiment_score
ARTW	"[""ARTW""]"	nACSglCbfa	2026-05-14 11:00:03	Art's Way Scientific And Dan Palmer Honored At 2026 World Of Modular	ACCESSWIRE	2.12	2026-05-14 11:00:03.981322	0.2258	0.0531	0.7211	0.1727	positive	-0.0013	2026-05-14 11:00:10.795528	2042.03	NO:sentiment_score
NMI	"[""NMI""]"	nACSLDJBKa	2026-05-14 11:11:23	Namibia Critical Metals Announces Results of Annual General Meeting of Shareholders and Issuance of Options	ACCESSWIRE	11.28	2026-05-14 11:11:23.200722	0.0741	0.032	0.8939	0.0421	neutral	0.0319	2026-05-14 11:11:25.352182	2243.48	NO:sentiment_score
MLGO	"[""MLGO""]"	nPn1SQGJwa	2026-05-14 11:40:00	MicroAlgo Inc. Develops Multi-Objective Evolutionary Algorithm to Advance Quantum Circuit Innovation	PR Newswire	5.81	NASDAQ	2026-05-14 11:40:00.177175	0.1286	0.0142	0.8571	0.1144	positive	NO:sentiment_score
ATRA	"[""ATRA""]"	nGNX7PK3BT	2026-05-14 12:00:00	Bronstein, Gewirtz & Grossman LLC Urges Atara Biotherapeutics, Inc. Investors to Act: Class Action Filed Alleging Investor Harm	Globe Newswire	4.86	NASDAQ	2026-05-14 12:00:00.317105	0.1282	0.3506	0.5213	-0.2224	negative	NO:sentiment_score
FCHL	"[""FCHL""]"	nGNX1LcVp2	2026-05-14 12:00:00	Bronstein, Gewirtz & Grossman LLC Urges Fitness Champs Holdings Ltd. Investors to Act: Class Action Filed Alleging Investor Harm	Globe Newswire	0.35	NASDAQ	2026-05-14 12:00:00.533346	0.144	0.192	0.664	-0.048	neutral	NO:sentiment_score
AMG	"[""AMG""]"	nGNEb8pKT6	2026-05-14 12:22:10	REG-AMG Critical Materials N.V. Announces Strategic Acquisition of Zinnwald Lithium Adding Optionality in Critical Materials in the Heart of Europe	Globe Newswire	25.59	EURONEXT AMSTERDAM	2026-05-14 12:22:10.185920	0.4908	0.0256	0.4835	0.4652	positive	NO:sentiment_score
SHEL	"[""SHEL""]"	nGNE5VMm7r	2026-05-14 12:23:36	REG-Publication of Prospectus	Globe Newswire	2800.0	LSE	2026-05-14 12:23:36.187764	0.0662	0.0454	0.8885	0.0208	neutral	NO:sentiment_score,Float
MMA	"[""MMA""]"	nGNX9xTCPG	2026-05-14 12:42:55	Midnight Sun Invites Shareholders to Dumbwa Technical Webinar - May 19th 2026, at 9am Pacific	Globe Newswire	21.14		2026-05-14 12:42:55.171753	0.0481	0.0174	0.9346	0.0307	neutral	NO:sentiment_score
ICE	"[""ICE""]"	nNFC9Mn6w2	2026-05-14 12:47:59	Canlan Sports Reports Q1 Record Revenue and Continues Quarterly Dividend	Newsfile Corp	562.92	TSX	2026-05-14 12:47:59.543087	0.4561	0.0518	0.4922	0.4043	positive	NO:sentiment_score,Float
EGG	"[""EGG""]"	nGNX9qXVr5	2026-05-14 12:53:36	Hotwire Global and Lilypath Announce Strategic Partnership to Evolve Executive Visibility for the AI Era	Globe Newswire	8.26	ASX	2026-05-14 12:53:36.185160	0.6653	0.0113	0.3234	0.654	positive	NO:sentiment_score
GEMI	"[""GEMI""]"	nBw2b9ZCva	2026-05-14 13:57:00	Deadline Soon: Gemini Space Station, Inc. (GEMI) Shareholders Who Lost Money Urged To Contact The Law Offices of Frank R. Cruz About Securities Fraud Lawsuit	Business Wire	38.2	NASDAQ	2026-05-14 13:57:00.188063	0.1041	0.4023	0.4936	-0.2982	negative	NO:sentiment_score
AARD	"[""AARD""]"	nGNX9j8rLK	2026-05-14 14:20:25	Aardvark Therapeutics (AARD) Faces Investor Scrutiny Amid 56% Drop On Clinical Pause For Lead Drug Candidate– Hagens Berman	Globe Newswire	12.07	NASDAQ	2026-05-14 14:20:25.191829	0.0779	0.8844	0.0377	-0.8065	negative	NO:sentiment_score
MOBX	"[""MOBX""]"	nBw3bHH6Sa	2026-05-14 14:24:00	Mobix Labs Announces Amendment to Senior Secured Convertible Note and Entry into Investor Rights Agreement with Leviston Resources	Business Wire	8.55	NASDAQ	2026-05-14 14:24:00.210747	0.2747	0.0182	0.7071	0.2565	positive	NO:sentiment_score
AZ	"[""AZ""]"	nPn2t8x8qa	2026-05-14 15:00:00	A2Z Cust2Mate Secures Approval for $30 Million Non-Dilutive Financing to Scale Smart Cart Manufacturing & Deployment	PR Newswire	32.61	NASDAQ	2026-05-14 15:00:00.914959	0.8654	0.0125	0.1221	0.8528	positive	YES
WGRX	"[""WGRX""]"	nACSJLyxga	2026-05-14 15:05:00	Wellgistics Health Accelerates Digital Health Expansion of its Newly Announced RPM, RTM and CCM Pilot with Planned Acquisition of WellCare Today and its Proprietary Samsung Galaxy Watch Care Monitoring Program	ACCESSWIRE	49.67	NASDAQ	2026-05-14 15:05:00.725200	0.6293	0.0129	0.3578	0.6164	positive	NO:sentiment_score
PHR	"[""PHR""]"	nPn73Ywx0a	2026-05-14 15:48:00	PHR Investors Have Opportunity to Lead Phreesia, Inc. Securities Fraud Lawsuit	PR Newswire	46.13	NYSE	2026-05-14 15:48:00.390564	0.1267	0.0681	0.8052	0.0587	positive	NO:sentiment_score
ACET	"[""ACET""]"	nBw7ZLdC9a	2026-05-14 16:00:00	Adicet Bio to Participate in Fireside Chat at Jefferies Global Healthcare Conference	Business Wire	8.44	NASDAQ	2026-05-14 16:00:00.258881	0.1404	0.0234	0.8362	0.117	positive	NO:sentiment_score
HAS	"[""GLXZ"", ""HAS""]"	nGNXb90P0D	2026-05-14 16:00:00	MONOPOLY® Hits the Casino Floor as Galaxy Gaming® and Hasbro® Launch MONOPOLY Table Games Progressive at Pechanga Resort Casino	Globe Newswire	139.69	OTC	2026-05-14 16:00:00.387154	0.2558	0.0535	0.6908	0.2023	positive	NO:sentiment_score,Float
GLXZ	"[""GLXZ"", ""HAS""]"	nGNXb90P0D	2026-05-14 16:00:00	MONOPOLY® Hits the Casino Floor as Galaxy Gaming® and Hasbro® Launch MONOPOLY Table Games Progressive at Pechanga Resort Casino	Globe Newswire		OTC	2026-05-14 16:00:00.388695	0.2558	0.0535	0.6908	0.2023	positive	NO:sentiment_score,Float
CVV	"[""CVV""]"	nBw8MRWKMa	2026-05-14 16:00:00	CVD Equipment Corporation Reports First Quarter 2026 Results	Business Wire	5.35	NASDAQ	2026-05-14 16:00:00.407354	0.0414	0.0444	0.9142	-0.003	neutral	NO:sentiment_score
SCOR	"[""SCOR""]"	nGNX56Qdyr	2026-05-14 16:00:00	Comscore Reports First Quarter 2026 Results	Globe Newswire	11.21	NASDAQ	2026-05-14 16:00:00.482994	0.0321	0.0722	0.8958	-0.0401	neutral	NO:sentiment_score
ELSE	"[""ELSE""]"	nPn3Nk1Bwa	2026-05-14 16:00:00	Electro-Sensors, Inc. Announces First Quarter 2026 Financial Results	PR Newswire	1.63	NASDAQ	2026-05-14 16:00:00.776827	0.1269	0.1389	0.7342	-0.012	neutral	NO:sentiment_score
ELVA	"[""ELVA""]"	nACSm6LWGa	2026-05-14 16:00:43	Electrovaya Reports Fiscal Year Q2 2026 Results 	ACCESSWIRE	32.41	NASDAQ	2026-05-14 16:00:43.926202	0.0629	0.0502	0.8869	0.0127	neutral	NO:sentiment_score
UMAC	"[""UMAC""]"	nACSzlnv1a	2026-05-14 16:00:44	Unusual Machines First Quarter 2026 Shareholder Letter	ACCESSWIRE	34.16	NYSE AMERICAN	2026-05-14 16:00:44.352802	0.1015	0.0858	0.8127	0.0157	neutral	NO:sentiment_score
ELUT	"[""ELUT""]"	nGNX20KQPh	2026-05-14 16:01:00	Elutia to Present at the 16th Annual LD Micro Invitational on May 18th	Globe Newswire	33.56	NASDAQ	2026-05-14 16:01:00.219451	0.1289	0.0234	0.8476	0.1055	positive	NO:sentiment_score
NWTG	"[""NWTG""]"	nBw1P43rwa	2026-05-14 16:01:00	Newton Golf Reports Q1 2026 Results	Business Wire	3.32	NASDAQ	2026-05-14 16:01:00.253698	0.1031	0.0907	0.8062	0.0125	neutral	NO:sentiment_score
DARE	"[""DARE""]"	nGNX9tkHjR	2026-05-14 16:01:00	Daré Bioscience Reports First Quarter 2026 Financial Results and Provides Business Update	Globe Newswire	13.35	NASDAQ	2026-05-14 16:01:00.379232	0.0856	0.037	0.8774	0.0486	neutral	NO:sentiment_score
CLPR	"[""CLPR""]"	nBw4SSrvSa	2026-05-14 16:01:00	Clipper Realty Inc. Announces First Quarter 2026 Results	Business Wire	13.24	NYSE	2026-05-14 16:01:00.488106	0.087	0.0954	0.8177	-0.0084	neutral	NO:sentiment_score
CODX	"[""CODX""]"	nPn60Kw8La	2026-05-14 16:01:00	Co-Diagnostics Reports First Quarter 2026 Financial Results	PR Newswire	3.29	NASDAQ	2026-05-14 16:01:00.517526	0.0728	0.0668	0.8603	0.006	neutral	NO:sentiment_score
NCNA	"[""NCNA""]"	nGNE81Njrt	2026-05-14 16:01:00	NuCana Reports First Quarter 2026 Financial Results and Provides Business Update	Globe Newswire	3.87	NASDAQ	2026-05-14 16:01:00.629577	0.0598	0.0306	0.9096	0.0291	neutral	NO:sentiment_score
AIRJ	"[""AIRJ""]"	nGNX6stHkH	2026-05-14 16:01:01	AirJoule Technologies Announces First Quarter 2026 Results and Provides Business Update	Globe Newswire	29.17	NASDAQ	2026-05-14 16:01:01.155250	0.1251	0.0172	0.8577	0.108	positive	NO:sentiment_score
SGMO	"[""SGMO""]"	nGNX7HNnRD	2026-05-14 16:01:01	Sangamo Therapeutics Reports Recent Business Highlights and First Quarter 2026 Financial Results	Globe Newswire	410.04	OTC	2026-05-14 16:01:01.255525	0.1206	0.0677	0.8117	0.0529	positive	NO:sentiment_score,Float
AENT	"[""AENT""]"	nGNX1yr9dV	2026-05-14 16:01:01	Alliance Entertainment Reports Third Quarter Fiscal Year 2026 Results	Globe Newswire	3.06	NASDAQ	2026-05-14 16:01:01.486560	0.0583	0.0545	0.8873	0.0038	neutral	NO:sentiment_score
AARD	"[""AARD""]"	nGNXJdz8k	2026-05-14 16:01:01	Aardvark Therapeutics Plans to Unblind HERO and OLE Data to Inform Path Forward Following FDA Clinical Hold	Globe Newswire	12.07	NASDAQ	2026-05-14 16:01:01.880083	0.3101	0.0101	0.6797	0.3	positive	NO:sentiment_score
GGRP	"[""GGRP""]"	nACSXMGjba	2026-05-14 16:02:00	The Glimpse Group Becomes A Pureplay Physical AI Company and Announces Q3 Fiscal Year 2026 Financial Results	ACCESSWIRE	14.91	NASDAQ	2026-05-14 16:02:00.918678	0.0919	0.021	0.887	0.0709	positive	NO:sentiment_score
TRAK	"[""TRAK""]"	nBwlwccXa	2026-05-14 16:05:00	ReposiTrak Reports Third Quarter Fiscal 2026 Financial Results	Business Wire	12.14	NYSE	2026-05-14 16:05:00.481740	0.1303	0.1578	0.7119	-0.0275	neutral	NO:sentiment_score
BARK	"[""BARK""]"	nBw3Ftmnfa	2026-05-14 16:05:00	BARK to Announce Fiscal Fourth Quarter and Full Year 2026 Financial Results on June 9, 2025	Business Wire	4.78	NYSE	2026-05-14 16:05:00.501494	0.1021	0.0571	0.8408	0.045	neutral	NO:sentiment_score
AEON	"[""AEON""]"	nGNX97b5zc	2026-05-14 16:05:00	AEON Biopharma Reports First Quarter 2026 Financial Results and Provides Corporate Update	Globe Newswire	8.73	NYSE AMERICAN	2026-05-14 16:05:00.754429	0.0606	0.032	0.9075	0.0286	neutral	NO:sentiment_score
GAMB	"[""GAMB"", ""6WH""]"	nBwTb6T6a	2026-05-14 16:05:00	Gambling.com Group Reports First Quarter Results	Business Wire	20.65	NASDAQ	2026-05-14 16:05:00.815174	0.0649	0.1016	0.8335	-0.0367	neutral	NO:sentiment_score
6WH	"[""GAMB"", ""6WH""]"	nBwTb6T6a	2026-05-14 16:05:00	Gambling.com Group Reports First Quarter Results	Business Wire		NASDAQ	2026-05-14 16:05:00.817086	0.0649	0.1016	0.8335	-0.0367	neutral	NO:sentiment_score,Float
INLX	"[""INLX""]"	nBw385K0Na	2026-05-14 16:05:00	Intellinetics Reports First Quarter Financial Results 	Business Wire	2.88	NYSE AMERICAN	2026-05-14 16:05:00.819306	0.2301	0.1239	0.646	0.1062	positive	NO:sentiment_score
LSF	"[""LSF""]"	nBw79YjGda	2026-05-14 16:05:01	Laird Superfood Reports First Quarter 2026 Financial Results	Business Wire	7.72	NYSE AMERICAN	2026-05-14 16:05:01.229948	0.1623	0.1305	0.7072	0.0318	neutral	NO:sentiment_score
MYO	"[""MYO""]"	nBwb2kRyQa	2026-05-14 16:05:01	Myomo Announces Participation in Upcoming Investor Conferences	Business Wire	35.41	NYSE AMERICAN	2026-05-14 16:05:01.232633	0.1957	0.0377	0.7666	0.158	positive	NO:sentiment_score
PIII	"[""PIII""]"	nBw79cq2ka	2026-05-14 16:05:01	P3 Health Partners Announces First Quarter 2026 Results	Business Wire	1.81	NASDAQ	2026-05-14 16:05:01.392496	0.0582	0.0874	0.8545	-0.0292	neutral	NO:sentiment_score
GNSS	"[""GNSS""]"	nBw3BJNPCa	2026-05-14 16:05:01	Genasys Inc. Reports Fiscal Second Quarter 2026 Results	Business Wire	35.34	NASDAQ	2026-05-14 16:05:01.409357	0.0346	0.048	0.9174	-0.0135	neutral	NO:sentiment_score
LTRN	"[""LTRN""]"	nBw5qF9Sa	2026-05-14 16:05:01	Lantern Pharma Inc. Announces Closing of up to $9.25 Million Registered Direct Offering with Existing Holders and a Single Institutional Investor	Business Wire	8.28	NASDAQ	2026-05-14 16:05:01.417858	0.1229	0.0199	0.8572	0.103	positive	NO:sentiment_score
LGCY	"[""LGCY""]"	nPn4R2LNGa	2026-05-14 16:05:01	Legacy Education Inc. Reports Third Quarter Fiscal 2026 Growth Across Revenue, Enrollment, and Earnings	PR Newswire	9.53	NYSE AMERICAN	2026-05-14 16:05:01.426345	0.9023	0.0203	0.0775	0.882	positive	YES
RCEL	"[""RCEL""]"	nGNX2VsHS4	2026-05-14 16:05:01	AVITA Medical Reports First Quarter 2026 Financial Results	Globe Newswire	24.4	NASDAQ	2026-05-14 16:05:01.434464	0.1372	0.1125	0.7503	0.0247	neutral	NO:sentiment_score
BLNE	"[""BLNE""]"	nGNEvSzYS	2026-05-14 16:05:01	Beeline Doubles Revenue Year-Over-Year in Q1 2026 While Significantly Narrowing Operating Loss	Globe Newswire	25.03	NASDAQ	2026-05-14 16:05:01.436477	0.8737	0.0756	0.0507	0.7981	positive	YES
INTZ	"[""INTZ""]"	nACSl5RKWa	2026-05-14 16:05:01	Intrusion Inc. Reports First Quarter 2026 Results	ACCESSWIRE	16.99	NASDAQ	2026-05-14 16:05:01.802105	0.0491	0.0531	0.8977	-0.004	neutral	NO:sentiment_score
WYY	"[""WYY""]"	nGNX5JymPd	2026-05-14 16:05:01	WidePoint Reports First Quarter 2026 Financial Results	Globe Newswire	8.17	NYSE AMERICAN	2026-05-14 16:05:01.806734	0.0904	0.0862	0.8233	0.0042	neutral	NO:sentiment_score
CV	"[""CV""]"	nGNXS9HdK	2026-05-14 16:05:01	CapsoVision Reports First Quarter 2026 Financial Results	Globe Newswire	27.48	NASDAQ	2026-05-14 16:05:01.825262	0.149	0.1124	0.7386	0.0367	neutral	NO:sentiment_score
DAIO	"[""DAIO""]"	nGNX6xTRQH	2026-05-14 16:05:01	Data I/O Announces Significant Direct Investment to Support The NEW Data I/O	Globe Newswire	8.93	NASDAQ	2026-05-14 16:05:01.835400	0.7885	0.0121	0.1994	0.7764	positive	YES
RDNW	"[""RDNW""]"	nPn3BYhQpa	2026-05-14 16:05:02	RideNow Group, Inc. Reports First Quarter 2026 Financial Results	PR Newswire	22.41	NASDAQ	2026-05-14 16:05:02.220026	0.0792	0.1153	0.8055	-0.036	neutral	NO:sentiment_score
CURI	"[""CURI""]"	nACS98F99a	2026-05-14 16:05:02	CuriosityStream Reports First Quarter 2026 Financial Results and Raises Dividend 	ACCESSWIRE	40.75	NASDAQ	2026-05-14 16:05:02.293282	0.1825	0.0274	0.79	0.1551	positive	NO:sentiment_score
DWSN	"[""DWSN""]"	nPn5gTdsna	2026-05-14 16:05:02	DAWSON GEOPHYSICAL REPORTS FIRST QUARTER 2026 RESULTS	PR Newswire	30.69	NASDAQ	2026-05-14 16:05:02.304569	0.0459	0.0506	0.9035	-0.0047	neutral	NO:sentiment_score
HHS	"[""HHS""]"	nACSyQplJa	2026-05-14 16:05:02	Harte Hanks Reports First Quarter 2026 Results	ACCESSWIRE	5.9	NASDAQ	2026-05-14 16:05:02.314189	0.0462	0.0529	0.901	-0.0067	neutral	NO:sentiment_score
AQMS	"[""AQMS""]"	nGNX3MDsZk	2026-05-14 16:05:02	Aqua Metals Reports First Quarter 2026 Progress on Commercialization, Strategic Initiatives, and Expanded Platform Capabilities Across Critical Minerals and Energy Storage Markets	Globe Newswire	2.64	NASDAQ	2026-05-14 16:05:02.656850	0.8735	0.0112	0.1154	0.8623	positive	YES
CBUS	"[""CBUS""]"	nGNXc7f3y6	2026-05-14 16:05:02	Cibus Reports First Quarter Financial Results and Provides Business Update	Globe Newswire	47.19	NASDAQ	2026-05-14 16:05:02.665242	0.0624	0.0329	0.9047	0.0296	neutral	NO:sentiment_score
MTVA	"[""MTVA""]"	nPnbrmSBRa	2026-05-14 16:05:02	MetaVia Reports First Quarter 2026 Financial Results and Provides Corporate Update	PR Newswire	3.29	NASDAQ	2026-05-14 16:05:02.677677	0.0588	0.0432	0.898	0.0157	neutral	NO:sentiment_score
SHIM	"[""SHIM""]"	nGNX8XjYk4	2026-05-14 16:05:02	Shimmick Corporation Announces First Quarter 2026 Results	Globe Newswire	5.27	NASDAQ	2026-05-14 16:05:02.941953	0.0514	0.0795	0.8691	-0.0282	neutral	NO:sentiment_score
RMCF	"[""RMCF""]"	nGNX4R4tRW	2026-05-14 16:05:02	Rocky Mountain Chocolate Factory Reports Preliminary Fourth Quarter and Fiscal Year 2026 Financial Results	Globe Newswire	5.6	NASDAQ	2026-05-14 16:05:02.947942	0.1315	0.0908	0.7778	0.0407	neutral	NO:sentiment_score
PXLW	"[""PXLW""]"	nPn9fkhqCa	2026-05-14 16:05:02	Pixelworks Reports First Quarter 2026 Financial Results	PR Newswire	5.88	NASDAQ	2026-05-14 16:05:02.949062	0.091	0.0972	0.8118	-0.0062	neutral	NO:sentiment_score
RNXT	"[""RNXT""]"	nGNX9SSfhJ	2026-05-14 16:05:02	RenovoRx Reports Record First Quarter 2026: Increasing Revenue by 136% Quarter-over-Quarter	Globe Newswire	43.15	NASDAQ	2026-05-14 16:05:02.958762	0.9442	0.0183	0.0376	0.9259	positive	YES
ICCC	"[""ICCC""]"	nGNX4R5dMB	2026-05-14 16:05:02	ImmuCell Announces Unaudited Financial Results for the Quarter Ended March 31, 2026	Globe Newswire	5.65	NASDAQ	2026-05-14 16:05:02.973567	0.0798	0.091	0.8291	-0.0112	neutral	NO:sentiment_score
EGAN	"[""EGAN""]"	nGNX8vWK63	2026-05-14 16:05:03	eGain Reports Third Quarter 2026 Results Highlighting Accelerating AI Knowledge Demand and Improved Profitability	Globe Newswire	17.65	NASDAQ	2026-05-14 16:05:03.401604	0.9476	0.0159	0.0365	0.9318	positive	YES
OTH	"[""OTH""]"	nGNX1CBtw3	2026-05-14 16:05:03	Oﬀ The Hook YS Inc. Reports First Quarter 2026 Financial and Operating Results	Globe Newswire	3.45	NYSE AMERICAN	2026-05-14 16:05:03.561889	0.2112	0.1037	0.6851	0.1076	positive	NO:sentiment_score
RSSS	"[""RSSS""]"	nPn3LX8qMa	2026-05-14 16:05:03	Research Solutions Reports Third Quarter Fiscal Year 2026 Results	PR Newswire	27.24	NASDAQ	2026-05-14 16:05:03.618216	0.0483	0.0408	0.9109	0.0076	neutral	NO:sentiment_score
SRXH	"[""SRXH""]"	nGNX8MPkKx	2026-05-14 16:05:03	SRx Health Solutions Announces Fiscal Second Quarter 2026 Results for Quarter Ended March 31, 2026	Globe Newswire	273.77	NYSE AMERICAN	2026-05-14 16:05:03.687419	0.1105	0.1392	0.7503	-0.0287	neutral	NO:sentiment_score,Float
AUID	"[""AUID""]"	nGNX4S970	2026-05-14 16:05:03	authID Reports Financial and Operating Results for the First Quarter 2026	Globe Newswire	14.18	NASDAQ	2026-05-14 16:05:03.876089	0.089	0.0542	0.8568	0.0348	neutral	NO:sentiment_score
JSPR	"[""JSPR""]"	nGNXbhs1Cc	2026-05-14 16:05:04	Jasper Therapeutics Reports First Quarter 2026 Financial Results and Provides Corporate Update	Globe Newswire	24.16	NASDAQ	2026-05-14 16:05:04.105868	0.0895	0.0427	0.8678	0.0467	neutral	NO:sentiment_score
SSTI	"[""SSTI""]"	nGNX61kx0l	2026-05-14 16:05:04	SoundThinking, Inc. Reports First Quarter 2026 Financial Results	Globe Newswire	9.62	NASDAQ	2026-05-14 16:05:04.216034	0.1066	0.1456	0.7478	-0.039	neutral	NO:sentiment_score
BRFH	"[""BRFH""]"	nGNX58c5tH	2026-05-14 16:05:04	Barfresh Announces First Quarter 2026 Results 	Globe Newswire	6.35	NASDAQ	2026-05-14 16:05:04.496368	0.0856	0.0527	0.8616	0.0329	neutral	NO:sentiment_score
CMT	"[""CMT""]"	nGNX1vwjr6	2026-05-14 16:05:04	Core Molding Technologies to Present and Host 1x1 Meetings at the 16th Annual East Coast IDEAS Investor Conference on June 10, 2026	Globe Newswire	8.23	NYSE AMERICAN	2026-05-14 16:05:04.551096	0.1609	0.0185	0.8206	0.1423	positive	NO:sentiment_score
ARTL	"[""ARTL""]"	nGNX5wmqWx	2026-05-14 16:05:04	Artelo Biosciences Provides Business Update Outlining Upcoming Milestones and Reports 2026 First Quarter Financial Results	Globe Newswire	0.83	NASDAQ	2026-05-14 16:05:04.718113	0.134	0.0513	0.8147	0.0828	positive	NO:sentiment_score
XELB	"[""XELB""]"	nGNX6qc5q6	2026-05-14 16:05:05	Xcel Brands, Inc. Announces First Quarter 2026 Financial Results	Globe Newswire	3.97	NASDAQ	2026-05-14 16:05:05.191229	0.0935	0.1083	0.7981	-0.0148	neutral	NO:sentiment_score
RKDA	"[""RKDA""]"	nGNXbrlsZj	2026-05-14 16:05:05	Arcadia Biosciences (RKDA) Announces First Quarter 2026 Financial Results and Business Highlights	Globe Newswire	2.05	NASDAQ	2026-05-14 16:05:05.285367	0.1133	0.0433	0.8434	0.07	positive	NO:sentiment_score
ROC	"[""ROC""]"	nGNX32PjBk	2026-05-14 16:05:05	ROC Reports First Quarter 2026 Financial Results, Product Momentum Continues Across Vision AI Platform	Globe Newswire	5.45	NASDAQ	2026-05-14 16:05:05.898914	0.7301	0.0099	0.2601	0.7202	positive	YES
XBP	"[""XBP""]"	nGNX30nqDN	2026-05-14 16:05:06	XBP Global Holdings, Inc. Reports First Quarter 2026 Financial Results	Globe Newswire	8.41	NASDAQ	2026-05-14 16:05:06.242065	0.0968	0.0869	0.8164	0.0099	neutral	NO:sentiment_score
WKHS	"[""WKHS""]"	nGNX6gVLd8	2026-05-14 16:05:06	Workhorse Group Reports First Quarter 2026 Results	Globe Newswire	7.79	NASDAQ	2026-05-14 16:05:06.388170	0.0593	0.0512	0.8895	0.0081	neutral	NO:sentiment_score
INUV	"[""INUV""]"	nGNX1cqwnG	2026-05-14 16:05:07	Inuvo Reports First Quarter 2026 Results	Globe Newswire	11.83	NYSE AMERICAN	2026-05-14 16:05:07.053557	0.0608	0.0457	0.8935	0.0151	neutral	NO:sentiment_score
MTEX	"[""MTEX""]"	nGNX1NDQMH	2026-05-14 16:05:07	Mannatech Reports Financial Results for First Quarter 2026	Globe Newswire	0.84	NASDAQ	2026-05-14 16:05:07.237953	0.1282	0.0814	0.7905	0.0468	neutral	NO:sentiment_score
SHPH	"[""SHPH""]"	nNFC384RJz	2026-05-14 16:05:18	Shuttle Pharmaceuticals and United Dogecoin Announce Purchase Order for up to 3,000 ElphaPex Dogecoin and Litecoin Mining Rigs	Newsfile Corp	4.87	NASDAQ	2026-05-14 16:05:18.626924	0.333	0.0109	0.6561	0.3222	positive	NO:sentiment_score
BLIN	"[""BLIN""]"	nACStQsdma	2026-05-14 16:08:44	Bridgeline Announces Financial Results for the Second Quarter of Fiscal 2026 	ACCESSWIRE	9.17	NASDAQ	2026-05-14 16:08:44.794290	0.1288	0.1141	0.7571	0.0148	neutral	NO:sentiment_score
VNRX	"[""VNRX""]"	nPn4rqtFba	2026-05-14 16:10:00	VolitionRx Limited Announces First Quarter 2026 Financial Results and Business Update	PR Newswire	6.37	NYSE AMERICAN	2026-05-14 16:10:00.141482	0.0908	0.059	0.8501	0.0318	neutral	NO:sentiment_score
FCT	"[""FCT""]"	nBws5h9qa	2026-05-14 16:10:00	First Trust Advisors L.P. Announces Portfolio Manager Update Regarding the Reorganization of First Trust Senior Floating Rate Income Fund II	Business Wire	25.98	NYSE	2026-05-14 16:10:00.228092	0.0888	0.0678	0.8434	0.021	neutral	NO:sentiment_score
TOPP	"[""TOPP""]"	nGNX4RK1nj	2026-05-14 16:10:00	Toppoint Holdings Inc. Reports First Quarter 2026 Financial Results	Globe Newswire	6.5	NYSE AMERICAN	2026-05-14 16:10:00.280654	0.0798	0.1132	0.807	-0.0334	neutral	NO:sentiment_score
FBIO	"[""FBIO""]"	nGNXVk1hX	2026-05-14 16:10:00	Fortress Biotech Reports First Quarter 2026 Financial Results and Recent Corporate Highlights	Globe Newswire	24.68	NASDAQ	2026-05-14 16:10:00.501061	0.1477	0.0548	0.7975	0.0929	positive	NO:sentiment_score
CLDI	"[""CLDI""]"	nGNX5V0WR2	2026-05-14 16:10:00	Calidi Biotherapeutics Reports First Quarter 2026 Financial Results and Recent Operational Highlights	Globe Newswire	9.78	NYSE AMERICAN	2026-05-14 16:10:00.555483	0.2286	0.0327	0.7387	0.196	positive	NO:sentiment_score
XOS	"[""XOS""]"	nGNX4k93FZ	2026-05-14 16:10:00	Xos Reports Record Gross Margin and Lowest Operating Loss in Company History since Going Public, Anchored by Multi-Product Business Lines	Globe Newswire	6.55	NASDAQ	2026-05-14 16:10:00.682320	0.0605	0.869	0.0705	-0.8085	negative	NO:sentiment_score
YCBD	"[""YCBD""]"	nPn9GzMl9a	2026-05-14 16:10:00	cbdMD Reports 19% Year-over-Year and 12% Sequential Revenue Growth; Bluebird Acquisition Integration and Medicare BEI Pathway Position Company for Continued Momentum	PR Newswire	9.36	NYSE AMERICAN	2026-05-14 16:10:00.735615	0.9135	0.0148	0.0717	0.8987	positive	YES
NL	"[""NL""]"	nGNX2ldJ5y	2026-05-14 16:15:00	NL INDUSTRIES, INC. ANNOUNCES QUARTERLY DIVIDEND AND RESULTS OF ANNUAL SHAREHOLDER MEETING	Globe Newswire	8.31	NYSE	2026-05-14 16:15:00.240763	0.0666	0.068	0.8654	-0.0014	neutral	NO:sentiment_score
KULR	"[""KULR""]"	nGNX5fC5Py	2026-05-14 16:15:00	KULR Technology Group Reports First Quarter 2026 Financial Results	Globe Newswire	42.57	NYSE AMERICAN	2026-05-14 16:15:00.282668	0.1888	0.1114	0.6998	0.0773	positive	NO:sentiment_score
MCR	"[""MCR""]"	nBw4X6fhHa	2026-05-14 16:15:00	MFS Charter Income Trust Announces Adjournment of Special Shareholder Meeting	Business Wire	41.69	NYSE	2026-05-14 16:15:00.397390	0.0766	0.1101	0.8134	-0.0335	neutral	NO:sentiment_score
FGI	"[""FGI""]"	nPn7XmJ37a	2026-05-14 16:15:00	FGI INDUSTRIES ANNOUNCES FIRST QUARTER 2026 RESULTS	PR Newswire	0.53	NASDAQ	2026-05-14 16:15:00.588030	0.048	0.0733	0.8787	-0.0254	neutral	NO:sentiment_score
KLC	"[""KLC""]"	nBw3lvH6Sa	2026-05-14 16:15:00	KinderCare Reports First Quarter 2026 Financial Results	Business Wire	30.46	NYSE	2026-05-14 16:15:00.691277	0.0911	0.0856	0.8233	0.0055	neutral	NO:sentiment_score
CHPT	"[""CHPT""]"	nBw3rqdyka	2026-05-14 16:15:00	ChargePoint to Announce First Quarter Fiscal Year 2027 Financial Results on June 3, 2026	Business Wire	21.75	NYSE	2026-05-14 16:15:00.848714	0.0705	0.0228	0.9067	0.0477	neutral	NO:sentiment_score
ACOG	"[""ACOG""]"	nBw77XVlYa	2026-05-14 16:15:00	Alpha Cognition Inc. Reports First Quarter 2026 Financial Results and Provides Operational Update	Business Wire	12.99	NASDAQ	2026-05-14 16:15:00.908171	0.057	0.0331	0.9099	0.0238	neutral	NO:sentiment_score
TPST	"[""TPST""]"	nGNX2pKcvh	2026-05-14 16:15:01	Tempest Reports First Quarter 2026 Financial Results and Provides Business Update	Globe Newswire	8.13	NASDAQ	2026-05-14 16:15:01.024793	0.0553	0.0397	0.9051	0.0156	neutral	NO:sentiment_score
BGMS	"[""BGMS""]"	nGNX60Z4S1	2026-05-14 16:15:01	BIO GREEN MED SOLUTION REPORTS FIRST QUARTER FINANCIAL RESULTS AND PROVIDES BUSINESS UPDATE	Globe Newswire	3.2	NASDAQ	2026-05-14 16:15:01.206062	0.0713	0.0271	0.9016	0.0443	neutral	NO:sentiment_score
BNKK	"[""BNKK""]"	nACSXBYQZa	2026-05-14 16:15:01	BNKK Revenues Surge Over 10,000% to $4.3M in Q1 2026; Achieves Operational Profitability	ACCESSWIRE	3.41	NASDAQ	2026-05-14 16:15:01.215804	0.9433	0.0203	0.0364	0.9229	positive	YES
PED	"[""PED""]"	nGNX9LjygR	2026-05-14 16:15:01	PEDEVCO Reports First Quarter 2026 Results	Globe Newswire	5.26	NYSE AMERICAN	2026-05-14 16:15:01.637129	0.057	0.0386	0.9044	0.0184	neutral	NO:sentiment_score
INV	"[""INV""]"	nGNX3d7jVz	2026-05-14 16:15:01	Innventure Reports First Quarter 2026 Results	Globe Newswire	49.3	NASDAQ	2026-05-14 16:15:01.666392	0.0423	0.0504	0.9073	-0.0081	neutral	NO:sentiment_score
SER	"[""SER""]"	nGNX9p5Rrs	2026-05-14 16:20:00	Serina Therapeutics Reports First Quarter 2026 Financial Results and Provides Business Updates	Globe Newswire	6.98	NYSE AMERICAN	2026-05-14 16:20:00.353460	0.0774	0.0276	0.895	0.0498	neutral	NO:sentiment_score
ODYS	"[""ODYS""]"	nGNX9sQQq9	2026-05-14 16:20:00	Odysight.ai Reports Financial Results for the Three Months Ended March 31, 2026 and Provides Business Update	Globe Newswire	8.43	NASDAQ	2026-05-14 16:20:00.385461	0.0529	0.0567	0.8904	-0.0039	neutral	NO:sentiment_score
MLCI	"[""MLCI""]"	nGNX3WBWTp	2026-05-14 16:20:00	Mount Logan Capital Inc. Announces First Quarter 2026 Financial Results	Globe Newswire	10.57	NASDAQ	2026-05-14 16:20:00.725950	0.1089	0.1425	0.7486	-0.0335	neutral	NO:sentiment_score
PROP	"[""PROP""]"	nGNX2BvRBm	2026-05-14 16:21:54	Prairie Operating Co. Announces First Quarter 2026 Results and Reaffirms 2026 Guidance	Globe Newswire	36.15	NASDAQ	2026-05-14 16:21:54.499441	0.1408	0.0465	0.8127	0.0943	positive	NO:sentiment_score
PXS	"[""PXS""]"	nGNX3xb5CN	2026-05-14 16:22:00	Pyxis Tankers Announces Date for the Release of the First Quarter 2026 Results	Globe Newswire	4.26	NASDAQ	2026-05-14 16:22:00.382446	0.0542	0.0402	0.9056	0.014	neutral	NO:sentiment_score
HCWB	"[""HCWB""]"	nGNX8x68Hw	2026-05-14 16:25:00	HCW Biologics Reports First Quarter 2026 Business Highlights and Financial Results	Globe Newswire	5.1	NASDAQ	2026-05-14 16:25:00.346154	0.1454	0.1009	0.7536	0.0445	neutral	NO:sentiment_score
WNC	"[""WNC""]"	nGNX2SnYty	2026-05-14 16:28:19	Wabash Announces Quarterly Dividend	Globe Newswire	38.62	NYSE	2026-05-14 16:28:19.171888	0.0896	0.1421	0.7683	-0.0525	negative	NO:sentiment_score
VCIG	"[""VCIG""]"	nGNX6yRHdK	2026-05-14 16:30:00	VCI Global Launches Strategic Gold Treasury Program Integrating Physical Gold and Tether Gold	Globe Newswire	5.76	NASDAQ	2026-05-14 16:30:00.277767	0.1889	0.0114	0.7997	0.1775	positive	NO:sentiment_score
NEOV	"[""NEOV"", ""SES""]"	nGNX2n1FgP	2026-05-14 16:30:00	NeoVolta Appoints Jing Nealis as Chief Financial Officer	Globe Newswire	33.62	NASDAQ	2026-05-14 16:30:00.330976	0.0484	0.0495	0.9021	-0.0012	neutral	NO:sentiment_score
SES	"[""NEOV"", ""SES""]"	nGNX2n1FgP	2026-05-14 16:30:00	NeoVolta Appoints Jing Nealis as Chief Financial Officer	Globe Newswire	236.25	NASDAQ	2026-05-14 16:30:00.332452	0.0484	0.0495	0.9021	-0.0012	neutral	NO:sentiment_score,Float
IDAI	"[""IDAI""]"	nGNEltzNF	2026-05-14 16:30:00	Trust Stamp filed its Q1 10-Q for the three months ended March 31, 2026 reflecting 39% increase in net recognized revenue with continued customer and pipeline growth	Globe Newswire	4.13	NASDAQ	2026-05-14 16:30:00.485158	0.9345	0.0163	0.0493	0.9182	positive	YES
DTCX	"[""DTCX""]"	nGNX8LzzYJ	2026-05-14 16:30:00	Datacentrex Reports First Quarter 2026 Financial Results	Globe Newswire	25.81	NASDAQ	2026-05-14 16:30:00.594532	0.1074	0.1226	0.77	-0.0152	neutral	NO:sentiment_score
MDCX	"[""MDCX""]"	nGNX26B7sz	2026-05-14 16:30:00	Medicus Pharma Reports First Quarter 2026 Financial Results and Provides Corporate Update	Globe Newswire	9.61	NASDAQ	2026-05-14 16:30:00.606134	0.0798	0.0345	0.8856	0.0453	neutral	NO:sentiment_score
STN	"[""STN""]"	nGNX8M4fgR	2026-05-14 16:30:00	Stantec announces results of its 2026 Annual Meeting of Shareholders	Globe Newswire	113.69	TSX	2026-05-14 16:30:00.706719	0.0946	0.075	0.8305	0.0196	neutral	NO:sentiment_score,Float
HTCO	"[""HTCO""]"	nPn7QFJ5Ya	2026-05-14 16:30:01	High‑Trend International Group Announces Cancellation and Retirement of 630,000 Class A Ordinary Shares	PR Newswire	2.4	NASDAQ	2026-05-14 16:30:01.148047	0.0186	0.8414	0.14	-0.8228	negative	NO:sentiment_score
MTA	"[""MTA""]"	nPn9RFk01a	2026-05-14 16:30:02	METALLA REPORTS FINANCIAL RESULTS FOR THE FIRST QUARTER OF 2026 AND PROVIDES ASSET UPDATES	PR Newswire	69.75	NYSE AMERICAN	2026-05-14 16:30:02.284811	0.0524	0.0426	0.905	0.0098	neutral	NO:sentiment_score,Float
POM	"[""POM""]"	nPn5LJ1Pda	2026-05-14 16:30:02	POMDOCTOR LIMITED Announces Fiscal Year 2025 Financial Results	PR Newswire	2.482	NASDAQ	2026-05-14 16:30:02.704638	0.1253	0.1058	0.7689	0.0195	neutral	NO:sentiment_score
GEMI	"[""GEMI""]"	nGNXPD8sK	2026-05-14 16:32:18	Gemini Reports First Quarter 2026 Results and Announces $100 Million Strategic Investment	Globe Newswire	38.2	NASDAQ	2026-05-14 16:32:18.491647	0.159	0.0193	0.8217	0.1397	positive	NO:sentiment_score
SCWO	"[""SCWO""]"	nACS55QTQa	2026-05-14 16:35:00	374Water Reports First Quarter 2026 Financial Results; Gross Margins Expands Year-Over-Year as Company Advances Contracted Deployments, Waste Destruction Services Platform, and Strategic Partnerships	ACCESSWIRE	9.21	NASDAQ	2026-05-14 16:35:00.779499	0.9455	0.019	0.0354	0.9265	positive	YES
ESP	"[""ESP""]"	nNFC4X0HGl	2026-05-14 16:45:20	Brompton Energy Split Corp. Announces Successful Overnight Offering	Newsfile Corp	2.26	TSX	2026-05-14 16:45:20.241543	0.2453	0.0359	0.7189	0.2094	positive	NO:sentiment_score
SACH	"[""SACH""]"	nGNX9drkXc	2026-05-14 17:00:00	Sachem Capital Announces Update to First Quarter 2026  Earnings Release and Conference Call	Globe Newswire	45.29	NYSE AMERICAN	2026-05-14 17:00:00.249587	0.0877	0.0812	0.8311	0.0065	neutral	NO:sentiment_score
PD	"[""PD""]"	nGNXbLSkM7	2026-05-14 17:00:00	Precision Drilling Corporation Announces Voting Results from the 2026 Annual Meeting of Shareholders	Globe Newswire	78.73	TSX	2026-05-14 17:00:00.288231	0.0673	0.0394	0.8933	0.0279	neutral	NO:sentiment_score,Float
WPRT	"[""WPRT""]"	nGNX8NVTn9	2026-05-14 17:00:00	Westport Reports First Quarter 2026 Financial Results	Globe Newswire	15.15	TSX	2026-05-14 17:00:00.796529	0.146	0.1308	0.7233	0.0152	neutral	NO:sentiment_score
CVR	"[""CVR""]"	nPn2tmKNQa	2026-05-14 17:04:21	CHICAGO RIVET & MACHINE CO. ANNOUNCES TEMPORARY SUSPENSION OF QUARTERLY DIVIDEND	PR Newswire	0.67	NYSE AMERICAN	2026-05-14 17:04:21.180013	0.0175	0.8637	0.1188	-0.8463	negative	NO:sentiment_score
S	"[""S""]"	nBw2TD3q8a	2026-05-14 17:05:00	Sherritt Provides Update on Court Application	Business Wire	316.28	TSX	2026-05-14 17:05:00.195787	0.0985	0.0934	0.8081	0.0051	neutral	NO:sentiment_score,Float
MFC	"[""MFC""]"	nPn1qrK1za	2026-05-14 17:06:41	Manulife Announces Election of Directors	PR Newswire	1670.0	TSX	2026-05-14 17:06:41.527402	0.1134	0.0712	0.8154	0.0422	neutral	NO:sentiment_score,Float
NBGEX	"[""NBGEX"", ""NML""]"	nPnqfbYPa	2026-05-14 17:10:00	NEUBERGER ENERGY INFRASTRUCTURE AND INCOME FUND ANNOUNCES AMENDMENT TO LEVERAGE FACILITY	PR Newswire		NASDAQ	2026-05-14 17:10:00.141264	0.214	0.0279	0.7581	0.1861	positive	NO:sentiment_score,Float
NML	"[""NBGEX"", ""NML""]"	nPnqfbYPa	2026-05-14 17:10:00	NEUBERGER ENERGY INFRASTRUCTURE AND INCOME FUND ANNOUNCES AMENDMENT TO LEVERAGE FACILITY	PR Newswire	56.24	NASDAQ	2026-05-14 17:10:00.141646	0.214	0.0279	0.7581	0.1861	positive	NO:sentiment_score,Float
UHG	"[""UHG""]"	nGNX5GpJ8y	2026-05-14 17:13:24	United Homes Group, Inc. Class Action Reminder – Robbins LLP Encourages UHG Investors to Contact the Firm for Information About Their Rights	Globe Newswire	11.21	NASDAQ	2026-05-14 17:13:24.196221	0.3321	0.0298	0.6381	0.3023	positive	NO:sentiment_score
ETG	"[""ETG""]"	nGNXltF7b	2026-05-14 17:15:00	Entrée Resources Announces First Quarter 2026 Results and Provides Corporate Update	Globe Newswire	76.31	TSX	2026-05-14 17:15:00.284821	0.0824	0.0342	0.8833	0.0482	neutral	NO:sentiment_score,Float
USA	"[""USAS"", ""USA""]"	nNFCbP2YBD	2026-05-14 17:15:05	Americas Gold and Silver Reports Record Production and Sales in Q1 2026 as Execution on the Growth Plan Continues at Galena	Newsfile Corp	301.27	NYSE AMERICAN	2026-05-14 17:15:05.596858	0.889	0.0216	0.0894	0.8673	positive	NO:Float
USAS	"[""USAS"", ""USA""]"	nNFCbP2YBD	2026-05-14 17:15:05	Americas Gold and Silver Reports Record Production and Sales in Q1 2026 as Execution on the Growth Plan Continues at Galena	Newsfile Corp	258.81	NYSE AMERICAN	2026-05-14 17:15:05.598491	0.889	0.0216	0.0894	0.8673	positive	NO:Float
LIXT	"[""LIXT""]"	nGNX9xyB7j	2026-05-14 17:18:00	LIXTE Biotechnology Files First Quarter 2026 Quarterly Report on Form 10-Q; Provides Operational Progress Update	Globe Newswire	10.62	NASDAQ	2026-05-14 17:18:00.209118	0.77	0.0147	0.2154	0.7553	positive	YES
GCTK	"[""GCTK""]"	nGNX39QtgS	2026-05-14 17:27:07	Glucotrack Reports First Quarter 2026 Financial Results and Recent Corporate Highlights	Globe Newswire	1.82	NASDAQ	2026-05-14 17:27:07.345579	0.0986	0.0505	0.851	0.0481	neutral	NO:sentiment_score
KITT	"[""KITT""]"	nPn3c5nhRa	2026-05-14 17:30:42	Nauticus Robotics, Inc. Reports First Quarter 2026 Results; Expands International Presence and Advances Commercial Deployment of Autonomous Subsea Technologies	PR Newswire	4.21	NASDAQ	2026-05-14 17:30:42.539446	0.8552	0.0097	0.1351	0.8455	positive	YES
XELB	"[""XELB""]"	nGNX4Gv3r0	2026-05-14 17:37:22	CORRECTION -- Xcel Brands, Inc. Announces First Quarter 2026 Financial Results	Globe Newswire	3.97	NASDAQ	2026-05-14 17:37:22.484089	0.0853	0.0829	0.8318	0.0024	neutral	NO:sentiment_score
SLSN	"[""SLSN""]"	nGNX6HFmjn	2026-05-14 18:00:29	Solésence Supports Landmark Report on UV Safety in the United Kingdom as Member of UV Safety Coalition	Globe Newswire	18.25	NASDAQ	2026-05-14 18:00:29.188894	0.3188	0.013	0.6682	0.3058	positive	NO:sentiment_score
STSS	"[""STSS""]"	nPn6qxllya	2026-05-14 18:08:20	Sharps Technology Adopts Limited Duration Stockholder Rights Plan	PR Newswire	29.33	NASDAQ	2026-05-14 18:08:20.448377	0.0579	0.0172	0.9249	0.0407	neutral	NO:sentiment_score
VLN	"[""VLN""]"	nGNX6YGT9w	2026-05-14 18:30:00	Velan Inc. Reports Fiscal 2026 Fourth-Quarter and Year-End Results 	Globe Newswire	75.87	TSX	2026-05-14 18:30:00.330974	0.103	0.0667	0.8303	0.0363	neutral	NO:sentiment_score,Float
PHR	"[""PHR""]"	nPnc6qb7na	2026-05-14 18:35:00	PHR Stockholder Alert: Shareholder Rights Law Firm Robbins LLP Reminds Investors of the Securities Class Action Lawsuit Against Phreesia, Inc.	PR Newswire	46.13	NYSE	2026-05-14 18:35:00.154338	0.3145	0.0757	0.6097	0.2388	positive	NO:sentiment_score
MPC	"[""MPC""]"	nGNX3dQPNk	2026-05-14 19:30:00	Madison Pacific Properties Inc. announces the results for the three months ended March 31, 2026	Globe Newswire	293.66	TSX	2026-05-14 19:30:00.181451	0.0497	0.0519	0.8983	-0.0022	neutral	NO:sentiment_score,Float
SFD	"[""SFD""]"	nACSp3Fja	2026-05-14 19:35:43	NXT Energy Solutions Announces First Quarter 2026 Results	ACCESSWIRE	44.84	TSX	2026-05-14 19:35:43.142556	0.0505	0.0487	0.9008	0.0018	neutral	NO:sentiment_score
ALK	"[""ALK""]"	nGNX31bsDX	2026-05-14 20:15:14	Alkane Delivers Record Q3 Profit of $93 million	Globe Newswire	112.42	ASX	2026-05-14 20:15:14.387088	0.7303	0.0415	0.2281	0.6888	positive	NO:sentiment_score,Float
SVM	"[""SVM""]"	nPn39VKmXa	2026-05-14 20:28:44	EARLY WARNING REPORT ISSUED PURSUANT TO NATIONAL INSTRUMENT 62-103	PR Newswire	211.26	NYSE AMERICAN	2026-05-14 20:28:44.598647	0.0933	0.0632	0.8435	0.0301	neutral	NO:sentiment_score,Float
