Symbol	Tickers	ID	ArrivalTime	Headline	Author	Float	positive	negative	neutral	sentiment_score	label	Trades/sec	Trigger	Exchange
MOLN	"[""MOLN""]"	nGNX5wxm0N	2026-05-04 01:00:00	Molecular Partners to hold oral presentations on DLL3-targeting Radio-DARPin candidate MP0712 at multiple upcoming scientific conferences	Globe Newswire	37.31	0.2464	0.0122	0.7415	0.2342	positive	0.0058428279287175	YES	
BTGO	"[""BTGO""]"	nBw6Kfzbka	2026-05-04 03:00:00	BitGo Expands European ETP Infrastructure with Appointment as Custody Partner for Virtune	Business Wire	65.1	0.5196	0.0092	0.4712	0.5104	positive	0.0020889910173386	NO:Float	NYSE
ELSE	"[""ELSE""]"	nBw1FY9GNa	2026-05-04 04:00:00	Battery Ventures-Backed steute Technologies Announces Three New Acquisitions to Expand its Global Platform Across Medical and Industrial Applications	Business Wire	1.63	0.7774	0.0089	0.2137	0.7685	positive	0.0032611918173732	YES	NASDAQ
GENK	"[""GENK""]"	nGNXbhQlMb	2026-05-04 04:00:00	GEN Korean BBQ Further Expands CPG Line with Specialty Beverage Retailer: BevMo	Globe Newswire	4.69	0.9141	0.012	0.0739	0.9021	positive		NO:Trades/sec	NASDAQ
CWH	"[""CWH""]"	nPn8JJKY2a	2026-05-04 04:13:00	Camping World Holdings, Inc. Sued for Securities Law Violations - Contact the DJS Law Group to Discuss Your Rights - CWH	PR Newswire	58.96	0.1161	0.0967	0.7873	0.0194	neutral	0.0118110236220472	NO:sentiment_score,Float	NYSE
GEMI	"[""GEMI""]"	nPn1gjQNKa	2026-05-04 04:16:00	GEMI Investors Have Opportunity to Lead Gemini Space Station, Inc. Securities Fraud Lawsuit with the Schall Law Firm	PR Newswire	38.2	0.2133	0.0388	0.748	0.1745	positive	0.0496277915632754	NO:sentiment_score	NASDAQ
GOCO	"[""GOCO""]"	nNFC5K93qh	2026-05-04 05:00:20	"Go Metals Produces Premium ""Green Iron"" Concentrate with Vanadium Credit and High-Grade TiO2 Ilmenite from Bench-scale Testing and Announces Private Placement"	Newsfile Corp	11.8	0.5547	0.0123	0.433	0.5425	positive		NO:Trades/sec	
AUUD	"[""AUUD""]"	nGNX4nwJWx	2026-05-04 06:00:00	Auddia Introduces Voyex as Stranded Spirit Airlines Passengers Highlight Urgent Need for Agentic AI Rebooking Infrastructure	Globe Newswire	0.5	0.1621	0.1851	0.6528	-0.0229	neutral	0.0471869328493647	NO:sentiment_score	NASDAQ
SNT	"[""SNT""]"	nPn9j7gHfa	2026-05-04 06:00:00	Senstar Technologies Announces Filing and Availability of 2025 Annual Report on Form 20-F	PR Newswire	13.47	0.0747	0.0383	0.8869	0.0364	neutral		NO:sentiment_score,Trades/sec	NASDAQ
AURA	"[""AURA""]"	nGNXbFRcs7	2026-05-04 06:01:00	Aura Biosciences Announces CEO Transition as Company Advances Phase 3 CoMpass Trial Toward Enrollment Completion 	Globe Newswire	44.71	0.3137	0.1382	0.5481	0.1754	positive		NO:sentiment_score,Trades/sec	NASDAQ
AHRT	"[""AHRT""]"	nGNXb82Rzg	2026-05-04 06:04:00	AH Realty Trust Signs 22,000-Square-Foot Office Lease at Southern Post	Globe Newswire	79.06	0.2003	0.0171	0.7826	0.1832	positive	0.0008930166101089	NO:sentiment_score,Float	NYSE
SAFX	"[""SAFX""]"	nACSbz0yNa	2026-05-04 06:30:00	XCF Global Provides First Quarter 2026 Corporate and Operational Update Establishes 2027 Targets of $110-$120M Net Revenue and 40-43M Gallons of Renewable Fuel Production at New Rise Reno	ACCESSWIRE	32.88	0.3283	0.0128	0.6589	0.3155	positive	0.0219058050383351	YES	NASDAQ
CLNE	"[""CLNE""]"	nBw9qwHRsa	2026-05-04 06:30:00	Clean Energy Broadens RNG Footprint With New Stations Positioned on Key Freight Corridors	Business Wire	140.04	0.8523	0.0094	0.1383	0.8428	positive	0.0011985617259288	YES	NASDAQ
CABA	"[""CABA""]"	nGNXrbl6B	2026-05-04 06:35:54	Cabaletta Bio Announces Pricing of $150 Million Underwritten Offering	Globe Newswire	97.48	0.14	0.0377	0.8223	0.1023	positive	0.0362047440699126	NO:sentiment_score	NASDAQ
CWH	"[""CWH""]"	nGNXbZXGsZ	2026-05-04 06:41:00	$CWH Stock Drop Alert: Camping World Stock Plummeted 24% on News of Inventory Management Issues – Investors Notified to Contact BFA Law about the Class Action	Globe Newswire	58.96	0.0661	0.8761	0.0578	-0.81	negative	0.0015680125441003	NO:sentiment_score	NYSE
SEER	"[""SEER""]"	nGNX381GLy	2026-05-04 07:00:00	Seer Announces Appointment of Anthony Bazarko as Chief Commercial Officer	Globe Newswire	29.44	0.0491	0.0427	0.9082	0.0064	neutral	0.0004369674459252	NO:sentiment_score	NASDAQ
POET	"[""POET""]"	nACSmYhpZa	2026-05-04 07:00:00	Pomerantz LLP Advises of Securities Class Action Involving POET Technologies Inc.  – POET	ACCESSWIRE	90.52	0.1468	0.1479	0.7052	-0.0011	neutral	0.1532846715328467	NO:sentiment_score	NASDAQ
CBUS	"[""CBUS""]"	nGNXvjxr9	2026-05-04 07:00:00	Cibus Announces Transfer of Gene-Edited Herbicide Tolerance Traits in Interoc Rice Seeds for Testing and Production	Globe Newswire	47.19	0.4981	0.0138	0.4881	0.4843	positive		NO:Trades/sec	NASDAQ
SLMT	"[""SLMT""]"	nBw7Y8ss8a	2026-05-04 07:00:00	Letter to Shareholders of Brera Holdings PLC (d/b/a Solmate Infrastructure)	Business Wire	44.62	0.1537	0.0275	0.8188	0.1263	positive	0.0026852846401718	NO:sentiment_score	NASDAQ
MCRB	"[""MCRB""]"	nGNX3g78mQ	2026-05-04 07:00:00	Seres Therapeutics Presents Preclinical Data at Digestive Disease Week (DDW) 2026 Supporting SER-603, a Next-Generation Cultivated Live Biotherapeutic Candidate, for Inflammatory Bowel Disease	Globe Newswire	7.24	0.7591	0.0176	0.2232	0.7415	positive		NO:Trades/sec	NASDAQ
BCRX	"[""BCRX""]"	nGNX2QMGdN	2026-05-04 07:00:01	BioCryst Announces European Licensing Agreement with Irish Affiliate of Neopharmed Gentili for Navenibart in Hereditary Angioedema	Globe Newswire	226.41	0.8263	0.0183	0.1553	0.808	positive		NO:Trades/sec	NASDAQ
ARMP	"[""ARMP""]"	nPn5ZPCxVa	2026-05-04 07:00:00	"Armata Pharmaceuticals Announces Structural Biology Publication in ""Communications Biology"""	PR Newswire	11.27	0.1608	0.0217	0.8174	0.1391	positive		NO:sentiment_score,Trades/sec	NYSE American
TLRY	"[""TLRY""]"	nGNX5xZKcw	2026-05-04 07:00:00	10 Barrel Brewing Launches Clean Slate and Salty Sips, Expanding RTD Line with Functional N/A and Low-Sugar Cocktails	Globe Newswire	118.71	0.4079	0.0112	0.5809	0.3966	positive		NO:Trades/sec	TSX
ALDX	"[""ALDX""]"	nACSCGz8fa	2026-05-04 07:00:01	Pomerantz LLP Informs Shareholders of Securities Class Action Filing Against Aldeyra Therapeutics, Inc.  – ALDX	ACCESSWIRE	55.6	0.1571	0.1923	0.6506	-0.0352	neutral		NO:sentiment_score,Trades/sec	NASDAQ
CGEN	"[""CGEN""]"	nPn8mXkzka	2026-05-04 07:00:01	Compugen to Release First Quarter 2026 Results on Monday, May 18, 2026	PR Newswire	92.49	0.0464	0.0382	0.9154	0.0082	neutral		NO:sentiment_score,Trades/sec	NASDAQ
AZ	"[""AZ""]"	nPn4xZ0mSa	2026-05-04 07:00:02	A2Z Cust2Mate Solutions to Host First Quarter 2026 Financial Results Conference Call on Friday, May 15, 2026	PR Newswire	32.61	0.1245	0.0197	0.8558	0.1047	positive		NO:sentiment_score,Trades/sec	NASDAQ
ATRA	"[""ATRA""]"	nACSlHp5ga	2026-05-04 07:00:01	 ATRA INVESTOR ALERT:  Bronstein, Gewirtz and Grossman, LLC Announces that Atara Biotherapeutics, Inc. Shareholders Have Opportunity to Lead Class Action Lawsuit!	ACCESSWIRE	4.86	0.1917	0.1769	0.6315	0.0148	neutral		NO:sentiment_score,Trades/sec	NASDAQ
CNSP	"[""CNSP""]"	nACSVwCDSa	2026-05-04 07:00:03	CNS Pharmaceuticals Announces Oversubscribed $22.5 Million Private Placement Financing	ACCESSWIRE	0.7158	0.0376	0.8279	0.1344	-0.7903	negative		NO:sentiment_score,Trades/sec	NASDAQ
AQST	"[""AQST""]"	nACS1py6ga	2026-05-04 07:00:02	Pomerantz LLP Notifies Shareholders of Class Action Lawsuit Against Aquestive Therapeutics, Inc. – AQST	ACCESSWIRE	114.86	0.1378	0.2229	0.6393	-0.0851	negative		NO:sentiment_score,Trades/sec	NASDAQ
GOSS	"[""GOSS""]"	nACSMS9g2a	2026-05-04 07:00:02	Pomerantz LLP Issues Alert Regarding Shareholder Class Action Involving Gossamer Bio, Inc.  – GOSS	ACCESSWIRE	204.1	0.11	0.2477	0.6423	-0.1378	negative		NO:sentiment_score,Trades/sec	NASDAQ
FCHL	"[""FCHL""]"	nACS86LL8a	2026-05-04 07:00:03	FCHL SHAREHOLDER ALERT: Bronstein, Gewirtz and Grossman, LLC Announces that Fitness Champs Holdings Ltd. Shareholders with Substantial Losses Have Opportunity to Lead Class Action Lawsuit!	ACCESSWIRE	0.35	0.1359	0.3299	0.5342	-0.194	negative		NO:sentiment_score,Trades/sec	NASDAQ
CHOW	"[""CHOW""]"	nACS6tP8Ja	2026-05-04 07:00:03	CHOW INVESTOR ALERT: Bronstein, Gewirtz and Grossman, LLC Announces that ChowChow Cloud International Holdings Ltd. Shareholders Have Opportunity to Lead Class Action Lawsuit!	ACCESSWIRE	10.64	0.1335	0.1696	0.6969	-0.0361	neutral		NO:sentiment_score,Trades/sec	NYSE American
GEMI	"[""GEMI""]"	nACSL5qFga	2026-05-04 07:00:05	Class Action Litigation by Pomerantz LLP Filed Against Gemini Space Station, Inc.  – GEMI	ACCESSWIRE	38.2	0.1237	0.1149	0.7614	0.0087	neutral		NO:sentiment_score,Trades/sec	NASDAQ
NUAI	"[""NUAI""]"	nACStRFnMa	2026-05-04 07:00:05	NUAI SHAREHOLDER ALERT: Bronstein, Gewirtz and Grossman, LLC Announces that New Era Energy & Digital, Inc. (f/k/a New Era Helium Inc.) Shareholders with Losses Have Opportunity to Lead Class Action Lawsuit!	ACCESSWIRE	73.85	0.1759	0.1885	0.6356	-0.0126	neutral		NO:sentiment_score,Trades/sec	NASDAQ
SES	"[""SES""]"	nACSvvJbla	2026-05-04 07:00:04	SES SHAREHOLDER ALERT:  Bronstein, Gewirtz and Grossman, LLC Announces that SES AI Corporation Stockholders with Substantial Losses Have Opportunity to Lead Class Action Lawsuit!	ACCESSWIRE	236.25	0.167	0.3291	0.5039	-0.1621	negative		NO:sentiment_score,Trades/sec	NYSE
GO	"[""GO""]"	nACSCQYPza	2026-05-04 07:00:06	GO STOCKHOLDER ALERT: Bronstein, Gewirtz and Grossman, LLC Announces that Grocery Outlet Holding Corp. Investors with Losses Have Opportunity to Lead Class Action Lawsuit!	ACCESSWIRE	90.72	0.1298	0.3183	0.5519	-0.1885	negative		NO:sentiment_score,Trades/sec	NASDAQ
YOOV	"[""YOOV""]"	nACSJT2P5a	2026-05-04 07:00:07	CIGL INVESTOR ALERT:  Bronstein, Gewirtz and Grossman, LLC Announces that Concorde International Group, Ltd. Shareholders Have Opportunity to Lead Class Action Lawsuit!	ACCESSWIRE	5.91	0.1527	0.2527	0.5946	-0.1	negative		NO:sentiment_score,Trades/sec	NASDAQ
ZENA	"[""ZENA""]"	nNFC6B7cB7	2026-05-04 07:00:23	ZenaTech Files Early Warning Report Pursuant to National Instrument 61-103	Newsfile Corp	18.44	0.0793	0.0526	0.8681	0.0268	neutral		NO:sentiment_score,Trades/sec	NASDAQ
UHG	"[""UHG""]"	nACSjgnwga	2026-05-04 07:00:06	Pomerantz LLP Issues Reminder to United Homes Group, Inc.  Investors – UHG	ACCESSWIRE	11.21	0.1169	0.0421	0.841	0.0748	positive		NO:sentiment_score,Trades/sec	NASDAQ
ICG	"[""ICG""]"	nNFC1k59GR	2026-05-04 07:00:28	ICG Silver & Gold Announces Completion of Initial District-Scale Geological Modeling, Increasing Historical Drilling Database to over 40,000 Meters at the Tuscarora District	Newsfile Corp	29.4089	0.7557	0.01	0.2342	0.7457	positive		NO:Trades/sec	
UGRO	"[""UGRO""]"	nGNX9mMwc9	2026-05-04 07:05:00	Galle Gallants Announce New Ownership Under Gallant Sports and Media LLC Within urban-gro / Flash Sports & Media / IPG–Operated LPL Season 6 Ecosystem; Pubudu Dassanayake Appointed Head Coach	Globe Newswire	1.01	0.1565	0.0183	0.8252	0.1383	positive	0.0125470514429109	NO:sentiment_score	NASDAQ
IRWD	"[""IRWD""]"	nBw4tvNmGa	2026-05-04 07:05:00	Ironwood Survey Findings at DDW 2026 Underscore Need for Therapies that Address Multiple Dimensions of Total Parenteral Nutrition (TPN) Burden in Short Bowel Syndrome (SBS)	Business Wire	156.39	0.6631	0.0463	0.2906	0.6168	positive	0.003537944454272	YES	NASDAQ
NXTC	"[""NXTC""]"	nGNX6dVjbk	2026-05-04 07:05:00	NextCure and Simcere Zaiming Initiate Dose Optimization for SIM0505 (CDH6 ADC) in Gynecologic Cancers	Globe Newswire	2.38	0.4226	0.0234	0.5541	0.3992	positive	0.0003711952487008	YES	NASDAQ
RNAC	"[""RNAC""]"	nGNX8Gybwn	2026-05-04 07:05:00	Cartesian Therapeutics Announces New Employment Inducement Grants	Globe Newswire	9.59	0.2442	0.1366	0.6192	0.1076	positive		NO:sentiment_score,Trades/sec	NASDAQ
MCRP	"[""MCRP""]"	nGNX6zPn2n	2026-05-04 07:29:19	Micropolis Robotics Unveils New, Next-Generation, High-Endurance Robot at the Make it in the Emirates 2026 Industry Exhibition	Globe Newswire	10.32	0.2435	0.009	0.7474	0.2345	positive	0.0016770082173402	YES	NYSE American
KURA	"[""KURA""]"	nGNX32msjF	2026-05-04 07:30:00	Kura Oncology Reports Inducement Grants Under Nasdaq Listing Rule 5635(c)(4)	Globe Newswire	86.06	0.1255	0.035	0.8395	0.0906	positive	0.0017026106696935	NO:sentiment_score	NASDAQ
REKR	"[""REKR""]"	nGNE45LCZG	2026-05-04 07:30:00	Rekor Systems Secures $16.8 Million Contract with Oklahoma District Attorneys Council as Technology Partner for Statewide Uninsured Vehicle Enforcement Program	Globe Newswire	131.89	0.8394	0.0169	0.1437	0.8226	positive	0.0150943396226415	YES	NASDAQ
MGNX	"[""MGNX""]"	nGNE4xGFwb	2026-05-04 07:30:00	MacroGenics and Sagard Healthcare Partners Enter into Expanded ZYNYZ® Royalty Purchase Agreement 	Globe Newswire	61.39	0.4006	0.0128	0.5866	0.3878	positive	0.000915834783405	YES	NASDAQ
GBTG	"[""GBTG""]"	nBwTl8nLa	2026-05-04 07:30:00	Long Lake Agrees to Acquire American Express Global Business Travel, the World’s Largest Corporate Travel Platform, for $6.3 Billion, With Support From General Catalyst and Alpha Wave	Business Wire	240.56	0.6906	0.0105	0.299	0.6801	positive	1.818181818181818	YES	NYSE
RLJ	"[""RLJ""]"	nBw6Cc41Va	2026-05-04 07:30:00	RLJ Lodging Trust Reports First Quarter 2026 Results	Business Wire	122.17	0.0781	0.0733	0.8486	0.0048	neutral		NO:sentiment_score,Trades/sec	NYSE
FGNX	"[""FGNX""]"	nGNX7rqwz7	2026-05-04 07:30:00	FG Nexus Announces Formation of Special Committee to Evaluate Strategic Alternatives including a Potential Business Combination to Build a Leading Platform in Affordable Housing	Globe Newswire	5.3	0.6284	0.0145	0.3571	0.6138	positive	0.0009920634920634	YES	NASDAQ
ADCT	"[""ADCT""]"	nPn2HRHZba	2026-05-04 07:30:03	ADC Therapeutics Reports First Quarter 2026 Financial Results and Provides Operational Updates	PR Newswire	93.68	0.1103	0.0392	0.8506	0.0711	positive		NO:sentiment_score,Trades/sec	NYSE
KWM	"[""KWM""]"	nGNX6bY1K4	2026-05-04 07:30:00	K Wave Media Secures $485M to Launch AI Infrastructure Platform and Eliminates $48M in Debt	Globe Newswire	43.72	0.7931	0.0317	0.1752	0.7613	positive		NO:Trades/sec	NASDAQ
KIDZ	"[""KIDZ""]"	nACSXft9ya	2026-05-04 07:35:00	Classover Announces Strategic Collaboration With Vensin Computer Technology To Advance AI Robotics Education and Infrastructure	ACCESSWIRE	0.99	0.6871	0.0091	0.3038	0.678	positive	0.0701754385964912	YES	NASDAQ
PML	"[""PML""]"	nGNX4kZMvp	2026-05-04 07:45:00	Panoro Announces Brokered LIFE Offering for Gross Proceeds of up to $20 Million	Globe Newswire	125.43	0.1541	0.0147	0.8312	0.1395	positive		NO:sentiment_score,Trades/sec	
STKL	"[""STKL""]"	nGNE1CM6yb	2026-05-04 08:00:00	News Release in accordance with Canadian National Instrument 62-103	Globe Newswire	95.73	0.0726	0.0286	0.8988	0.044	neutral		NO:sentiment_score,Trades/sec	NASDAQ
PRQR	"[""PRQR""]"	nGNE8gnzYB	2026-05-04 08:00:00	ProQR Announces Annual General Meeting of Shareholders to be Held June 2, 2026	Globe Newswire	71.43	0.0441	0.0266	0.9293	0.0176	neutral	0.0056290458767238	NO:sentiment_score	NASDAQ
EVAX	"[""EVAX""]"	nGNE48vHPm	2026-05-04 08:00:00	Evaxion to announce business update and first quarter 2026 financial results on May 7, 2026	Globe Newswire	6.74	0.0752	0.0429	0.8818	0.0323	neutral	0.0002881014116969	NO:sentiment_score	NASDAQ
LENZ	"[""LENZ""]"	nGNXbxCVNl	2026-05-04 08:00:00	LENZ Therapeutics to Report First Quarter 2026 Financial Results and Recent Corporate Highlights on May 11, 2026 and Attend Upcoming Investor Conference	Globe Newswire	27.72	0.0628	0.031	0.9062	0.0318	neutral	0.0008090614886731	NO:sentiment_score	NASDAQ
VYX	"[""VYX""]"	nBwZPRZLa	2026-05-04 08:00:00	Stater Bros. Markets Signs New Agreement With NCR Voyix to Modernize POS and Payments on the Voyix Commerce Platform	Business Wire	137.68	0.8314	0.0089	0.1596	0.8225	positive	0.0011528706479133	YES	NYSE
MIMI	"[""MIMI""]"	nGNE9j5ztg	2026-05-04 08:00:00	Mint Incorporation Limited Announces 1-for-10 Reverse Stock Split	Globe Newswire	12.7	0.0964	0.0252	0.8784	0.0712	positive		NO:sentiment_score,Trades/sec	NASDAQ
JRSH	"[""JRSH""]"	nACSQcYNya	2026-05-04 08:00:00	Jerash Holdings (US), Inc. Declares Quarterly Dividend	ACCESSWIRE	6.33	0.0951	0.0867	0.8181	0.0084	neutral		NO:sentiment_score,Trades/sec	NASDAQ
CLNN	"[""CLNN""]"	nGNX4fy73s	2026-05-04 08:00:01	After Successful FDA Meeting, Clene Filing Accelerated Approval NDA for ALS	Globe Newswire	8.53	0.6211	0.0226	0.3563	0.5985	positive	0.0066282420749279	YES	NASDAQ
LCTX	"[""LCTX""]"	nBwcw7dha	2026-05-04 08:00:01	OpRegen® 3 Year Results in Patients With GA Presented at Foundation Fighting Blindness Retinal Innovation Summit 2026	Business Wire	236.33	0.422	0.0372	0.5408	0.3848	positive		NO:Trades/sec	NYSE American
BLNK	"[""BLNK""]"	nGNX4WkYWj	2026-05-04 08:00:00	Blink Charging to Host First Quarter Conference Call on Monday, May 11, 2026	Globe Newswire	139.6	0.0684	0.0227	0.9089	0.0457	neutral		NO:sentiment_score,Trades/sec	NASDAQ
BLND	"[""BLND""]"	nBw41gbSKa	2026-05-04 08:00:02	Blend Launches Autopilot MCP Server, Opening Its Lending Platform to FI-Built AI Agents	Business Wire	177.38	0.2357	0.015	0.7493	0.2207	positive		NO:Trades/sec	NYSE
LOBO	"[""LOBO""]"	nGNX7yV1fw	2026-05-04 08:00:01	LOBO Claw AI Agent Completes New Round of Upgrades with DeepSeek V4 Model Integration	Globe Newswire	11.23	0.7491	0.0087	0.2422	0.7403	positive		NO:Trades/sec	NASDAQ
NNOX	"[""NNOX""]"	nGNXblK3v6	2026-05-04 08:00:01	Nanox Announces Distribution Agreement with NuvioDx to Support Deployment of Nanox.ARC Systems	Globe Newswire	69.02	0.3363	0.0091	0.6547	0.3272	positive		NO:Trades/sec	NASDAQ
OTH	"[""OTH""]"	nGNX2HG1fn	2026-05-04 08:00:02	Off The Hook Yachts to Announce 2026 First Quarter Financial and Operating Results on Thursday, May 14, 2026	Globe Newswire	3.45	0.1696	0.0492	0.7812	0.1203	positive		NO:sentiment_score,Trades/sec	NYSE American
GENI	"[""GENI""]"	nBw6bbtgsa	2026-05-04 08:00:02	Genius Sports and Liga MX Strike Landmark Technology and AI Partnership to Drive Future of Mexican Soccer	Business Wire	221.15	0.6953	0.0117	0.293	0.6836	positive		NO:Trades/sec	NYSE
NKLR	"[""NKLR""]"	nGNX9C6Cr0	2026-05-04 08:00:02	Terra Innovatum Expands U.S. Presence with Pittsburgh, Pa. Headquarters and Leadership Appointments to Advance SOLO™ Licensing Readiness and FOAK Deployment	Globe Newswire	21.74	0.4524	0.0111	0.5365	0.4413	positive		NO:Trades/sec	NASDAQ
RYET	"[""RYET""]"	nGNX4H9cq0	2026-05-04 08:00:02	Ruanyun Edai Technology’s Saudi RHQ Signs MOU with Wadi Makkah, A Subsidiary of Umm Al-Qura University	Globe Newswire	12.73	0.576	0.0155	0.4085	0.5604	positive		NO:Trades/sec	NASDAQ
KLTR	"[""KLTR""]"	nGNX67cTBS	2026-05-04 08:00:02	Kaltura Open-Sources Suite of AI Agent Skills, Enabling Any AI Agent to Build Intelligent Rich-Media Digital Experiences  	Globe Newswire	72.58	0.1791	0.0106	0.8103	0.1685	positive		NO:sentiment_score,Trades/sec	NASDAQ
AGAE	"[""AGAE""]"	nGNXPRDxk	2026-05-04 08:00:02	Allied Gaming & Entertainment Announces Proposed Rebranding to “AI & FutureTech Alliance Limited (AIFA)” and Plans for Hainan Silicon Photonics AI Supercomputing Center, Supported by Convertible Notes Financing plan to Build a Global Optical Compute Network Platform	Globe Newswire	13.33	0.5948	0.0128	0.3924	0.582	positive		NO:Trades/sec	NASDAQ
AKBA	"[""AKBA""]"	nGNX1KPYlV	2026-05-04 08:00:02	Akebia Therapeutics Announces Vadadustat Post-hoc Win Statistics Analysis Demonstrating Statistically Significant Reduction in Mortality and Hospitalization Composite Endpoint Published in the Journal of American Society of Nephrology	Globe Newswire	258.52	0.5589	0.3383	0.1028	0.2206	positive		NO:Trades/sec	NASDAQ
KYTX	"[""KYTX""]"	nGNX87RtRp	2026-05-04 08:00:02	Kyverna Therapeutics Appoints Nadia Dac, Seasoned Commercial Leader in Neurology and Rare Disease, as Chief Commercial Officer	Globe Newswire	36.45	0.1569	0.02	0.8231	0.1369	positive		NO:sentiment_score,Trades/sec	NASDAQ
FDMT	"[""FDMT""]"	nGNXb28Yp3	2026-05-04 08:00:02	4DMT to Participate in Upcoming Investor Conferences	Globe Newswire	45.5	0.2175	0.0147	0.7678	0.2028	positive	0.0006643046944198	YES	NASDAQ
TRAD	"[""TRAD""]"	nWkr38ZRHV	2026-05-04 08:00:04	Tradedoubler buy-backs of own shares	Cision	11.56	0.1526	0.0542	0.7932	0.0984	positive		NO:sentiment_score,Trades/sec	Nasdaq Stockholm
ACXP	"[""ACXP""]"	nPn7M37nGa	2026-05-04 08:00:05	Acurx Announces Scientific Poster Presentation of its DNA pol IIIC Inhibitors' Microbiome Evaluation at ESCMID Global 2026	PR Newswire	3.37	0.2025	0.0361	0.7614	0.1663	positive		NO:sentiment_score,Trades/sec	NASDAQ
DOMH	"[""DOMH""]"	nPn2dmnH6a	2026-05-04 08:00:08	Dominari Holdings Announces Record Date for Cash Dividend	PR Newswire	4.02	0.2322	0.0979	0.6699	0.1344	positive		NO:sentiment_score,Trades/sec	NASDAQ
VNDA	"[""VNDA""]"	nPnb6kJf2a	2026-05-04 08:00:11	Vanda Pharmaceuticals Announces U.S. Commercial Availability of NEREUS™ (tradipitant), the First New Pharmacologic Treatment for People with Motion Sickness in More Than 40 Years	PR Newswire	54.11	0.6282	0.0223	0.3495	0.6058	positive		NO:Trades/sec	NASDAQ
UP	"[""UP""]"	nPn5YNnyYa	2026-05-04 08:00:12	Wheels Up Announces Date of First Quarter 2026 Earnings Release	PR Newswire	22.37	0.0469	0.0575	0.8956	-0.0106	neutral		NO:sentiment_score,Trades/sec	NYSE
LOCL	"[""LOCL""]"	nPnbTXCL8a	2026-05-04 08:00:14	Local Bounti to Participate in the BMO Global Farm to Market Conference	PR Newswire	22.4	0.2764	0.0142	0.7094	0.2621	positive		NO:Trades/sec	NYSE
RAIL	"[""RAIL""]"	nNFC86wxB5	2026-05-04 08:00:22	Railtown AI Technologies Announces Appointment of Industry Leader Saeed Otufat-Shamsi to Advisory Board	Newsfile Corp	12.57	0.1312	0.0354	0.8334	0.0958	positive		NO:sentiment_score,Trades/sec	
SKYQ	"[""SKYQ""]"	nACSJz7gca	2026-05-04 08:00:42	Sky Quarry's 180-Million-Barrel Oil Sands Asset Subject to RFP for Accelerated Commercialization	ACCESSWIRE	2.98	0.2817	0.0087	0.7096	0.273	positive		NO:Trades/sec	NASDAQ
SPAI	"[""SPAI""]"	nGNX2j9HhY	2026-05-04 08:04:00	Safe Pro Launches New Growth Team Led by Brian Mack as Chief Growth Officer and Benjamin Chitty as VP of Government Growth	Globe Newswire	12.96	0.1657	0.0127	0.8216	0.153	positive	0.0019630938358853	NO:sentiment_score	NASDAQ
CADL	"[""CADL""]"	nGNX2lVD92	2026-05-04 08:05:00	Candel Therapeutics to Host Investor Conference Call Following Presentation of Extended Data from Phase 3 Trial of Aglatimagene Besadenovec in Localized Prostate Cancer at the American Urological Association 2026 Annual Meeting	Globe Newswire	58.86	0.2907	0.028	0.6813	0.2627	positive	0.0437956204379562	YES	NASDAQ
CRE	"[""CRE""]"	nACSzrwjna	2026-05-04 08:09:13	Critical Elements' 10,000-Metre Drill Program at Rose West Continues to Deliver Positive Results	ACCESSWIRE	1.1	0.9349	0.0208	0.0443	0.9142	positive	0.525	YES	
EZRA	"[""EZRA""]"	nGNX3H9Qmb	2026-05-04 08:17:00	Reliance Global Group Completes Transformative Investment in Late-Stage Radiopharmaceutical Innovator Innervate Through EZRA’s Biotech Division	Globe Newswire	7.47	0.6214	0.0098	0.3688	0.6117	positive	0.3739130434782609	YES	NASDAQ
QNC	"[""QNC""]"	nNFC155Mh	2026-05-04 08:28:44	Quantum eMotion Announces Launch and Availability of eShield-Q, a Runtime Cryptographic Protection Platform for the AI and Quantum Era	Newsfile Corp	212.03	0.2898	0.0107	0.6996	0.2791	positive	0.0017488632388947	YES	NYSE American
DFDV	"[""DFDV""]"	nGNX42hXml	2026-05-04 08:30:00	DeFi Development Corp. Launches $200 Million At-The-Market Facility (ATM) to Buy More SOL	Globe Newswire	20.89	0.4494	0.0159	0.5348	0.4335	positive	0.0149988282165455	YES	NASDAQ
BRFH	"[""BRFH""]"	nGNX5JSBrF	2026-05-04 08:30:00	Barfresh to Present at the LD Micro Invitational XVI	Globe Newswire	6.35	0.1627	0.0253	0.812	0.1375	positive		NO:sentiment_score,Trades/sec	NASDAQ
GLOO	"[""GLOO""]"	nBw9hZBwza	2026-05-04 08:30:00	Gloo Completes Acquisition of EnterpriseMarketdesk (EMD) Bringing AI-enabled Workday Services and Expertise to the Gloo Platform	Business Wire	5.2	0.7383	0.0082	0.2534	0.7301	positive	0.0024617067833698	YES	NASDAQ
AGPU	"[""AGPU""]"	nGNXgSmV5	2026-05-04 08:30:00	Axe Compute Inc. (NASDAQ: AGPU) CEO Chris Miglino to Appear on Schwab Network May 4 and Cheddar May 6	Globe Newswire	3.87	0.0661	0.0509	0.883	0.0152	neutral	0.0311244979919678	NO:sentiment_score	NASDAQ
ABEO	"[""ABEO""]"	nGNXbQFnr1	2026-05-04 08:30:00	Abeona Therapeutics® Announces Date of First Quarter Financial Results	Globe Newswire	48.32	0.1911	0.1289	0.68	0.0622	positive	0.000876347384103	NO:sentiment_score	NASDAQ
FBLG	"[""FBLG""]"	nGNX9nmdqt	2026-05-04 08:30:00	FibroBiologics Announces Release of CYWC628 Drug Product for Phase 1/2 Diabetic Foot Ulcer Clinical Trial	Globe Newswire	2.93	0.3372	0.0337	0.6291	0.3035	positive		NO:Trades/sec	NASDAQ
REFR	"[""REFR""]"	nGNX2Pgs0W	2026-05-04 08:30:00	RESEARCH FRONTIERS TO HOST FIRST QUARTER 2026 CONFERENCE CALL	Globe Newswire	27.11	0.1093	0.0231	0.8676	0.0862	positive		NO:sentiment_score,Trades/sec	NASDAQ
SATL	"[""SATL""]"	nGNXbpG58y	2026-05-04 08:30:00	Satellogic Expands Global Sales Force with Senior Defense and Intelligence Industry Veterans	Globe Newswire	92.61	0.5532	0.0111	0.4357	0.5421	positive		NO:Trades/sec	NASDAQ
FBIO	"[""FBIO""]"	nGNX61gFgZ	2026-05-04 08:30:00	Fortress Biotech to Participate in the H.C. Wainwright 2nd Annual Royalty Company Virtual Conference	Globe Newswire	24.68	0.2369	0.0159	0.7472	0.221	positive		NO:Trades/sec	NASDAQ
NNVC	"[""NNVC""]"	nACSPjjC9a	2026-05-04 08:30:00	NV-387 for The Treatment of Measles is Granted Orphan Drug Designation by The US FDA 	ACCESSWIRE	20.99	0.743	0.0308	0.2261	0.7122	positive	0.0038860103626943	YES	NYSE American
NIVF	"[""NIVF""]"	nGNX55QBQp	2026-05-04 08:30:00	NewGen Provides Update on Fiscal Year 2025 Results and Strategic Progress	Globe Newswire	0.5685	0.0758	0.0291	0.895	0.0467	neutral		NO:sentiment_score,Trades/sec	NASDAQ
ATOS	"[""ATOS""]"	nPn95gscNa	2026-05-04 08:30:00	Atossa Therapeutics Receives FDA Rare Pediatric Disease Designation for (Z)-Endoxifen for McCune-Albright Syndrome	PR Newswire	8.52	0.7026	0.0147	0.2827	0.6879	positive		NO:Trades/sec	NASDAQ
NEOV	"[""NEOV""]"	nGNXbRh9gp	2026-05-04 08:30:00	NeoVolta Announces Timing of Third Quarter Fiscal 2026 Earnings Release and Conference Call	Globe Newswire	33.62	0.0574	0.0483	0.8943	0.0091	neutral		NO:sentiment_score,Trades/sec	NASDAQ
JAGX	"[""JAGX""]"	nACSpcjSFa	2026-05-04 08:30:01	Jaguar Health Expands Neonorm Franchise with Introduction of Neonorm Dog for Companion Animal Gut Health	ACCESSWIRE	9.03	0.6733	0.0103	0.3164	0.6631	positive		NO:Trades/sec	NASDAQ
DRIO	"[""DRIO""]"	nPn1zfbJKa	2026-05-04 08:30:04	DarioHealth to Report First Quarter 2026 Results on Wednesday, May 13, 2026	PR Newswire	5.81	0.059	0.0504	0.8905	0.0086	neutral		NO:sentiment_score,Trades/sec	NASDAQ
SRI	"[""SRI""]"	nPn4Lkz8Ma	2026-05-04 08:30:05	Stoneridge, Inc. to Broadcast its First Quarter 2026 Conference Call on the Web	PR Newswire	27.13	0.0672	0.0167	0.9161	0.0505	positive		NO:sentiment_score,Trades/sec	NYSE
QUBT	"[""QUBT""]"	nPn9tk41la	2026-05-04 08:30:06	Quantum Computing Inc. to Host First Quarter 2026 Shareholder Call on Monday, May 11, 2026	PR Newswire	196.93	0.0497	0.028	0.9223	0.0217	neutral		NO:sentiment_score,Trades/sec	NASDAQ
KOPN	"[""KOPN""]"	nBw5LN8wLa	2026-05-04 08:31:00	Kopin Corporation to Host First Quarter 2026 Earnings Call on Tuesday, May 12, 2026 at 8:30 AM Eastern Time	Business Wire	170.2	0.0402	0.0237	0.936	0.0165	neutral	0.1142857142857142	NO:sentiment_score	NASDAQ
DAIC	"[""DAIC""]"	nACSpXWgka	2026-05-04 08:31:00	Dot Ai to Host First Quarter 2026 Earnings Call on May 11 at 4:30 p.m. Eastern Time	ACCESSWIRE	23.33	0.0438	0.0321	0.9241	0.0117	neutral	0.000901645503043	NO:sentiment_score	NASDAQ
NAGE	"[""NAGE""]"	nBw5p4qVya	2026-05-04 08:32:00	Niagen Bioscience Launches Niagen Plus Telehealth Platform, Unveiling At-Home Injection Kit Offering	Business Wire	52.94	0.2072	0.0106	0.7822	0.1965	positive	0.0039518253669552	NO:sentiment_score	NASDAQ
ATLX	"[""ATLX""]"	nGNX4DNWvG	2026-05-04 08:35:00	Atlas Lithium Corporation to Present at the Precious Metals & Critical Minerals Virtual Investor Conference May 5th	Globe Newswire	19.17	0.1198	0.0245	0.8557	0.0954	positive	0.0097703957010258	NO:sentiment_score	NASDAQ
GEMI	"[""GEMI""]"	nNFC73njBl	2026-05-04 08:36:21	INVESTOR ALERT: Berger Montague Advises Gemini Space Station, Inc. (GEMI) Investors to Inquire About a Securities Fraud Class Action by May 18, 2026	Newsfile Corp	38.2	0.1675	0.0836	0.7489	0.0838	positive	0.027063599458728	NO:sentiment_score	NASDAQ
KLC	"[""KLC""]"	nBw8pTcTka	2026-05-04 08:37:00	KinderCare Celebrates Teachers with Child Care Tuition Support	Business Wire	30.46	0.2572	0.0516	0.6912	0.2056	positive	0.000372995151063	YES	NYSE
WKSP	"[""WKSP""]"	nACSM1cJna	2026-05-04 08:46:01	Worksport (NASDAQ:WKSP) Invited to Present at D. Boral 2026 Global Conference	ACCESSWIRE	9.27	0.1119	0.0128	0.8753	0.0991	positive	0.0006771314250538	NO:sentiment_score	NASDAQ
GOSS	"[""GOSS""]"	nGNX3lMknm	2026-05-04 08:47:00	INVESTOR REMINDER: Berger Montague Notifies Gossamer Bio, Inc. (NASDAQ: GOSS) Investors of a Class Action Lawsuit and Deadline	Globe Newswire	204.1	0.1582	0.385	0.4568	-0.2268	negative	0.0214375788146279	NO:sentiment_score	NASDAQ
GYRE	"[""GYRE""]"	nGNX9nVvYN	2026-05-04 08:47:47	Gyre Therapeutics Completes Acquisition of Cullgen to Create U.S.- and China-based Fully Integrated Biopharmaceutical Company	Globe Newswire	12.94	0.1911	0.0156	0.7933	0.1755	positive	0.0014792899408284	NO:sentiment_score	NASDAQ
OWLT	"[""OWLT""]"	nBw2WMghsa	2026-05-04 08:50:00	Owlet Gives Moms the Ultimate Mother's Day Gift: More Confidence and Peace of Mind 	Business Wire	15.17	0.2495	0.042	0.7085	0.2075	positive	0.0007824726134585	YES	NYSE
UHG	"[""UHG""]"	nBw1lDR7Za	2026-05-04 08:53:00	Stanley Martin Homes Completes Acquisition of United Homes Group	Business Wire	11.21	0.1494	0.0538	0.7968	0.0957	positive	9.30782369120364e-05	NO:sentiment_score	NASDAQ
ONCY	"[""ONCY""]"	nGNXy6jXM	2026-05-04 09:00:00	Oncolytics Biotech® Reports Durable Responses in Second-Line RAS-Mutant MSS Colorectal Cancer	Globe Newswire	98.32	0.917	0.0231	0.0599	0.8939	positive	0.0226500566251415	YES	NASDAQ
FOXX	"[""FOXX""]"	nGNX53fLTW	2026-05-04 09:00:00	Foxx Development Regains Compliance with Nasdaq Minimum Market Value of Listed Securities Requirement	Globe Newswire	1.25	0.8817	0.0205	0.0978	0.8612	positive		NO:Trades/sec	NASDAQ
XXII	"[""XXII""]"	nGNX9dmxfk	2026-05-04 09:00:00	22nd Century Group to Announce First Quarter 2026 Results on May 7, 2026	Globe Newswire	0.7	0.0837	0.0542	0.8621	0.0296	neutral	0.1875	NO:sentiment_score	NASDAQ
NAII	"[""NAII""]"	nGNX2B8PWR	2026-05-04 09:00:01	CarnoSyn® Brands Expands TriBsyn® Applications Across Beverage, Dairy, and Medical Nutrition	Globe Newswire	5.03	0.2148	0.0104	0.7748	0.2044	positive	0.0003599064243296	YES	NASDAQ
FATE	"[""FATE""]"	nGNX43H2B	2026-05-04 09:00:01	Fate Therapeutics Announces Three Presentations at the 2026 ASGCT Annual Meeting Highlighting Off-the-Shelf CAR T-cell Therapy Pipeline for Cancer and Autoimmune Diseases	Globe Newswire	110.14	0.254	0.0123	0.7337	0.2417	positive	0.0068259385665529	YES	NASDAQ
RPAY	"[""RPAY""]"	nGNXvnsM8	2026-05-04 09:00:00	17 Days After Forager’s Proposal, Board Still Has Not Engaged as Stockholder Frustration Builds	Globe Newswire	63.69	0.1508	0.103	0.7462	0.0478	neutral	0.0012608666799389	NO:sentiment_score	NASDAQ
MCHX	"[""MCHX""]"	nBwbxNJK2a	2026-05-04 09:00:01	Marchex to Report First Quarter 2026 Financial Results on Wednesday, May 13, 2026	Business Wire	36.17	0.0589	0.054	0.8871	0.0049	neutral		NO:sentiment_score,Trades/sec	NASDAQ
TYGO	"[""TYGO""]"	nBw84xyRda	2026-05-04 09:00:01	Tigo Energy Breaks Global Growth Benchmark; Boosts U.S. Energy Feature in Predict+	Business Wire	43.41	0.9074	0.0153	0.0773	0.8921	positive		NO:Trades/sec	NASDAQ
HTCO	"[""HTCO""]"	nPnbk3j6Sa	2026-05-04 09:00:01	High-Trend International Group Eliminates Financing Overhang and Plans Cancellation of 630,000 Class A Ordinary Shares (Originally Scheduled to Become Eligible for Resale on May 1, 2026)	PR Newswire	2.4	0.0654	0.3984	0.5362	-0.333	negative		NO:sentiment_score,Trades/sec	NASDAQ
III	"[""III""]"	nBwdNpY8a	2026-05-04 09:00:01	End-to-End Platforms Unify Customer Experience, ISG says	Business Wire	33.28	0.1853	0.0102	0.8046	0.1751	positive	0.0002783654381471	NO:sentiment_score	NASDAQ
GRML	"[""GRML""]"	nACSGwrY5a	2026-05-04 09:00:01	Greenland Mines (NASDAQ:GRML) Signs 12-Part Featured Series on New to The Street	ACCESSWIRE	86.89	0.1572	0.0319	0.8108	0.1253	positive		NO:sentiment_score,Trades/sec	NASDAQ
RBNE	"[""RBNE""]"	nGNX6zNCpv	2026-05-04 09:00:01	Robin Energy Announces the Sale of the M/T Wonder Mimosa for a Price of $12.8 Million with an Expected Net Gain of $6.7 Million	Globe Newswire	6.94	0.2023	0.013	0.7847	0.1893	positive		NO:sentiment_score,Trades/sec	NASDAQ
PDYN	"[""PDYN""]"	nBw5jSY3ra	2026-05-04 09:00:02	Palladyne AI Selected as One of 14 Companies for AFRL’s Relentless Wolfpack Industry Day, Advancing Networked Collaborative Autonomous Weapon Systems	Business Wire	34.13	0.5564	0.0153	0.4283	0.5412	positive		NO:Trades/sec	NASDAQ
GIGM	"[""GIGM""]"	nPn3Y9XNpa	2026-05-04 09:00:04	GigaMedia Announces First-Quarter 2026 Financial Results	PR Newswire	6.02	0.0896	0.1017	0.8088	-0.0121	neutral		NO:sentiment_score,Trades/sec	NASDAQ
SCKT	"[""SCKT""]"	nPnbk1tSZa	2026-05-04 09:00:20	Socket Mobile Brings Professional Cordless Scanning and Apple Wallet Pass Reading to Mac with SM Link	PR Newswire	5.22	0.241	0.0091	0.75	0.2319	positive	0.000573888091822	YES	NASDAQ
AQST	"[""AQST""]"	nNFC120kJg	2026-05-04 09:00:25	AQST EQUITY ALERT: Faruqi & Faruqi, LLP Reminds Aquestive Therapeutics (AQST) Investors of Securities Class Action Deadline on May 4, 2026	Newsfile Corp	114.86	0.126	0.2978	0.5762	-0.1718	negative	0.0008751969193068	NO:sentiment_score	NASDAQ
AURA	"[""AURA""]"	nGNX5wyngd	2026-05-04 09:03:06	Aura Biosciences Announces Pricing of $260 Million Public Offering of Common Stock and Pre-funded Warrants	Globe Newswire	44.71	0.1633	0.0109	0.8258	0.1525	positive	0.0056028686687584	NO:sentiment_score	NASDAQ
FWDI	"[""FWDI""]"	nGNX51qsd8	2026-05-04 09:08:00	Forward Industries Schedules Fiscal Second Quarter 2026 Conference Call for May 14, 2026 at 5:00 p.m. ET	Globe Newswire	63.62	0.0303	0.0527	0.917	-0.0224	neutral	0.0072254335260115	NO:sentiment_score	NASDAQ
OPTX	"[""OPTX""]"	nGNXbhZstm	2026-05-04 09:09:18	Syntec Optics (Nasdaq: OPTX) Quadruples Space Optics Production; Expands Space Portfolio in Growing Space Economy	Globe Newswire	6.23	0.8467	0.0099	0.1434	0.8367	positive	0.0078308535630383	YES	NASDAQ
AVD	"[""AVD""]"	nACS7Gjbga	2026-05-04 09:10:25	American Vanguard Announces Date of First Quarter 2026 Earnings Release and Webcast Conference Call	ACCESSWIRE	26.7	0.0621	0.0278	0.9101	0.0344	neutral	0.0010500957440237	NO:sentiment_score	NYSE
MNDR	"[""MNDR""]"	nNFC52BqQD	2026-05-04 09:15:59	Mobile-health Network Solutions Enters into Non-Binding US$119 Million Strategic Framework with Hector Capital to Acquire BIMA and M&M Helix, Accelerating AI-powered Healthcare Expansion across Asia and Africa	Newsfile Corp	3.21	0.771	0.0146	0.2144	0.7565	positive	77.0	YES	NASDAQ
OI	"[""OI""]"	nGNX6R2Y5g	2026-05-04 09:16:45	Owens-Brockway Glass Container Inc. Launches $500 Million Senior Notes Offering	Globe Newswire	149.91	0.1563	0.0188	0.8249	0.1374	positive	0.0068708846263956	NO:sentiment_score	NYSE
CHRS	"[""CHRS""]"	nGNX6MFpVj	2026-05-04 09:30:00	Coherus Oncology to Report First Quarter 2026 Financial Results on May 11, 2026	Globe Newswire	127.16	0.0839	0.0508	0.8653	0.033	neutral	0.0020496224379719	NO:sentiment_score	NASDAQ
TZOO	"[""TZOO""]"	nPn6nqv9ha	2026-05-04 09:30:02	Club Offers for Travel Enthusiasts in the U.S.	PR Newswire	7.03	0.0935	0.0186	0.8879	0.0749	positive	0.0026713243604233	NO:sentiment_score	NASDAQ
HAIN	"[""HAIN""]"	nGNX8WRyfK	2026-05-04 09:33:00	Earth’s Best Debuts All-New Organic Snacks Made Just for Big Kids	Globe Newswire	88.37	0.1945	0.0502	0.7553	0.1443	positive	0.217391304347826	NO:sentiment_score	NASDAQ
LNAI	"[""LNAI""]"	nPn5R2hja	2026-05-04 09:35:00	Lunai Bioworks Completes $20 Million Preferred Issuance to Acquire CNS Delivery and Neurotherapeutic IP	PR Newswire	19.89	0.2078	0.0155	0.7767	0.1923	positive	5.0	NO:sentiment_score	NASDAQ
CWH	"[""CWH""]"	nGNX2f6y6J	2026-05-04 09:42:43	CWH Investors Have Opportunity to Lead Camping World Holdings, Inc. Securities Fraud Lawsuit with the Schall Law Firm	Globe Newswire	58.96	0.2094	0.0611	0.7295	0.1483	positive	1.8333333333333333	NO:sentiment_score	NYSE
SKYX	"[""SKYX""]"	nGNX8h73sp	2026-05-04 09:47:59	SKYX Selected to Participate in Inaugural Curated Group of 8 Emerging Companies at the 31st Annual Sohn Investment Conference on May 12, 2026, at Jazz at Lincoln Center in New York City	Globe Newswire	88.45	0.3007	0.0153	0.6841	0.2854	positive	0.1567164179104477	YES	NASDAQ
OWLS	"[""OWLS""]"	nGNX6JFtzd	2026-05-04 10:07:50	OwlTing Group (NASDAQ: OWLS) Launches OwlPay Agent Wallet, Targeting the Emerging Multi-Trillion-Dollar Agentic Commerce Economy	Globe Newswire	16.98	0.1424	0.0164	0.8412	0.126	positive	0.0252844500632111	NO:sentiment_score	NASDAQ
SKK	"[""SKK""]"	nGNX8d1LK6	2026-05-04 10:15:00	SKK Holdings Signs Definitive Asset Purchase Agreement with Rantizo, Inc. to Acquire Drone Assets in Approximately $258.8 Million Asset Acquisition, Establishing Publicly-Traded Operator of Drone-Based Platforms for Commercial Applications	Globe Newswire	1.03	0.7754	0.011	0.2136	0.7644	positive	0.0184672206832871	YES	NASDAQ
VTAK	"[""VTAK""]"	nGNX3XSxmG	2026-05-04 10:30:00	Flyte Increases Capacity and Launches Hiring Initiative as Spirit Airlines Shutdown Disrupts U.S. Air Travel	Globe Newswire	1.97	0.4248	0.2234	0.3518	0.2013	positive	2.857142857142857	YES	NYSE American
GOSS	"[""GOSS""]"	nGNX4kmWYz	2026-05-04 10:40:39	INVESTOR NOTICE: Gossamer Bio, Inc. (GOSS) Investors with Substantial Losses Have Opportunity to Lead Investor Class Action– Hagens Berman	Globe Newswire	204.1	0.1371	0.0796	0.7833	0.0575	positive	0.3728813559322034	NO:sentiment_score	NASDAQ
ABEO	"[""ABEO""]"	nGNX2k1PFh	2026-05-04 10:52:23	Abeona Therapeutics® Announces New Employee Inducement Grants Under Nasdaq Listing Rule 5635(c)(4)	Globe Newswire	48.32	0.2166	0.0238	0.7596	0.1928	positive		NO:sentiment_score,Trades/sec	NASDAQ
SPWR	"[""SPWR""]"	nACSMwsLRa	2026-05-04 11:00:00	SunPower, Inc. (SPWR) Investigation: Bronstein, Gewirtz & Grossman, LLC Encourages Investors to Contact the Firm to Learn More About the Investigation	ACCESSWIRE	84.0	0.15	0.0316	0.8185	0.1184	positive	0.1587301587301587	NO:sentiment_score	NASDAQ
PHR	"[""PHR""]"	nACS95p0Ba	2026-05-04 11:00:01	Bronstein, Gewirtz & Grossman, LLC Encourages Phreesia, Inc. (PHR) Shareholders to Inquire about Securities Investigation	ACCESSWIRE	46.13	0.22	0.0363	0.7438	0.1837	positive	1.3243243243243243	NO:sentiment_score	NYSE
CMPX	"[""CMPX""]"	nACSfglW6a	2026-05-04 11:00:01	Bronstein, Gewirtz & Grossman, LLC Is Investigating Compass Therapeutics, Inc. (CMPX) And Encourages Stockholders to Connect	ACCESSWIRE	120.66	0.1067	0.1807	0.7126	-0.074	negative	1.2352941176470589	NO:sentiment_score	NASDAQ
POET	"[""POET""]"	nACS3C6sPa	2026-05-04 11:00:01	Bronstein, Gewirtz & Grossman, LLC Encourages POET Technologies Inc. (POET) Stockholders to Inquire about Securities Investigation	ACCESSWIRE	90.52	0.1129	0.0191	0.8679	0.0938	positive		NO:sentiment_score,Trades/sec	NASDAQ
FORA	"[""FORA""]"	nACS2KRlca	2026-05-04 11:00:01	Forian Inc. (FORA) Investigation: Bronstein, Gewirtz & Grossman, LLC Encourages Investors to Contact the Firm to Learn More About the Investigation	ACCESSWIRE	8.22	0.1881	0.0322	0.7797	0.156	positive	0.0042105263157894	NO:sentiment_score	NASDAQ
STGW	"[""STGW""]"	nACSVbVCHa	2026-05-04 11:00:01	New Milken Institute-Harris Poll Finds Historic Consensus on AI Workforce Policy, but a Critical Gap Remains Between Employer Intent and Action	ACCESSWIRE	109.89	0.2433	0.264	0.4927	-0.0206	neutral	1.5714285714285714	NO:sentiment_score	NASDAQ
UHG	"[""UHG""]"	nACSjbnf5a	2026-05-04 11:00:01	UHG INVESTOR ALERT:  Bronstein, Gewirtz and Grossman, LLC Announces that United Homes Group, Inc. Investors Have Opportunity to Lead Class Action Lawsuit!	ACCESSWIRE	11.21	0.1615	0.2803	0.5582	-0.1188	negative		NO:sentiment_score,Trades/sec	NASDAQ
VERI	"[""VERI""]"	nACSk7NPya	2026-05-04 11:00:02	Bronstein, Gewirtz & Grossman, LLC Is Investigating Veritone, Inc. (VERI) And Encourages Shareholders to Connect	ACCESSWIRE	81.54	0.1307	0.0931	0.7762	0.0376	neutral	0.7941176470588235	NO:sentiment_score	NASDAQ
NNOX	"[""NNOX""]"	nACSNw7MXa	2026-05-04 11:00:02	Bronstein, Gewirtz & Grossman, LLC Announces an Investigation Against Nano-X Imaging Ltd. (NNOX) and Encourages Investors to Learn More About the Investigation	ACCESSWIRE	69.02	0.255	0.047	0.698	0.208	positive		NO:Trades/sec	NASDAQ
KELYA	"[""KELYA""]"	nGNX1hWz3	2026-05-04 11:09:22	Kelly Education Names 2026 Substitute Educators of the Year, Expanding Program to Honor Runner-Ups for the First Time	Globe Newswire	28.81	0.7472	0.0152	0.2376	0.7321	positive	0.2352941176470588	YES	NASDAQ
III	"[""III""]"	nBw4gT21ha	2026-05-04 11:15:00	ISG to Ring Nasdaq Closing Bell	Business Wire	33.28	0.0914	0.0728	0.8358	0.0186	neutral	0.2110091743119266	NO:sentiment_score	NASDAQ
JUNS	"[""JUNS""]"	nNFC2279ks	2026-05-04 11:30:16	Jupiter Neurosciences, Inc. to Present at The Market Movers Investor Summit	Newsfile Corp	15.48	0.0952	0.0167	0.8881	0.0784	positive	0.0498753117206982	NO:sentiment_score	NASDAQ
AQST	"[""AQST""]"	nNFC4q0dP2	2026-05-04 11:31:41	AQST DEADLINE: ROSEN, TOP RANKED GLOBAL COUNSEL, Encourages Aquestive Therapeutics, Inc. Investors to Secure Counsel Before Important May 4 Deadline in Securities Class Action - AQST	Newsfile Corp	114.86	0.3323	0.025	0.6427	0.3073	positive	0.1550387596899224	YES	NASDAQ
AEC	"[""AEC""]"	nGNX9Y0rW9	2026-05-04 11:32:28	Anfield Energy Demonstrates the Economic Viability of its Hub-And-Spoke Uranium and Vanadium Production Strategy Via Its Updated Preliminary Economic Assessment	Globe Newswire	10.65	0.5677	0.0112	0.4211	0.5565	positive	0.0054600054600054	YES	
CWH	"[""CWH""]"	nNFC6FVGBx	2026-05-04 11:34:24	CWH DEADLINE: ROSEN, TOP RANKED GLOBAL COUNSEL, Encourages Camping World Holdings, Inc. Investors to Secure Counsel Before Important May 11 Deadline in Securities Class Action - CWH	Newsfile Corp	58.96	0.2408	0.0363	0.7229	0.2045	positive	18.5	YES	NYSE
HOLO	"[""HOLO""]"	nGNX4lN8t3	2026-05-04 11:40:00	MicroCloud Hologram Inc. Efficient Deterministic Quantum State Preparation Algorithm Based on Decision Diagrams	Globe Newswire	22.3	0.1032	0.0127	0.8842	0.0905	positive	0.56	NO:sentiment_score	NASDAQ
GEMI	"[""GEMI""]"	nGNX5vFHR7	2026-05-04 11:45:00	Gemini Space Station, Inc. (GEMI) Class Action Lawsuit Seeks Recovery for Investors; May 15, 2026, Deadline - Contact Kessler Topaz Meltzer & Check, LLP	Globe Newswire	38.2	0.249	0.1215	0.6295	0.1275	positive	0.3174603174603174	NO:sentiment_score	NASDAQ
PLX	"[""PLX""]"	nGNE4dM5M4	2026-05-04 11:45:57	REG-DISCLOSURE FISCAL 2026/26 OF TRANSACTIONS ON TREASURY SHARES 	Globe Newswire	72.08	0.0563	0.047	0.8967	0.0093	neutral	0.1226993865030674	NO:sentiment_score	Euronext Paris
ESPR	"[""ESPR""]"	nBwCtvdxa	2026-05-04 11:48:00	Esperion Therapeutics Investor Alert: Kahn Swick & Foti, LLC Investigates Adequacy of Price and Process in Proposed Sale of Esperion Therapeutics, Inc. - ESPR	Business Wire	245.94	0.1111	0.0919	0.797	0.0192	neutral	15.0	NO:sentiment_score	NASDAQ
ATRA	"[""ATRA""]"	nGNX5zbWqH	2026-05-04 12:00:00	Deadline Alert: Atara Biotherapeutics, Inc. (ATRA) Shareholders Who Lost Money Urged To Contact Glancy Prongay Wolke & Rotter LLP About Securities Fraud Lawsuit	Globe Newswire	4.86	0.1121	0.4229	0.465	-0.3108	negative	0.8888888888888888	NO:sentiment_score	NASDAQ
SES	"[""SES""]"	nBw4M4Bv2a	2026-05-04 12:00:00	Glancy Prongay Wolke & Rotter LLP, a Leading Securities Fraud Law Firm Encourages SES AI Corporation (SES) Shareholders To Inquire About Securities Fraud Class Action	Business Wire	236.25	0.1949	0.104	0.7011	0.0909	positive	1.5	NO:sentiment_score	NYSE
GO	"[""GO""]"	nGNX86nTly	2026-05-04 12:00:00	Bronstein, Gewirtz & Grossman LLC Urges Grocery Outlet Holding Corp. Investors to Act: Class Action Filed Alleging Investor Harm	Globe Newswire	90.72	0.1285	0.1922	0.6793	-0.0637	negative	3.125	NO:sentiment_score	NASDAQ
CHOW	"[""CHOW""]"	nGNX45hKZh	2026-05-04 12:00:00	Bronstein, Gewirtz & Grossman LLC Urges ChowChow Cloud International Holdings Ltd. Investors to Act: Class Action Filed Alleging Investor Harm	Globe Newswire	10.64	0.1333	0.3273	0.5394	-0.194	negative	0.0112	NO:sentiment_score	NYSE American
FCHL	"[""FCHL""]"	nGNX9RzBtx	2026-05-04 12:00:00	Bronstein, Gewirtz & Grossman LLC Urges Fitness Champs Holdings Ltd. Investors to Act: Class Action Filed Alleging Investor Harm	Globe Newswire	0.35	0.144	0.192	0.664	-0.048	neutral	0.1162790697674418	NO:sentiment_score	NASDAQ
NUAI	"[""NUAI""]"	nGNXgKlXs	2026-05-04 12:00:00	Deadline Alert: New Era Energy & Digital, Inc. (NUAI) Shareholders Who Lost Money Urged To Contact Glancy Prongay Wolke & Rotter LLP About Securities Fraud Lawsuit	Globe Newswire	73.85	0.1256	0.3678	0.5066	-0.2422	negative		NO:sentiment_score,Trades/sec	NASDAQ
ALDX	"[""ALDX""]"	nNFC3cDhJ1	2026-05-04 12:00:38	Bronstein, Gewirtz & Grossman LLC Urges Aldeyra Therapeutics, Inc. Investors to Act: Class Action Filed Alleging Investor Harm	Newsfile Corp	55.6	0.1553	0.2714	0.5732	-0.1161	negative	0.175438596491228	NO:sentiment_score	NASDAQ
YOOV	"[""YOOV""]"	nNFC3Sh1kG	2026-05-04 12:00:45	Bronstein, Gewirtz & Grossman LLC Urges Concorde International Group, Ltd. Investors to Act: Class Action Filed Alleging Investor Harm	Newsfile Corp	5.91	0.1477	0.274	0.5783	-0.1263	negative	0.003183699458771	NO:sentiment_score	NASDAQ
EDHL	"[""EDHL""]"	nGNX6lskNr	2026-05-04 12:07:44	EDHL Investors Have Opportunity to Join Everbright Digital Holding Limited Fraud Investigation with the Schall Law Firm	Globe Newswire	0.5412	0.2228	0.0198	0.7575	0.203	positive	0.0034879665155214	YES	NASDAQ
TE	"[""TE""]"	nGNE1K7pXM	2026-05-04 12:30:00	REG-Weekly report TEN share buyback from April 27 to April 30, 2026	Globe Newswire	202.05	0.0308	0.0382	0.931	-0.0074	neutral	2.071428571428572	NO:sentiment_score	Euronext Paris
KVHI	"[""KVHI""]"	nGNX9jXBs8	2026-05-04 12:42:26	KVH Industries to Host First Quarter Conference Call on May 6, 2026	Globe Newswire	11.31	0.082	0.0187	0.8993	0.0633	positive	0.0525059665871121	NO:sentiment_score	NASDAQ
SCOR	"[""SCOR""]"	nGNE79b0K0	2026-05-04 12:45:08	REG-Declaration made pursuant to Article L. 233-8-II of the French Commercial Code and Article 223-16 of the General Regulation of the Autorité des Marchés Financiers	Globe Newswire	11.21	0.0717	0.0231	0.9052	0.0486	neutral	0.0042453831458289	NO:sentiment_score	Euronext Paris
GNL	"[""GNL""]"	nGNX2KHJV4	2026-05-04 13:33:58	$HAREHOLDER ALERT: The M&A Class Action Firm Announces An Investigation of Global Net Lease, Inc. (NYSE: GNL) 	Globe Newswire	189.28	0.173	0.2318	0.5951	-0.0588	negative	0.696969696969697	NO:sentiment_score	NYSE
GBTG	"[""GBTG""]"	nGNX2cH1bR	2026-05-04 13:37:56	$HAREHOLDER ALERT: The M&A Class Action Firm Announces An Investigation of Global Business Travel Group, Inc. (NYSE: GBTG) 	Globe Newswire	240.56	0.2121	0.2759	0.512	-0.0638	negative	1.6923076923076923	NO:sentiment_score	NYSE
ELBM	"[""ELBM""]"	nGNX22rw1X	2026-05-04 13:40:00	Electra Signs Definitive $20 Million Investment Agreement with Government of Canada to Advance Strategic Refinery	Globe Newswire	100.1	0.8301	0.011	0.1589	0.8192	positive	0.0688524590163934	YES	
VUZI	"[""VUZI""]"	nPnbWX0dfa	2026-05-04 14:00:00	Vuzix Schedules Conference Call to Discuss First Quarter 2026 Financial Results and Business Update	PR Newswire	70.37	0.064	0.0371	0.8989	0.0269	neutral	0.0806451612903225	NO:sentiment_score	NASDAQ
CWH	"[""CWH""]"	nPn61kzSBa	2026-05-04 14:51:00	CWH DEADLINE: ROSEN, TOP RANKED GLOBAL COUNSEL, Encourages Camping World Holdings, Inc. Investors to Secure Counsel Before Important May 11 Deadline in Securities Class Action - CWH	PR Newswire	58.96	0.2408	0.0363	0.7229	0.2045	positive	1.0	YES	NYSE
INEO	"[""INEO""]"	nNFC3ChQBl	2026-05-04 15:00:27	INEO Announces Extension of $1 Million Secured Loan and Proposed Financing Transactions	Newsfile Corp	16.55	0.6058	0.0224	0.3718	0.5834	positive	0.0067415730337078	YES	
POET	"[""POET""]"	nNFC4nW1Q2	2026-05-04 15:01:57	ROSEN, RECOGNIZED INVESTOR COUNSEL, Encourages POET Technologies Inc. Investors to Secure Counsel Before Important Deadline in Securities Class Action First Filed by the Firm - POET	Newsfile Corp	90.52	0.189	0.0315	0.7795	0.1575	positive	0.8076923076923077	NO:sentiment_score	NASDAQ
PML	"[""PML""]"	nGNX5XwqKB	2026-05-04 15:25:42	  Panoro Announces Upsized $21MM Financing 	Globe Newswire	125.43	0.3929	0.0418	0.5653	0.3511	positive	0.1372549019607843	YES	
RDZN	"[""RDZN""]"	nGNX1K4s9D	2026-05-04 15:27:19	Roadzen Announces Pricing of $8 Million Registered Direct Offering of Ordinary Shares	Globe Newswire	48.85	0.1595	0.02	0.8204	0.1395	positive	26.0	NO:sentiment_score	NASDAQ
GV	"[""GV""]"	nGNXbFhN2J	2026-05-04 16:00:00	Visionary Holdings Inc. Announces Receipt of Nasdaq Delisting Determination Letter Related to Delinquent Listing Fees	Globe Newswire	3.96	0.1238	0.2103	0.6659	-0.0865	negative	0.5402298850574713	NO:sentiment_score	NASDAQ
ARQ	"[""ARQ""]"	nNFC2GLlxx	2026-05-04 16:00:23	Argo Gold Appoints Paul Poggione as President	Newsfile Corp	31.58	0.0723	0.0561	0.8716	0.0162	neutral	0.8148148148148148	NO:sentiment_score	
FBLG	"[""FBLG""]"	nGNXbWKDbh	2026-05-04 16:01:00	FibroBiologics Reports Preclinical Data Showing Fibroblast Spheroids May Actively Reprogram the Burn Wound Environment to Drive Healing and Reduce Scarring	Globe Newswire	2.93	0.7638	0.0479	0.1882	0.7159	positive	0.1481481481481481	YES	NASDAQ
CPSH	"[""CPSH""]"	nGNXV3HdP	2026-05-04 16:01:00	CPS Technologies Announces First Quarter 2026 Financial Results	Globe Newswire	14.65	0.1171	0.0803	0.8026	0.0368	neutral	1.4666666666666666	NO:sentiment_score	NASDAQ
BDSX	"[""BDSX""]"	nGNXbHyVW6	2026-05-04 16:01:00	Biodesix Announces First Quarter 2026 Results and Highlights	Globe Newswire	3.95	0.0931	0.033	0.8739	0.0601	positive	0.5833333333333334	NO:sentiment_score	NASDAQ
SENS	"[""SENS""]"	nGNX7c9yHW	2026-05-04 16:01:00	Senseonics Announces Closing of $92 Million Public Offering and Full Exercise of Underwriters’ Option to Purchase Additional Shares 	Globe Newswire	39.99	0.2343	0.0196	0.7461	0.2147	positive		NO:Trades/sec	NASDAQ
BHVN	"[""BHVN""]"	nPn7BrnsCa	2026-05-04 16:02:00	Biohaven Reports Recent Business Developments and First Quarter 2026 Financial Results	PR Newswire	125.31	0.0945	0.0492	0.8563	0.0453	neutral	0.2926829268292683	NO:sentiment_score	NYSE
CSHR	"[""CSHR""]"	nGNE2CKYbF	2026-05-04 16:05:00	CoinShares ETPs Now Available on Bourse Direct as France Opens Retail Access to Regulated Crypto Products	Globe Newswire	59.24	0.2117	0.0133	0.7749	0.1984	positive	0.0680272108843537	NO:sentiment_score	NASDAQ
BIOX	"[""BIOX""]"	nBwlv7HCa	2026-05-04 16:05:00	Bioceres Crop Solutions to Host Fiscal Third Quarter 2026 Financial Results Conference Call on Tuesday, May 12, 2026 at 8:30 a.m. Eastern Time	Business Wire	50.36	0.0529	0.0322	0.9149	0.0208	neutral	0.0578034682080924	NO:sentiment_score	NASDAQ
PRTH	"[""PRTH""]"	nBw6r2fRJa	2026-05-04 16:05:00	Priority Technology Holdings, Inc. To Announce First Quarter 2026 Financial Results on May 11, 2026	Business Wire	28.85	0.101	0.0613	0.8377	0.0398	neutral	0.1020408163265306	NO:sentiment_score	NASDAQ
KYNB	"[""KYNB""]"	nGNXb0XtlM	2026-05-04 16:05:00	Kyntra Bio to Report First Quarter 2026 Financial Results	Globe Newswire	3.75	0.1458	0.1149	0.7393	0.0309	neutral	0.0793650793650793	NO:sentiment_score	NASDAQ
MI	"[""MI""]"	nGNE4RGRjT	2026-05-04 16:05:00	NFT LTD Files Annual Report on Form 20-F for Fiscal Year 2025	Globe Newswire	15.04	0.0558	0.0425	0.9017	0.0134	neutral	0.1257142857142857	NO:sentiment_score	NYSE American
OLOX	"[""OLOX""]"	nACS8VlR6a	2026-05-04 16:05:00	Olenox Industries Announces Strategic Reorganization of Subsidiary SG Echo LLC to Strengthen Long-Term Growth	ACCESSWIRE	7.44	0.8238	0.0213	0.1549	0.8025	positive	0.0634920634920634	YES	NASDAQ
RUM	"[""RUM""]"	nGNE35xrFs	2026-05-04 16:05:00	Rumble Announces Timing of First Quarter 2026 Earnings Release and Conference Call	Globe Newswire	108.23	0.0607	0.0562	0.8831	0.0046	neutral	0.1678832116788321	NO:sentiment_score	NASDAQ
AKBA	"[""AKBA""]"	nGNX4TyZkR	2026-05-04 16:05:00	Akebia Therapeutics Reports Inducement Grants Under Nasdaq Listing Rule 5635(c)(4)	Globe Newswire	258.52	0.1258	0.0173	0.8569	0.1085	positive		NO:sentiment_score,Trades/sec	NASDAQ
GAIA	"[""GAIA""]"	nGNX4x90gW	2026-05-04 16:05:00	Gaia Reports First Quarter 2026 Financial Results	Globe Newswire	17.79	0.0845	0.0982	0.8173	-0.0136	neutral	0.0695364238410596	NO:sentiment_score	NASDAQ
SPRU	"[""SPRU""]"	nBw22zK4la	2026-05-04 16:05:00	Spruce Power to Release First Quarter 2026 Results and Host Conference Call on May 13	Business Wire	12.46	0.0847	0.0329	0.8823	0.0518	positive		NO:sentiment_score,Trades/sec	NYSE
PFLT	"[""PFLT""]"	nGNX8qJRkb	2026-05-04 16:05:00	PennantPark Floating Rate Capital Ltd. Announces Monthly Distribution of $0.1025 per Share	Globe Newswire	98.34	0.075	0.0333	0.8917	0.0417	neutral		NO:sentiment_score,Trades/sec	NYSE
MYO	"[""MYO""]"	nBwbn0VFqa	2026-05-04 16:05:00	Myomo Announces Availability of MyoPro at Ottobock Care Clinics in the U.S.	Business Wire	35.41	0.4455	0.0166	0.5379	0.4289	positive		NO:Trades/sec	NYSE American
PNNT	"[""PNNT""]"	nGNX8Tcf6K	2026-05-04 16:05:00	PennantPark Investment Corporation Announces Monthly Distribution of $0.08 per Share	Globe Newswire	63.17	0.0667	0.0311	0.9022	0.0356	neutral		NO:sentiment_score,Trades/sec	NYSE
RPAY	"[""RPAY""]"	nBw7z3RTya	2026-05-04 16:05:00	REPAY Rejects Unsolicited Proposal from Forager Capital	Business Wire	63.69	0.387	0.059	0.554	0.328	positive	0.1496598639455782	YES	NASDAQ
SHIM	"[""SHIM""]"	nGNX2D1Cgh	2026-05-04 16:05:00	Shimmick Corporation to Announce First Quarter 2026 Financial Results on May 14, 2026	Globe Newswire	5.27	0.0838	0.0407	0.8754	0.0431	neutral		NO:sentiment_score,Trades/sec	NASDAQ
EOLS	"[""EOLS""]"	nBw5Shkp1a	2026-05-04 16:05:01	Evolus Reports First Quarter 2026 Financial Results; Company Delivers Second Consecutive Quarter of Positive Adjusted EBITDA and Reaffirms Full-Year Outlook	Business Wire	47.85	0.9261	0.0282	0.0456	0.8979	positive		NO:Trades/sec	NASDAQ
SVCO	"[""SVCO""]"	nGNX5p00G1	2026-05-04 16:05:00	Silvaco Announces Participation at Upcoming Investor Conferences	Globe Newswire	11.33	0.2033	0.0573	0.7394	0.146	positive		NO:sentiment_score,Trades/sec	NASDAQ
BLZE	"[""BLZE""]"	nBw9tPDYRa	2026-05-04 16:05:01	Backblaze Announces First Quarter 2026 Financial Results	Business Wire	56.66	0.096	0.0904	0.8136	0.0056	neutral		NO:sentiment_score,Trades/sec	NASDAQ
BARK	"[""BARK""]"	nBw6tKdwHa	2026-05-04 16:05:01	BARK Announces Appointment of James Gagne to Board of Directors	Business Wire	4.78	0.1155	0.0708	0.8138	0.0447	neutral		NO:sentiment_score,Trades/sec	NYSE
UEIC	"[""UEIC""]"	nBw4X6WrYa	2026-05-04 16:05:01	Universal Electronics Inc. to Host First Quarter 2026 Financial Results Conference Call on May 11th	Business Wire	10.23	0.0695	0.0212	0.9093	0.0483	neutral		NO:sentiment_score,Trades/sec	NASDAQ
ZURA	"[""ZURA""]"	nBw47dNyJa	2026-05-04 16:05:01	Zura Bio Reports Inducement Grants under Nasdaq Listing Rule 5635(c)(4)	Business Wire	67.51	0.1346	0.0235	0.8419	0.1111	positive		NO:sentiment_score,Trades/sec	NASDAQ
AHRT	"[""AHRT""]"	nGNX1Kh1MP	2026-05-04 16:05:02	AH Realty Trust Reports First Quarter 2026 Results	Globe Newswire	79.06	0.058	0.0582	0.8838	-0.0002	neutral		NO:sentiment_score,Trades/sec	NYSE
PXLW	"[""PXLW""]"	nPn64YgtMa	2026-05-04 16:05:02	TrueCut Motion Receives Endorsement from Vue, Elevating the Cinematic Standard	PR Newswire	5.88	0.7795	0.0103	0.2102	0.7692	positive		NO:Trades/sec	NASDAQ
DXF	"[""DXF""]"	nPn7V7XcDa	2026-05-04 16:05:02	Eason Technology Limited Filed Annual Report on Form 20-F for Fiscal Year 2025	PR Newswire	2.9013	0.0549	0.0455	0.8996	0.0094	neutral		NO:sentiment_score,Trades/sec	NYSE American
JRVR	"[""JRVR""]"	nGNX4GjQMg	2026-05-04 16:05:02	James River Announces First Quarter 2026 Results	Globe Newswire	35.76	0.1471	0.0911	0.7618	0.0559	positive		NO:sentiment_score,Trades/sec	NASDAQ
CYRX	"[""CYRX""]"	nPnc8fn90a	2026-05-04 16:05:02	Cryoport Reports First Quarter 2026 Financial Results	PR Newswire	47.54	0.0846	0.0669	0.8485	0.0177	neutral		NO:sentiment_score,Trades/sec	NASDAQ
ORIC	"[""ORIC""]"	nGNX2QKcmv	2026-05-04 16:05:02	ORIC® Pharmaceuticals Reports First Quarter 2026 Financial Results and Operational Updates	Globe Newswire	58.22	0.1063	0.052	0.8416	0.0543	positive		NO:sentiment_score,Trades/sec	NASDAQ
TDUP	"[""TDUP""]"	nGNX234SXK	2026-05-04 16:05:03	ThredUp Announces First Quarter 2026 Results	Globe Newswire	102.08	0.0501	0.0459	0.904	0.0043	neutral		NO:sentiment_score,Trades/sec	NASDAQ
NSPR	"[""NSPR""]"	nGNX5Zd22l	2026-05-04 16:05:03	InspireMD Reports First Quarter 2026 Financial Results	Globe Newswire	34.44	0.1154	0.1136	0.7711	0.0018	neutral		NO:sentiment_score,Trades/sec	NASDAQ
MASK	"[""MASK""]"	nGNX1WJm9W	2026-05-04 16:10:00	3 E Network Technology Signs 1.3M Convertible Note Agreement with Institutional Investor	Globe Newswire	0.82	0.7913	0.0145	0.1942	0.7768	positive	0.0284167794316644	YES	NASDAQ
NUVB	"[""NUVB""]"	nPn4fmy5Qa	2026-05-04 16:10:00	Nuvation Bio Reports First Quarter 2026 Financial Results and Provides Business Update	PR Newswire	244.69	0.0632	0.0232	0.9136	0.04	neutral	0.0612745098039215	NO:sentiment_score	NYSE
CWD	"[""CWD""]"	nGNX5Xv3c4	2026-05-04 16:15:00	Caliber Sets Date for First Quarter 2026 Earnings Announcement & Investor Conference Call	Globe Newswire	6.5	0.0853	0.0848	0.8299	0.0005	neutral	0.0985915492957746	NO:sentiment_score	NASDAQ
GRO	"[""GRO""]"	nGNX4RQQl4	2026-05-04 16:15:00	Brazil Potash Announces Closing of $63.3 Million Public Offering of Common Shares and Pre-Funded Warrants, Including Full Exercise of Underwriters’ Option to Purchase Additional Shares	Globe Newswire	40.11	0.2458	0.0215	0.7327	0.2243	positive	0.9545454545454546	YES	NYSE American
DHC	"[""DHC""]"	nBw6yt5LQa	2026-05-04 16:15:00	Diversified Healthcare Trust Announces First Quarter 2026 Results	Business Wire	217.54	0.0666	0.0676	0.8657	-0.001	neutral	0.0417391304347826	NO:sentiment_score	NASDAQ
RAIL	"[""RAIL""]"	nGNX7Jm4KC	2026-05-04 16:15:00	FreightCar America, Inc. Reports First Quarter 2026 Results	Globe Newswire	12.57	0.058	0.0802	0.8618	-0.0223	neutral	0.0429752066115702	NO:sentiment_score	NASDAQ
BRCC	"[""BRCC""]"	nBwQ8lx0a	2026-05-04 16:15:01	BRC Inc. Reports First Quarter 2026 Financial Results	Business Wire	104.96	0.0824	0.1223	0.7953	-0.0399	neutral	0.0322061191626409	NO:sentiment_score	NYSE
GEG	"[""GECC"", ""GEG""]"	nGNX56Frq1	2026-05-04 16:15:00	Great Elm Capital Corp. Announces First Quarter 2026 Financial Results	Globe Newswire	22.82	0.0944	0.1229	0.7827	-0.0285	neutral		NO:sentiment_score,Trades/sec	NASDAQ
GECC	"[""GECC"", ""GEG""]"	nGNX56Frq1	2026-05-04 16:15:00	Great Elm Capital Corp. Announces First Quarter 2026 Financial Results	Globe Newswire	8.07	0.0944	0.1229	0.7827	-0.0285	neutral		NO:sentiment_score,Trades/sec	NASDAQ
NMFC	"[""NMFC""]"	nBw4PWBBVa	2026-05-04 16:21:00	New Mountain Finance Corporation Announces Financial Results for the Quarter Ended March 31, 2026	Business Wire	83.98	0.0963	0.1153	0.7884	-0.019	neutral	0.0185022026431718	NO:sentiment_score	NASDAQ
AEYE	"[""AEYE""]"	nPn2XZqmha	2026-05-04 16:30:00	AudioEye Announces Leadership Evolution: David Moradi Assumes the Role of Executive Chairman and Chief Product Officer, and Kelly Georgevich Becomes Chief Executive Officer	PR Newswire	7.83	0.0501	0.0272	0.9227	0.0229	neutral	0.0479338842975206	NO:sentiment_score	NASDAQ
CVRX	"[""CVRX""]"	nGNXbfx8k9	2026-05-04 16:30:00	CVRx Announces First Patient Enrollment in BENEFIT-HF, a Landmark Heart Failure Trial Evaluating Barostim in Significantly Expanded Population	Globe Newswire	14.54	0.6812	0.0177	0.3011	0.6635	positive	0.0327868852459016	YES	NASDAQ
BKKT	"[""BKKT""]"	nGNX9tqNQb	2026-05-04 16:30:00	Bakkt Schedules Conference Call to Discuss First Quarter 2026 Results	Globe Newswire	20.7	0.1216	0.041	0.8375	0.0806	positive	0.0207468879668049	NO:sentiment_score	NYSE
MVST	"[""MVST""]"	nGNX7Q3P11	2026-05-04 16:30:00	Microvast Schedules First Quarter Earnings Call	Globe Newswire	207.1	0.1244	0.0652	0.8104	0.0592	positive	0.0167714884696016	NO:sentiment_score	NASDAQ
AGEN	"[""AGEN""]"	nBw48CGrpa	2026-05-04 16:30:00	Agenus to Provide First Quarter 2026 Financial Report and Corporate Update 	Business Wire	34.54	0.0559	0.0368	0.9073	0.0191	neutral	0.0491803278688524	NO:sentiment_score	NASDAQ
IRD	"[""IRD""]"	nGNX1V5psp	2026-05-04 16:30:00	Opus Genetics Announces FDA Acceptance of OPGx-LCA5 into Rare Disease Evidence Principles (RDEP) Program	Globe Newswire	54.82	0.287	0.0111	0.7019	0.2759	positive	0.0459016393442622	YES	NASDAQ
BRAG	"[""BRAG""]"	nBwbyLgSXa	2026-05-04 16:30:00	Bragg Gaming to Release First Quarter 2026 Results on May 14	Business Wire	20.5	0.0899	0.05	0.8601	0.0399	neutral	0.0340557275541795	NO:sentiment_score	TSX
TOP	"[""TOP""]"	nGNX8vl97M	2026-05-04 16:30:00	TOP Financial Group Limited Announces Receipt of Nasdaq Notification Regarding Minimum Bid Price Deficiency	Globe Newswire	5.18	0.2335	0.0549	0.7116	0.1786	positive		NO:sentiment_score,Trades/sec	NASDAQ
JELD	"[""JELD""]"	nPn9KH5SCa	2026-05-04 16:30:01	JELD-WEN Reports First Quarter 2026 Results and Updates Full Year Guidance	PR Newswire	84.96	0.0812	0.0294	0.8894	0.0518	positive		NO:sentiment_score,Trades/sec	NYSE
ELWT	"[""ELWT""]"	nPn386pVpa	2026-05-04 16:49:00	Rosen Law Firm Encourages Elauwit Connection, Inc. Investors to Inquire About Securities Class Action Investigation - ELWT	PR Newswire	2.24	0.1041	0.0268	0.8691	0.0773	positive	0.5882352941176471	NO:sentiment_score	NASDAQ
UWMC	"[""UWMC""]"	nBw2KtP29a	2026-05-04 16:51:00	UWMC Responds to TWO Board’s Latest Failing for TWO Stockholders	Business Wire	242.8	0.3069	0.24	0.4531	0.0669	positive	0.0076979472140762	NO:sentiment_score	NYSE
WTO	"[""WTO""]"	nGNX4lCw0x	2026-05-04 17:00:00	Univest Securities, LLC Announces Closing of $1.2 Million Registered Direct Offering for its Client UTime Limited (NASDAQ: WTO)	Globe Newswire	1.69	0.3249	0.1034	0.5717	0.2215	positive	0.0107469102632993	YES	NASDAQ
ODV	"[""ODV""]"	nGNXbmtHYX	2026-05-04 17:00:00	Osisko Development Appoints Vice President, Construction Contracting and Commercial	Globe Newswire	203.86	0.0529	0.0405	0.9066	0.0124	neutral		NO:sentiment_score,Trades/sec	
SEV	"[""SEV""]"	nGNX9MDLw	2026-05-04 17:00:00	Aptera Motors to Present at the Emerging Growth Conference on May 6, 2026	Globe Newswire	18.0	0.0936	0.0142	0.8921	0.0794	positive		NO:sentiment_score,Trades/sec	NASDAQ
UTZ	"[""UTZ""]"	nBw9GbNRza	2026-05-04 17:00:00	Utz Quality Foods, LLC Issues Voluntary Recall of Certain Limited Varieties of Zapp’s and Dirty Potato Chips	Business Wire	71.92	0.0678	0.2794	0.6528	-0.2116	negative		NO:sentiment_score,Trades/sec	NYSE
OI	"[""OI""]"	nGNX5WnfcN	2026-05-04 17:01:30	Owens-Brockway Glass Container Inc. Announces Pricing of Senior Notes Offering	Globe Newswire	149.91	0.121	0.0308	0.8482	0.0902	positive	0.0145542753183747	NO:sentiment_score	NYSE
SITC	"[""SITC""]"	nBwbkP0Kpa	2026-05-04 17:02:00	SITE Centers Announces Sale of Meadowmont Crossing	Business Wire	49.81	0.1133	0.0903	0.7964	0.023	neutral	0.0069060773480662	NO:sentiment_score	NYSE
PANL	"[""PANL""]"	nPn8GsM8La	2026-05-04 17:09:05	PANGAEA LOGISTICS SOLUTIONS ANNOUNCES FIRST QUARTER 2026 CONFERENCE CALL DATE	PR Newswire	34.9	0.056	0.0602	0.8838	-0.0042	neutral	0.0363036303630363	NO:sentiment_score	NASDAQ
JDZG	"[""JDZG""]"	nGNX519WJY	2026-05-04 17:10:00	JIADE LIMITED Announces Pricing of up to $12.0 Million Registered Direct Offering	Globe Newswire	1.32	0.4664	0.0157	0.5179	0.4507	positive	0.0146692499308054	YES	NASDAQ
MSC	"[""MSC""]"	nNFC1ybqFz	2026-05-04 17:23:39	Millennium Silver Receives Final Acceptance of Private Placement, Advances BLM Permitting and Water Infrastructure Plans; Sets Stage for 2026 Resource Expansion Drilling at Silver Peak	Newsfile Corp	191.67	0.6716	0.011	0.3174	0.6606	positive	0.0061153174140943	YES	
TLSI	"[""TLSI""]"	nBw3bhfpwa	2026-05-04 17:24:00	TriSalus Life Sciences Announces Launch of PREDICTT Clinical Trial Evaluating Pressure-Enabled Drug Delivery in Liver Tumors	Business Wire	41.51	0.4632	0.0162	0.5206	0.4469	positive	0.0344262295081967	YES	NASDAQ
NNOX	"[""NNOX""]"	nACSJM7jGa	2026-05-04 17:30:00	INVESTOR ALERT: Pomerantz Law Firm Investigates Claims On Behalf of Investors of Nano-X Imaging Ltd. - NNOX	ACCESSWIRE	69.02	0.121	0.1201	0.7589	0.0009	neutral	0.0052493438320209	NO:sentiment_score	NASDAQ
LCID	"[""LCID""]"	nACS7tVDra	2026-05-04 17:30:00	INVESTOR ALERT: Pomerantz Law Firm Investigates Claims On Behalf of Investors of Lucid Group, Inc. - LCID	ACCESSWIRE	109.91	0.1265	0.0986	0.7749	0.028	neutral	0.0267737617135207	NO:sentiment_score	NASDAQ
VERI	"[""VERI""]"	nACSPZ08Va	2026-05-04 17:45:00	INVESTOR ALERT: Pomerantz Law Firm Investigates Claims On Behalf of Investors of Veritone, Inc. - VERI	ACCESSWIRE	81.54	0.1094	0.1421	0.7484	-0.0327	neutral	0.0048239266763145	NO:sentiment_score	NASDAQ
GOSS	"[""GOSS""]"	nACSBGFv9a	2026-05-04 18:00:00	Pomerantz LLP Issues Alert Regarding Shareholder Class Action Against Gossamer Bio, Inc.  – GOSS	ACCESSWIRE	204.1	0.1794	0.1351	0.6855	0.0443	neutral	0.0051044823735843	NO:sentiment_score	NASDAQ
NUAI	"[""NUAI""]"	nACSh0tnga	2026-05-04 18:00:00	Pomerantz LLP Alerts Shareholders to Investor Suit Involving New Era Energy & Digital, Inc.  – NUAI	ACCESSWIRE	73.85	0.1486	0.1751	0.6763	-0.0265	neutral	0.0038131553860819	NO:sentiment_score	NASDAQ
GEMI	"[""GEMI""]"	nACSkb8bVa	2026-05-04 18:00:00	Class Action Filing Pursued by Pomerantz LLP Concerning Gemini Space Station, Inc.  – GEMI	ACCESSWIRE	38.2	0.1208	0.0937	0.7855	0.0271	neutral	0.010851871947911	NO:sentiment_score	NASDAQ
ALDX	"[""ALDX""]"	nACS4fJDva	2026-05-04 18:00:01	Pomerantz LLP Issues Important Reminder to Aldeyra Therapeutics, Inc.  Shareholders – ALDX	ACCESSWIRE	55.6	0.1519	0.0193	0.8288	0.1326	positive	0.0028847540747151	NO:sentiment_score	NASDAQ
FCHL	"[""FCHL""]"	nACSdzw9xa	2026-05-04 18:00:02	Pomerantz LLP Highlights Legal Filing Against Fitness Champs Holdings Ltd.  – FCHL	ACCESSWIRE	0.35	0.1424	0.2096	0.648	-0.0672	negative	0.0256410256410256	NO:sentiment_score	NASDAQ
CWH	"[""CWH""]"	nACSfHgTYa	2026-05-04 18:00:01	Pomerantz LLP Notifies Shareholders of Class Action Against Camping World Holdings, Inc.  – CWH	ACCESSWIRE	58.96	0.0715	0.1817	0.7468	-0.1102	negative		NO:sentiment_score,Trades/sec	NYSE
GO	"[""GO""]"	nACSBmnTqa	2026-05-04 18:00:01	Pomerantz LLP Updates Shareholders on Legal Action Brought Against Grocery Outlet Holding Corp.  – GO	ACCESSWIRE	90.72	0.1151	0.1242	0.7607	-0.0091	neutral		NO:sentiment_score,Trades/sec	NASDAQ
SES	"[""SES""]"	nACSq5lp0a	2026-05-04 18:00:02	Pomerantz LLP Advises of Securities Class Action Involving SES AI Corporation  – SES	ACCESSWIRE	236.25	0.1949	0.2594	0.5457	-0.0644	negative		NO:sentiment_score,Trades/sec	NYSE
POET	"[""POET""]"	nACSzdNqWa	2026-05-04 18:00:02	Pomerantz LLP Advises Shareholders of Class Action Involving POET Technologies Inc.  – POET	ACCESSWIRE	90.52	0.1607	0.1336	0.7057	0.0271	neutral		NO:sentiment_score,Trades/sec	NASDAQ
UHG	"[""UHG""]"	nACSwZ9vPa	2026-05-04 18:00:02	Pomerantz LLP Highlights Class Action Filing Against United Homes Group, Inc.  – UHG	ACCESSWIRE	11.21	0.1704	0.2642	0.5653	-0.0938	negative		NO:sentiment_score,Trades/sec	NASDAQ
ATRA	"[""ATRA""]"	nACS4n8Wva	2026-05-04 18:00:04	Class Action Initiated by Pomerantz LLP Against Atara Biotherapeutics, Inc.  – ATRA	ACCESSWIRE	4.86	0.1646	0.09	0.7454	0.0746	positive		NO:sentiment_score,Trades/sec	NASDAQ
YRD	"[""YRD""]"	nACS8Kr3Ha	2026-05-04 18:00:04	INVESTOR ALERT: Pomerantz Law Firm Investigates Claims On Behalf of Investors of Yiren Digital Ltd. - YRD	ACCESSWIRE	29.3007	0.1239	0.1018	0.7743	0.0221	neutral		NO:sentiment_score,Trades/sec	NYSE
ERAS	"[""ERAS""]"	nGNXVjFG9	2026-05-04 18:02:11	Erasca, Inc. Investors Should Contact Block & Leviton LLP to Learn More About Securities Fraud Investigation	Globe Newswire	186.79	0.0935	0.0265	0.88	0.067	positive	0.0045009784735812	NO:sentiment_score	NASDAQ
SNFCA	"[""SNFCA""]"	nGNXb4FwGB	2026-05-04 18:03:35	Security National Financial Corporation Announces 2026 Q1 Earnings Call	Globe Newswire	16.96	0.156	0.0902	0.7538	0.0658	positive	0.0857142857142857	NO:sentiment_score	NASDAQ
PEPG	"[""PEPG""]"	nACScvQH9a	2026-05-04 18:15:00	INVESTOR ALERT: Pomerantz Law Firm Investigates Claims On Behalf of Investors of PepGen Inc. - PEPG	ACCESSWIRE	60.93	0.063	0.0566	0.8804	0.0064	neutral	0.003637623419366	NO:sentiment_score	NASDAQ
AIRO	"[""AIRO""]"	nACSz0Knha	2026-05-04 18:15:00	INVESTOR ALERT: Pomerantz Law Firm Investigates Claims On Behalf of Investors of AIRO Group Holdings, Inc. - AIRO	ACCESSWIRE	20.02	0.0947	0.139	0.7663	-0.0442	neutral	0.003501400560224	NO:sentiment_score	NASDAQ
CMPX	"[""CMPX""]"	nACS0ZX8pa	2026-05-04 18:15:00	INVESTOR ALERT: Pomerantz Law Firm Investigates Claims On Behalf of Investors of Compass Therapeutics, Inc. - CMPX	ACCESSWIRE	120.66	0.1526	0.118	0.7294	0.0346	neutral	0.0153491941673062	NO:sentiment_score	NASDAQ
BTGO	"[""BTGO""]"	nACSYdq1ha	2026-05-04 18:30:00	INVESTOR ALERT: Pomerantz Law Firm Investigates Claims On Behalf of Investors of BitGo Holdings, Inc. - BTGO	ACCESSWIRE	65.1	0.1231	0.1009	0.7761	0.0222	neutral	0.0049281314168377	NO:sentiment_score	NYSE
DERM	"[""DERM""]"	nACSzjg6qa	2026-05-04 19:00:00	INVESTOR ALERT: Pomerantz Law Firm Investigates Claims On Behalf of Investors of Journey Medical Corporation - DERM	ACCESSWIRE	13.52	0.0979	0.0961	0.806	0.0017	neutral	0.0424143556280587	NO:sentiment_score	NASDAQ
REPL	"[""REPL""]"	nACSX56Fla	2026-05-04 19:15:00	INVESTOR ALERT: Pomerantz Law Firm Investigates Claims On Behalf of Investors of Replimune Group, Inc. - REPL	ACCESSWIRE	76.12	0.1092	0.1126	0.7782	-0.0035	neutral	0.0048355899419729	NO:sentiment_score	NASDAQ
PHR	"[""PHR""]"	nACS7RCPCa	2026-05-04 19:15:00	INVESTOR ALERT: Pomerantz Law Firm Investigates Claims On Behalf of Investors of Phreesia, Inc. - PHR	ACCESSWIRE	46.13	0.1215	0.0652	0.8133	0.0562	positive	0.0030922142462727	NO:sentiment_score	NYSE
NUAI	"[""NUAI""]"	nGNXbd74jl	2026-05-04 19:26:00	ROSEN, TRUSTED INVESTOR COUNSEL, Encourages New Era Energy & Digital, Inc. Investors to Secure Counsel Before Important Deadline in Securities Class Action – NUAI	Globe Newswire	73.85	0.3396	0.0336	0.6268	0.3059	positive	0.0042408821034775	YES	NASDAQ
ORIC	"[""ORIC""]"	nACS4VDtqa	2026-05-04 19:30:00	INVESTOR ALERT: Pomerantz Law Firm Investigates Claims On Behalf of Investors of ORIC Pharmaceuticals, Inc. - ORIC	ACCESSWIRE	58.22	0.102	0.0937	0.8042	0.0083	neutral	0.0016619577862722	NO:sentiment_score	NASDAQ
BYRN	"[""BYRN""]"	nACSdpXRMa	2026-05-04 19:45:00	INVESTOR ALERT: Pomerantz Law Firm Investigates Claims On Behalf of Investors of Byrna Technologies Inc. - BYRN	ACCESSWIRE	17.76	0.0992	0.0909	0.8099	0.0083	neutral	0.0063559322033898	NO:sentiment_score	NASDAQ
FIP	"[""FIP""]"	nGNX6pTJ7q	2026-05-04 19:52:16	Long Ridge Energy LLC Announces Timing of Fourth Quarter 2025 Earnings Conference Call	Globe Newswire	108.37	0.0973	0.0627	0.84	0.0346	neutral	0.0017977851287214	NO:sentiment_score	NASDAQ
III	"[""III""]"	nBw6yBPwKa	2026-05-04 20:00:00	ISG Australia is Recognized by Great Place To Work Institute	Business Wire	33.28	0.5263	0.0169	0.4568	0.5095	positive	0.0015543638765835	YES	NASDAQ
ATRA	"[""ATRA""]"	nNFC7Q5W0b	2026-05-04 20:05:18	ROSEN, A RANKED AND LEADING LAW FIRM, Encourages Atara Biotherapeutics, Inc. Investors to Secure Counsel Before Important Deadline in Securities Class Action - ATRA	Newsfile Corp	4.86	0.3013	0.036	0.6626	0.2653	positive	0.0021542438604049	YES	NASDAQ
ABSI	"[""ABSI""]"	nGNX16n5mw	2026-05-04 20:11:41	Absci Announces Inducement Grant Under Nasdaq Listing Rule 5635(c)(4)	Globe Newswire	132.27	0.1426	0.0313	0.8262	0.1113	positive	0.0239808153477218	NO:sentiment_score	NASDAQ
PBM	"[""PBM""]"	nNFC3GyYgN	2026-05-04 20:43:31	Pacific Bay Adopts Semi-Annual Reporting	Newsfile Corp	0.25	0.0507	0.0258	0.9235	0.0248	neutral	0.0167865707434052	NO:sentiment_score	
BEEP	"[""BEEP""]"	nNFC3ggz90	2026-05-04 21:01:40	Geiger Energy Files Final Short Form Prospectus in Connection with Equity Offerings for Gross Proceeds of up to C$7 Million	Newsfile Corp	36.56	0.0877	0.0172	0.8951	0.0705	positive	0.003754266211604	NO:sentiment_score	
ALDX	"[""ALDX""]"	nGNX24sWKh	2026-05-04 21:02:47	ALDX Investor Alert: Aldeyra Therapeutics Securities Fraud Lawsuit - Investors With Losses May Seek to Lead the Class Action After FDA Issued A CRL Indicating Insufficient Efficacy: Levi & Korsinsky	Globe Newswire	55.6	0.0863	0.245	0.6687	-0.1587	negative	0.002623294858342	NO:sentiment_score	NASDAQ
YOOV	"[""YOOV""]"	nGNX14xJfD	2026-05-04 21:17:26	ROSEN, A LONGSTANDING LAW FIRM, Encourages Concorde International Group Ltd. Investors to Secure Counsel Before Important Deadline in Securities Class Action - YOOV	Globe Newswire	5.91	0.1484	0.0316	0.82	0.1168	positive	0.0017463617463617	NO:sentiment_score	NASDAQ
CHOW	"[""CHOW""]"	nPn482d4Fa	2026-05-04 21:18:00	CHOW UPCOMING DEADLINE: Faruqi & Faruqi, LLP Reminds ChowChow Cloud (CHOW) Investors of Securities Class Action Deadline on May 12, 2026	PR Newswire	10.64	0.0978	0.1014	0.8008	-0.0035	neutral	0.0018162005085361	NO:sentiment_score	NYSE American
GEMI	"[""GEMI""]"	nACSkbyP4a	2026-05-04 21:20:00	Gemini Space Station, Inc. Notice of May 18, 2026 Application Deadline for Class Action Lawsuit - Contact Lewis Kahn, Esq. at Kahn Swick & Foti, LLC, Before Application Deadline	ACCESSWIRE	38.2	0.1291	0.0865	0.7844	0.0426	neutral	0.0039904229848363	NO:sentiment_score	NASDAQ
GOSS	"[""GOSS""]"	nNFCbfZWLB	2026-05-04 21:30:18	ROSEN, TRUSTED INVESTOR COUNSEL, Encourages Gossamer Bio, Inc. Investors to Secure Counsel Before Important Deadline in Securities Class Action - GOSS	Newsfile Corp	204.1	0.168	0.0659	0.7661	0.1021	positive	0.0016088255573431	NO:sentiment_score	NASDAQ
UHG	"[""UHG""]"	nGNX7L7w1N	2026-05-04 21:36:08	UHG Investor Alert: United Homes Group Securities Fraud Lawsuit - Investors With Losses May Seek to Lead the Class Action After Company Allegedly Broke Maximize-Value Promise: Levi & Korsinsky	Globe Newswire	11.21	0.1118	0.2876	0.6005	-0.1758	negative	9.30782369120364e-05	NO:sentiment_score	NASDAQ
SES	"[""SES""]"	nACSPLwNXa	2026-05-04 21:40:00	SES AI Corporation Securities Fraud Class Action Result of Weak Revenue Guidance and 37% Stock Decline - Investors may Contact Lewis Kahn, Esq, at Kahn Swick & Foti, LLC	ACCESSWIRE	236.25	0.0522	0.7216	0.2262	-0.6694	negative	0.0517482517482517	NO:sentiment_score	NYSE
POET	"[""POET""]"	nACSkpBX4a	2026-05-04 21:50:00	ROSEN, A LEADING INVESTOR RIGHTS LAW FIRM, Encourages POET Technologies Inc. Investors to Secure Counsel Before Important Deadline in Securities Class Action First Filed by The Firm - POET 	ACCESSWIRE	90.52	0.2513	0.0432	0.7054	0.2081	positive	0.099502487562189	YES	NASDAQ
NNOX	"[""NNOX""]"	nGNX8wbk9t	2026-05-04 22:02:07	Wolf Haldenstein Adler Freeman & Herz LLP is investigating potential securities fraud claims on behalf of the shareholders Nano-X Imaging Ltd. (NASDAQ: NNOX)	Globe Newswire	69.02	0.1618	0.1359	0.7024	0.0259	neutral	0.0037586919751926	NO:sentiment_score	NASDAQ
CWH	"[""CWH""]"	nGNX2YCYb9	2026-05-04 22:21:23	CWH Investor Alert: Camping World Holdings, Inc. Securities Fraud Lawsuit - Investors With Losses May Seek to Lead the Class Action After Executives Allegedly Concealed Deteriorating Fundamentals: Levi & Korsinsky	Globe Newswire	58.96	0.1329	0.4274	0.4397	-0.2945	negative	0.0014956625785222	NO:sentiment_score	NYSE
GO	"[""GO""]"	nGNX582mP3	2026-05-04 22:43:17	GO Investor Alert: Grocery Outlet Holding Corp. Securities Fraud Lawsuit - Investors With Losses May Seek to Lead the Class Action After Allegedly Hiding Deteriorating Metrics Timeline: Levi & Korsinsky	Globe Newswire	90.72	0.0674	0.1933	0.7393	-0.126	negative	0.0015523129462899	NO:sentiment_score	NASDAQ
